<?xml version="1.0" encoding="UTF-8"?>
<CustomerData>
  <GeneralInfo>
    <CSCEdition>ED0010</CSCEdition>
    <Country>UAE</Country>
    <CountryISO>AE</CountryISO>
    <Region>MEA</Region>
    <SalesCode>XSG</SalesCode>
    <NbNetworkInfo>12</NbNetworkInfo>
    <NetworkInfo>
      <MCCMNC>42402</MCCMNC>
      <NetworkName>ETISALAT</NetworkName>
      <NWID>NW00485</NWID>
    </NetworkInfo>
    <NetworkInfo>
      <MCCMNC>42403</MCCMNC>
      <NetworkName>du</NetworkName>
      <NWID>NW00446</NWID>
    </NetworkInfo>
    <NetworkInfo>
      <MCCMNC>41904</MCCMNC>
      <NetworkName>VIVA</NetworkName>
      <NWID>NW01463</NWID>
    </NetworkInfo>
    <NetworkInfo>
      <MCCMNC>41903</MCCMNC>
      <NetworkName>Ooredoo KW</NetworkName>
      <NWID>NW00908</NWID>
    </NetworkInfo>
    <NetworkInfo>
      <MCCMNC>41902</MCCMNC>
      <NetworkName>ZAIN KW</NetworkName>
      <NWID>NW01576</NWID>
    </NetworkInfo>
    <NetworkInfo>
      <MCCMNC>42202</MCCMNC>
      <NetworkName>OMAN MOBILE</NetworkName>
      <NWID>NW00902</NWID>
    </NetworkInfo>
    <NetworkInfo>
      <MCCMNC>42203</MCCMNC>
      <NetworkName>nawras</NetworkName>
      <NWID>NW00850</NWID>
    </NetworkInfo>
    <NetworkInfo>
      <MCCMNC>42602</MCCMNC>
      <NetworkName>ZAIN BH</NetworkName>
      <NWID>NW01572</NWID>
    </NetworkInfo>
    <NetworkInfo>
      <MCCMNC>42601</MCCMNC>
      <NetworkName>BATELCO</NetworkName>
      <NWID>NW00202</NWID>
    </NetworkInfo>
    <NetworkInfo>
      <MCCMNC>42604</MCCMNC>
      <NetworkName>VIVA BH</NetworkName>
      <NWID>NW01445</NWID>
    </NetworkInfo>
    <NetworkInfo>
      <MCCMNC>42701</MCCMNC>
      <NetworkName>Ooredoo Qatar</NetworkName>
      <NWID>NW00910</NWID>
    </NetworkInfo>
    <NetworkInfo>
      <MCCMNC>42702</MCCMNC>
      <NetworkName>Vodafone Qatar</NetworkName>
      <NWID>NW01506</NWID>
    </NetworkInfo>
  </GeneralInfo>
  <Settings>
    <Main>
      <Security>
        <OneSIMLock>none</OneSIMLock>
      </Security>
      <Network>
        <NbWbAmr>1</NbWbAmr>
        <WbAmr>
          <NetworkName>default</NetworkName>
          <WbAmrCodec>on</WbAmrCodec>
        </WbAmr>
        <AutoProfile>on</AutoProfile>
        <AutoVoicemail>off</AutoVoicemail>
        <AutoEmailAccount>off</AutoEmailAccount>
        <AutoBookmark>off</AutoBookmark>
        <AutoLink>off</AutoLink>
        <AutoSyncML>off</AutoSyncML>
        <AutoFastDormancy>off</AutoFastDormancy>
        <AutoWbAmr>off</AutoWbAmr>
        <AutoFOTA>off</AutoFOTA>
      </Network>
      <Phone>
        <DefLanguage>en_GB</DefLanguage>
        <DefLanguageNoSIM>en_GB</DefLanguageNoSIM>
        <T9Language>english</T9Language>
        <DateTimeFormat>
          <DateFormat>ddmmyyyy</DateFormat>
        </DateTimeFormat>
      </Phone>
      <CountryCert>
        <CertDisplayStatys>on</CertDisplayStatys>
        <CertCountryName>United Arab Emirates</CertCountryName>
        <NbDetailDesc>2</NbDetailDesc>
        <DetailDesc>
          <CertTag>TRA ID</CertTag>
          <CertValue>0016333/08</CertValue>
        </DetailDesc>
        <DetailDesc>
          <CertTag>TA</CertTag>
          <CertValue>00000000/00</CertValue>
        </DetailDesc>
      </CountryCert>
    </Main>
    <Calendar>
      <StartDay>sunday</StartDay>
    </Calendar>
    <Messages>
      <SMS>
        <CharSupport>automatic</CharSupport>
      </SMS>
      <MMS>
        <MmsSending>
          <ReqDeliveryRep>off</ReqDeliveryRep>
          <ReqReadRep>off</ReqReadRep>
          <MessageSize>300</MessageSize>
          <CreationMode>free</CreationMode>
        </MmsSending>
        <MmsReceiving>
          <Home>auto</Home>
          <Roaming>restricted</Roaming>
        </MmsReceiving>
      </MMS>
    </Messages>
    <Browser>
      <NbBookmark>2</NbBookmark>
      <Bookmark>
        <NetworkName>default</NetworkName>
        <Editable>no</Editable>
        <Index>1</Index>
        <BookmarkName>Samsung Apps Web</BookmarkName>
        <URL>http://www.samsungapps.com</URL>
      </Bookmark>
      <Bookmark>
        <NetworkName>default</NetworkName>
        <Index>2</Index>
        <BookmarkName>Google</BookmarkName>
        <URL>http://www.google.com/m?client={CID}&amp;source=android-home</URL>
      </Bookmark>
      <eManual>
        <URL>http://www.samsung.com/m-manual/common</URL>
      </eManual>
    </Browser>
    <Connections>
      <NbProfileHandle>12</NbProfileHandle>
      <ProfileHandle>
        <NbNetProfile>4</NbNetProfile>
        <NetworkName>ETISALAT</NetworkName>
        <ProfBrowser>DATA Package</ProfBrowser>
        <ProfMMS>Etisalat MMS</ProfMMS>
        <ProfIMS>IMS</ProfIMS>
        <ProfXCAP>XCAP</ProfXCAP>
      </ProfileHandle>
      <ProfileHandle>
        <NbNetProfile>2</NbNetProfile>
        <NetworkName>du</NetworkName>
        <ProfBrowser>du</ProfBrowser>
        <ProfMMS>du MMS</ProfMMS>
      </ProfileHandle>
      <ProfileHandle>
        <NbNetProfile>3</NbNetProfile>
        <NetworkName>VIVA</NetworkName>
        <ProfBrowser>VIVA Internet</ProfBrowser>
        <ProfMMS>VIVA  MMS</ProfMMS>
        <ProfIMS>IMS</ProfIMS>
      </ProfileHandle>
      <ProfileHandle>
        <NbNetProfile>4</NbNetProfile>
        <NetworkName>ZAIN KW</NetworkName>
        <ProfBrowser>ZAIN MI</ProfBrowser>
        <ProfMMS>ZAIN MMS</ProfMMS>
        <ProfIMS>IMS</ProfIMS>
        <ProfXCAP>XCAP</ProfXCAP>
      </ProfileHandle>
      <ProfileHandle>
        <NbNetProfile>3</NbNetProfile>
        <NetworkName>Ooredoo KW</NetworkName>
        <ProfBrowser>Ooredoo Internet</ProfBrowser>
        <ProfMMS>Ooredoo MMS</ProfMMS>
        <ProfIMS>IMS</ProfIMS>
        <ProfXCAP>Ooredoo Internet</ProfXCAP>
      </ProfileHandle>
      <ProfileHandle>
        <NbNetProfile>2</NbNetProfile>
        <NetworkName>Vodafone Qatar</NetworkName>
        <ProfBrowser>VFQ Mobile Internet</ProfBrowser>
        <ProfMMS>VFQ MMS</ProfMMS>
      </ProfileHandle>
      <ProfileHandle>
        <NbNetProfile>4</NbNetProfile>
        <NetworkName>Ooredoo Qatar</NetworkName>
        <ProfBrowser>Ooredoo Internet</ProfBrowser>
        <ProfMMS>Ooredoo MMS</ProfMMS>
        <ProfIMS>IMS</ProfIMS>
        <ProfXCAP>data</ProfXCAP>
      </ProfileHandle>
      <ProfileHandle>
        <NbNetProfile>2</NbNetProfile>
        <NetworkName>OMAN MOBILE</NetworkName>
        <ProfBrowser>Oman Mobile Internet</ProfBrowser>
        <ProfMMS>Oman Mobile MMS</ProfMMS>
      </ProfileHandle>
      <ProfileHandle>
        <NbNetProfile>2</NbNetProfile>
        <NetworkName>nawras</NetworkName>
        <ProfBrowser>Nawras GPRS</ProfBrowser>
        <ProfMMS>Nawras MMS</ProfMMS>
      </ProfileHandle>
      <ProfileHandle>
        <NbNetProfile>4</NbNetProfile>
        <NetworkName>ZAIN BH</NetworkName>
        <ProfBrowser>Zain Internet</ProfBrowser>
        <ProfMMS>Zain MMS</ProfMMS>
        <ProfIMS>IMS</ProfIMS>
        <ProfXCAP>XCAP</ProfXCAP>
      </ProfileHandle>
      <ProfileHandle>
        <NbNetProfile>2</NbNetProfile>
        <NetworkName>BATELCO</NetworkName>
        <ProfBrowser>Internet</ProfBrowser>
        <ProfMMS>BAT MMS</ProfMMS>
      </ProfileHandle>
      <ProfileHandle>
        <NbNetProfile>3</NbNetProfile>
        <NetworkName>VIVA BH</NetworkName>
        <ProfBrowser>VIVAGPRS</ProfBrowser>
        <ProfMMS>VIVAMMS</ProfMMS>
        <ProfIMS>IMS</ProfIMS>
      </ProfileHandle>
      <NbProfile>35</NbProfile>
      <Profile>
        <NetworkName>ETISALAT</NetworkName>
        <IpVersion>ipv4v6</IpVersion>
        <Editable>yes</Editable>
        <ProfileName>Etisalat MMS</ProfileName>
        <URL>http://mms/servlets/mms</URL>
        <Auth>normal</Auth>
        <Bearer>ps</Bearer>
        <Protocol>http</Protocol>
        <Proxy>
          <EnableFlag>on</EnableFlag>
          <ServAddr>10.12.0.32</ServAddr>
          <Port>8080</Port>
        </Proxy>
        <PSparam>
          <APN>etisalat.ae</APN>
        </PSparam>
      </Profile>
      <Profile>
        <NetworkName>ETISALAT</NetworkName>
        <IpVersion>ipv4v6</IpVersion>
        <Editable>yes</Editable>
        <ProfileName>DATA Package</ProfileName>
        <Auth>normal</Auth>
        <Bearer>ps</Bearer>
        <Protocol>http</Protocol>
        <PSparam>
          <APN>etisalat.ae</APN>
        </PSparam>
      </Profile>
      <Profile>
        <NetworkName>ETISALAT</NetworkName>
        <IpVersion>ipv4v6</IpVersion>
        <Editable>yes</Editable>
        <ProfileName>IMS</ProfileName>
        <Auth>none</Auth>
        <Protocol>http</Protocol>
        <PSparam>
          <APN>ims</APN>
        </PSparam>
      </Profile>
      <Profile>
        <NetworkName>ETISALAT</NetworkName>
        <IpVersion>ipv4v6</IpVersion>
        <Editable>yes</Editable>
        <ProfileName>XCAP</ProfileName>
        <Auth>none</Auth>
        <Protocol>http</Protocol>
        <PSparam>
          <APN>ut</APN>
        </PSparam>
      </Profile>
      <Profile>
        <NetworkName>du</NetworkName>
        <Editable>yes</Editable>
        <ProfileName>du MMS</ProfileName>
        <URL>http://mms.du.ae:8002</URL>
        <Auth>normal</Auth>
        <Bearer>ps</Bearer>
        <Protocol>http</Protocol>
        <Proxy>
          <EnableFlag>on</EnableFlag>
          <ServAddr>10.164.208.4</ServAddr>
          <Port>8002</Port>
        </Proxy>
        <PSparam>
          <APN>du</APN>
        </PSparam>
      </Profile>
      <Profile>
        <NetworkName>du</NetworkName>
        <Editable>yes</Editable>
        <ProfileName>du</ProfileName>
        <Auth>normal</Auth>
        <Bearer>ps</Bearer>
        <Protocol>http</Protocol>
        <PSparam>
          <APN>du</APN>
        </PSparam>
      </Profile>
      <Profile>
        <NetworkName>VIVA</NetworkName>
        <Editable>yes</Editable>
        <ProfileName>VIVA Internet</ProfileName>
        <Auth>normal</Auth>
        <Bearer>ps</Bearer>
        <Protocol>other</Protocol>
        <PSparam>
          <APN>VIVA</APN>
        </PSparam>
      </Profile>
      <Profile>
        <NetworkName>VIVA</NetworkName>
        <Editable>yes</Editable>
        <ProfileName>VIVA  MMS</ProfileName>
        <URL>http://172.16.128.80:38090/was</URL>
        <Auth>normal</Auth>
        <Bearer>ps</Bearer>
        <Protocol>http</Protocol>
        <Proxy>
          <EnableFlag>on</EnableFlag>
          <ServAddr>172.16.128.228</ServAddr>
          <Port>8080</Port>
        </Proxy>
        <PSparam>
          <APN>VIVA</APN>
        </PSparam>
      </Profile>
      <Profile>
        <NetworkName>ZAIN KW</NetworkName>
        <Editable>yes</Editable>
        <ProfileName>ZAIN MI</ProfileName>
        <Auth>normal</Auth>
        <Bearer>ps</Bearer>
        <Protocol>other</Protocol>
        <PSparam>
          <APN>pps</APN>
          <UserId>pps</UserId>
          <Password>pps</Password>
        </PSparam>
      </Profile>
      <Profile>
        <NetworkName>ZAIN KW</NetworkName>
        <Editable>yes</Editable>
        <ProfileName>ZAIN MMS</ProfileName>
        <URL>http://mms.zain</URL>
        <Auth>normal</Auth>
        <Bearer>ps</Bearer>
        <Protocol>http</Protocol>
        <Proxy>
          <EnableFlag>on</EnableFlag>
          <ServAddr>176.0.0.65</ServAddr>
          <Port>8080</Port>
        </Proxy>
        <PSparam>
          <APN>pps</APN>
          <UserId>pps</UserId>
          <Password>pps</Password>
        </PSparam>
      </Profile>
      <Profile>
        <NetworkName>Ooredoo KW</NetworkName>
        <Editable>yes</Editable>
        <ProfileName>Ooredoo MMS</ProfileName>
        <URL>http://action.ooredoo.com</URL>
        <Auth>normal</Auth>
        <Bearer>ps</Bearer>
        <Protocol>http</Protocol>
        <Proxy>
          <EnableFlag>on</EnableFlag>
          <ServAddr>194.126.53.64</ServAddr>
          <Port>8080</Port>
        </Proxy>
        <PSparam>
          <APN>mms.ooredoo.com</APN>
        </PSparam>
      </Profile>
      <Profile>
        <NetworkName>Ooredoo KW</NetworkName>
        <Editable>yes</Editable>
        <ProfileName>Ooredoo Internet</ProfileName>
        <Auth>normal</Auth>
        <Bearer>ps</Bearer>
        <Protocol>http</Protocol>
        <PSparam>
          <APN>action.ooredoo.com</APN>
        </PSparam>
      </Profile>
      <Profile>
        <NetworkName>Ooredoo Qatar</NetworkName>
        <Editable>yes</Editable>
        <ProfileName>Ooredoo Internet</ProfileName>
        <Auth>normal</Auth>
        <Bearer>ps</Bearer>
        <Protocol>other</Protocol>
        <PSparam>
          <APN>data</APN>
        </PSparam>
      </Profile>
      <Profile>
        <NetworkName>Ooredoo Qatar</NetworkName>
        <Editable>yes</Editable>
        <ProfileName>Ooredoo MMS</ProfileName>
        <URL>http://mmsr.ooredoomms.qa</URL>
        <Auth>normal</Auth>
        <Bearer>ps</Bearer>
        <Protocol>other</Protocol>
        <Proxy>
          <EnableFlag>on</EnableFlag>
          <ServAddr>10.23.8.3</ServAddr>
          <Port>8080</Port>
        </Proxy>
        <PSparam>
          <APN>data</APN>
        </PSparam>
      </Profile>
      <Profile>
        <NetworkName>Vodafone Qatar</NetworkName>
        <Editable>yes</Editable>
        <ProfileName>VFQ Mobile Internet</ProfileName>
        <Auth>normal</Auth>
        <Bearer>ps</Bearer>
        <Protocol>other</Protocol>
        <Proxy>
          <EnableFlag>off</EnableFlag>
        </Proxy>
        <PSparam>
          <APN>web.vodafone.com.qa</APN>
        </PSparam>
      </Profile>
      <Profile>
        <NetworkName>Vodafone Qatar</NetworkName>
        <Editable>yes</Editable>
        <ProfileName>VFQ MMS</ProfileName>
        <URL>http://mms.vodafone.com.qa/mmsc</URL>
        <Auth>normal</Auth>
        <Bearer>ps</Bearer>
        <Protocol>other</Protocol>
        <Proxy>
          <EnableFlag>on</EnableFlag>
          <ServAddr>10.101.97.102</ServAddr>
          <Port>80</Port>
        </Proxy>
        <PSparam>
          <APN>vodafone.com.qa</APN>
        </PSparam>
      </Profile>
      <Profile>
        <NetworkName>OMAN MOBILE</NetworkName>
        <Editable>yes</Editable>
        <ProfileName>Oman Mobile MMS</ProfileName>
        <URL>http://mmsc.omanmobile.om:10021/mmsc</URL>
        <Auth>normal</Auth>
        <Bearer>ps</Bearer>
        <Protocol>http</Protocol>
        <Proxy>
          <EnableFlag>on</EnableFlag>
          <ServAddr>192.168.203.35</ServAddr>
          <Port>8080</Port>
        </Proxy>
        <PSparam>
          <APN>MMS</APN>
          <UserId>MMS</UserId>
          <Password>MMS</Password>
        </PSparam>
      </Profile>
      <Profile>
        <NetworkName>OMAN MOBILE</NetworkName>
        <Editable>yes</Editable>
        <ProfileName>Oman Mobile Internet</ProfileName>
        <Auth>normal</Auth>
        <Bearer>ps</Bearer>
        <Protocol>http</Protocol>
        <PSparam>
          <APN>taif</APN>
          <UserId>taif</UserId>
          <Password>taif</Password>
        </PSparam>
      </Profile>
      <Profile>
        <NetworkName>nawras</NetworkName>
        <Editable>yes</Editable>
        <ProfileName>Nawras MMS</ProfileName>
        <URL>http://10.128.240.16/servlets/mms</URL>
        <Auth>normal</Auth>
        <Bearer>ps</Bearer>
        <Protocol>http</Protocol>
        <Proxy>
          <EnableFlag>off</EnableFlag>
        </Proxy>
        <PSparam>
          <APN>Nawras</APN>
        </PSparam>
      </Profile>
      <Profile>
        <NetworkName>nawras</NetworkName>
        <Editable>yes</Editable>
        <ProfileName>Nawras GPRS</ProfileName>
        <Auth>normal</Auth>
        <Bearer>ps</Bearer>
        <Protocol>http</Protocol>
        <PSparam>
          <APN>Nawras</APN>
        </PSparam>
      </Profile>
      <Profile>
        <NetworkName>ZAIN BH</NetworkName>
        <Editable>yes</Editable>
        <ProfileName>Zain MMS</ProfileName>
        <URL>http://172.18.83.129</URL>
        <Auth>normal</Auth>
        <Bearer>ps</Bearer>
        <Protocol>http</Protocol>
        <Proxy>
          <EnableFlag>on</EnableFlag>
          <ServAddr>172.18.85.34</ServAddr>
          <Port>80</Port>
        </Proxy>
        <PSparam>
          <APN>mms</APN>
          <UserId>mms</UserId>
          <Password>mms</Password>
        </PSparam>
      </Profile>
      <Profile>
        <NetworkName>ZAIN BH</NetworkName>
        <Editable>yes</Editable>
        <ProfileName>Zain Internet</ProfileName>
        <Auth>normal</Auth>
        <Bearer>ps</Bearer>
        <Protocol>http</Protocol>
        <PSparam>
          <APN>internet</APN>
          <UserId>internet</UserId>
          <Password>internet</Password>
        </PSparam>
      </Profile>
      <Profile>
        <NetworkName>BATELCO</NetworkName>
        <Editable>yes</Editable>
        <ProfileName>BAT MMS</ProfileName>
        <URL>http://192.168.36.10/servlets/mms</URL>
        <Auth>normal</Auth>
        <Bearer>ps</Bearer>
        <Protocol>http</Protocol>
        <Proxy>
          <EnableFlag>on</EnableFlag>
          <ServAddr>192.168.1.2</ServAddr>
          <Port>80</Port>
        </Proxy>
        <PSparam>
          <APN>mms.batelco.com</APN>
        </PSparam>
      </Profile>
      <Profile>
        <NetworkName>BATELCO</NetworkName>
        <Editable>yes</Editable>
        <ProfileName>Internet</ProfileName>
        <Auth>normal</Auth>
        <Bearer>ps</Bearer>
        <Protocol>http</Protocol>
        <PSparam>
          <APN>Batelco.com</APN>
        </PSparam>
      </Profile>
      <Profile>
        <NetworkName>VIVA BH</NetworkName>
        <Editable>yes</Editable>
        <ProfileName>VIVAMMS</ProfileName>
        <URL>http://mms.viva.com.bh:38090</URL>
        <Auth>normal</Auth>
        <Bearer>ps</Bearer>
        <Protocol>http</Protocol>
        <Proxy>
          <EnableFlag>on</EnableFlag>
          <ServAddr>172.18.142.36</ServAddr>
          <Port>8080</Port>
        </Proxy>
        <PSparam>
          <APN>vivawap.bh</APN>
        </PSparam>
      </Profile>
      <Profile>
        <NetworkName>VIVA BH</NetworkName>
        <Editable>yes</Editable>
        <ProfileName>VIVAGPRS</ProfileName>
        <Auth>normal</Auth>
        <Bearer>ps</Bearer>
        <Protocol>http</Protocol>
        <PSparam>
          <APN>viva.bh</APN>
        </PSparam>
      </Profile>
      <Profile>
        <NetworkName>ZAIN KW</NetworkName>
        <Editable>yes</Editable>
        <ProfileName>IMS</ProfileName>
        <Auth>none</Auth>
        <Bearer>ps</Bearer>
        <Protocol>http</Protocol>
        <PSparam>
          <APN>ims</APN>
        </PSparam>
      </Profile>
      <Profile>
        <NetworkName>ZAIN KW</NetworkName>
        <Editable>yes</Editable>
        <ProfileName>XCAP</ProfileName>
        <Auth>none</Auth>
        <Protocol>http</Protocol>
        <PSparam>
          <APN>xcap</APN>
        </PSparam>
      </Profile>
      <Profile>
        <NetworkName>Ooredoo KW</NetworkName>
        <Editable>yes</Editable>
        <ProfileName>IMS</ProfileName>
        <Auth>none</Auth>
        <Protocol>http</Protocol>
        <PSparam>
          <APN>ims</APN>
        </PSparam>
      </Profile>
      <Profile>
        <NetworkName>VIVA</NetworkName>
        <Editable>yes</Editable>
        <ProfileName>IMS</ProfileName>
        <Auth>none</Auth>
        <Protocol>http</Protocol>
        <PSparam>
          <APN>ims</APN>
        </PSparam>
      </Profile>
      <Profile>
        <NetworkName>VIVA BH</NetworkName>
        <IpVersion>ipv4v6</IpVersion>
        <Editable>no</Editable>
        <ProfileName>IMS</ProfileName>
        <PSparam>
          <APN>ims</APN>
        </PSparam>
      </Profile>
      <Profile>
        <NetworkName>ZAIN BH</NetworkName>
        <IpVersion>ipv4</IpVersion>
        <Editable>no</Editable>
        <ProfileName>IMS</ProfileName>
        <Auth>normal</Auth>
        <Protocol>http</Protocol>
        <MTUSize>1480</MTUSize>
        <PSparam>
          <APN>ims</APN>
        </PSparam>
      </Profile>
      <Profile>
        <NetworkName>ZAIN BH</NetworkName>
        <Editable>no</Editable>
        <ProfileName>XCAP</ProfileName>
        <Auth>normal</Auth>
        <Protocol>http</Protocol>
        <MTUSize>1480</MTUSize>
        <PSparam>
          <APN>hos</APN>
        </PSparam>
      </Profile>
      <Profile>
        <NetworkName>Ooredoo Qatar</NetworkName>
        <IpVersion>ipv6</IpVersion>
        <Editable>yes</Editable>
        <ProfileName>IMS</ProfileName>
        <PSparam>
          <APN>IMS</APN>
        </PSparam>
      </Profile>
      <Profile>
        <NetworkName>Ooredoo Qatar</NetworkName>
        <Editable>yes</Editable>
        <ProfileName>data</ProfileName>
        <PSparam>
          <APN>data</APN>
        </PSparam>
      </Profile>
    </Connections>
    <IMSSetting>
      <NbSetting>7</NbSetting>
      <Setting>
        <NetworkName>ETISALAT</NetworkName>
        <Version>3.0</Version>
        <EnableIMS>true</EnableIMS>
        <VoLTE>
          <EnableVoLTE>true</EnableVoLTE>
          <EnableVoiceoverWIFI>false</EnableVoiceoverWIFI>
          <EnableVideocall>false</EnableVideocall>
          <EnableVoLTEindicator>true</EnableVoLTEindicator>
          <Voice_Domain_Preference_EUTRAN>imspsvoicepreferred</Voice_Domain_Preference_EUTRAN>
          <Emregencycall_Domain>ps</Emregencycall_Domain>
          <SRVCCversion>11</SRVCCversion>
          <SS_Domain_Preference>ps_only_volteregied</SS_Domain_Preference>
          <SS_PS_Control_Preference>xcap</SS_PS_Control_Preference>
          <SS_CSFBwithIMSerror>true</SS_CSFBwithIMSerror>
          <USSD_Domain_Preference>cs</USSD_Domain_Preference>
          <SMSoIP_Domain>cs</SMSoIP_Domain>
        </VoLTE>
      </Setting>
      <Setting>
        <NetworkName>ZAIN KW</NetworkName>
        <EnableIMS>true</EnableIMS>
        <VoLTE>
          <EnableVoLTE>true</EnableVoLTE>
          <EnableVoiceoverWIFI>false</EnableVoiceoverWIFI>
          <EnableVideocall>true</EnableVideocall>
          <EnableVoLTEindicator>true</EnableVoLTEindicator>
          <Voice_Domain_Preference_EUTRAN>imspsvoicepreferred</Voice_Domain_Preference_EUTRAN>
          <Emregencycall_Domain>cs</Emregencycall_Domain>
          <SRVCCversion>11</SRVCCversion>
          <SS_PS_Control_Preference>xcap</SS_PS_Control_Preference>
          <SS_CSFBwithIMSerror>true</SS_CSFBwithIMSerror>
          <USSD_Domain_Preference>cs</USSD_Domain_Preference>
          <EnableSMSoverIP>false</EnableSMSoverIP>
        </VoLTE>
      </Setting>
      <Setting>
        <NetworkName>Ooredoo KW</NetworkName>
        <EnableIMS>true</EnableIMS>
        <VoLTE>
          <EnableVoLTE>true</EnableVoLTE>
          <EnableVoiceoverWIFI>false</EnableVoiceoverWIFI>
          <EnableVideocall>true</EnableVideocall>
          <EnableVoLTEindicator>true</EnableVoLTEindicator>
          <Voice_Domain_Preference_EUTRAN>imspsvoicepreferred</Voice_Domain_Preference_EUTRAN>
          <Emregencycall_Domain>cs</Emregencycall_Domain>
          <SRVCCversion>11</SRVCCversion>
          <SS_Domain_Preference>ps_only_volteregied</SS_Domain_Preference>
          <SS_PS_Control_Preference>xcap</SS_PS_Control_Preference>
          <SS_CSFBwithIMSerror>true</SS_CSFBwithIMSerror>
          <USSD_Domain_Preference>cs</USSD_Domain_Preference>
          <EnableSMSoverIP>true</EnableSMSoverIP>
        </VoLTE>
      </Setting>
      <Setting>
        <NetworkName>VIVA</NetworkName>
        <EnableIMS>true</EnableIMS>
        <VoLTE>
          <EnableVoLTE>true</EnableVoLTE>
          <EnableVoiceoverWIFI>false</EnableVoiceoverWIFI>
          <EnableVideocall>true</EnableVideocall>
          <EnableVoLTEindicator>true</EnableVoLTEindicator>
          <Voice_Domain_Preference_EUTRAN>imspsvoicepreferred</Voice_Domain_Preference_EUTRAN>
          <Emregencycall_Domain>cs</Emregencycall_Domain>
          <SRVCCversion>11</SRVCCversion>
          <SS_PS_Control_Preference>xcap</SS_PS_Control_Preference>
          <SS_CSFBwithIMSerror>true</SS_CSFBwithIMSerror>
          <USSD_Domain_Preference>cs</USSD_Domain_Preference>
          <EnableSMSoverIP>true</EnableSMSoverIP>
        </VoLTE>
      </Setting>
      <Setting>
        <NetworkName>VIVA BH</NetworkName>
        <Version>3.0</Version>
        <EnableIMS>true</EnableIMS>
        <VoLTE>
          <EnableVoLTE>true</EnableVoLTE>
          <EnableVideocall>false</EnableVideocall>
          <EnableVoLTEindicator>true</EnableVoLTEindicator>
          <Voice_Domain_Preference_EUTRAN>imspsvoicepreferred</Voice_Domain_Preference_EUTRAN>
          <Emregencycall_Domain>cs</Emregencycall_Domain>
          <SRVCCversion>11</SRVCCversion>
          <SS_Domain_Preference>cs_always</SS_Domain_Preference>
          <SS_PS_Control_Preference>xcap</SS_PS_Control_Preference>
          <SS_CSFBwithIMSerror>true</SS_CSFBwithIMSerror>
          <USSD_Domain_Preference>cs</USSD_Domain_Preference>
          <EnableSMSoverIP>true</EnableSMSoverIP>
        </VoLTE>
        <RCS>
          <EnableRCS>false</EnableRCS>
        </RCS>
      </Setting>
      <Setting>
        <NetworkName>ZAIN BH</NetworkName>
        <Version>3.0</Version>
        <EnableIMS>true</EnableIMS>
        <VoLTE>
          <EnableVoLTE>true</EnableVoLTE>
          <EnableVoiceoverWIFI>false</EnableVoiceoverWIFI>
          <EnableVideocall>false</EnableVideocall>
          <EnableVoLTEindicator>true</EnableVoLTEindicator>
          <Voice_Domain_Preference_EUTRAN>imspsvoicepreferred</Voice_Domain_Preference_EUTRAN>
          <Emregencycall_Domain>ps</Emregencycall_Domain>
          <SRVCCversion>10</SRVCCversion>
          <SS_Domain_Preference>ps_only_volteregied</SS_Domain_Preference>
          <SS_PS_Control_Preference>xcap</SS_PS_Control_Preference>
          <SS_CSFBwithIMSerror>false</SS_CSFBwithIMSerror>
          <USSD_Domain_Preference>cs</USSD_Domain_Preference>
          <EnableSMSoverIP>false</EnableSMSoverIP>
        </VoLTE>
        <RCS>
          <EnableRCS>false</EnableRCS>
        </RCS>
      </Setting>
      <Setting>
        <NetworkName>Ooredoo Qatar</NetworkName>
        <Version>3.0</Version>
        <EnableIMS>true</EnableIMS>
        <VoLTE>
          <EnableVoLTE>true</EnableVoLTE>
          <EnableVoiceoverWIFI>false</EnableVoiceoverWIFI>
          <EnableVideocall>true</EnableVideocall>
          <EnableVoLTEindicator>true</EnableVoLTEindicator>
          <Voice_Domain_Preference_EUTRAN>imspsvoicepreferred</Voice_Domain_Preference_EUTRAN>
          <Emregencycall_Domain>cs</Emregencycall_Domain>
          <SRVCCversion>10</SRVCCversion>
          <SS_Domain_Preference>cs_always</SS_Domain_Preference>
          <SS_PS_Control_Preference>xcap</SS_PS_Control_Preference>
          <SS_CSFBwithIMSerror>true</SS_CSFBwithIMSerror>
          <USSD_Domain_Preference>pscs</USSD_Domain_Preference>
          <EnableSMSoverIP>true</EnableSMSoverIP>
        </VoLTE>
      </Setting>
    </IMSSetting>
  </Settings>
</CustomerData>