<?xml version="1.0" encoding="UTF-8"?>
<SamsungMobileFeature>
  <NetworkVersion>ED00003</NetworkVersion>
  <NetworkCountry>NEW ZEALAND</NetworkCountry>
  <NetworkCountryISO>NZ</NetworkCountryISO>
  <NetworkCode>TNZ</NetworkCode>
  <FeatureSet>
    <CscFeature_Message_UaProfUrl>http://wap.samsungmobile.com/uaprof/SAMSUNGUAPROFC.xml</CscFeature_Message_UaProfUrl>
    <CscFeature_Message_UserAgent>SAMSUNG-ANDROID-MMS/uaprof</CscFeature_Message_UserAgent>
    <CscFeature_RIL_ConfigEccListDuringEncryptionMode>530</CscFeature_RIL_ConfigEccListDuringEncryptionMode>
    <CscFeature_RIL_ConfigGlobalModuleType>LTE</CscFeature_RIL_ConfigGlobalModuleType>
    <CscFeature_RIL_ConfigNetworkTypeCapability>EUR-EUR-GSM-EUR</CscFeature_RIL_ConfigNetworkTypeCapability>
    <CscFeature_RIL_ConfigWbamr>2G</CscFeature_RIL_ConfigWbamr>
    <CscFeature_RIL_DataPrefDataTechSnapShot>TRUE</CscFeature_RIL_DataPrefDataTechSnapShot>
    <CscFeature_RIL_DisplayAntennaLimited>TRUE</CscFeature_RIL_DisplayAntennaLimited>
    <CscFeature_RIL_DisplayPlmnnameSimload>TRUE</CscFeature_RIL_DisplayPlmnnameSimload>
    <CscFeature_RIL_DisplayStkUssdDialog>TRUE</CscFeature_RIL_DisplayStkUssdDialog>
    <CscFeature_RIL_GcfSor>TRUE</CscFeature_RIL_GcfSor>
    <CscFeature_RIL_IgnoreNitzNetworkName>TRUE</CscFeature_RIL_IgnoreNitzNetworkName>
    <CscFeature_RIL_ReferEonsWithoutLac>TRUE</CscFeature_RIL_ReferEonsWithoutLac>
    <CscFeature_RIL_SetNetworkTypeWhenRadioOff>TRUE</CscFeature_RIL_SetNetworkTypeWhenRadioOff>
    <CscFeature_RIL_SupportImsClirOverriding>TRUE</CscFeature_RIL_SupportImsClirOverriding>
    <CscFeature_RIL_SupportRegistrationLocationInfo>TRUE</CscFeature_RIL_SupportRegistrationLocationInfo>
    <CscFeature_RIL_WbamrDefaultOn>TRUE</CscFeature_RIL_WbamrDefaultOn>
    <CscFeature_Setting_CustNetworkSelMenu4>NUMERIC</CscFeature_Setting_CustNetworkSelMenu4>
    <CscFeature_VoiceCall_ConfigOpStyleForEmergencyDialCall>NoWaitInSvcE911</CscFeature_VoiceCall_ConfigOpStyleForEmergencyDialCall>
  </FeatureSet>
</SamsungMobileFeature>
