<?xml version="1.0" encoding="UTF-8"?>
<CustomerData>
  <GeneralInfo>
    <CSCEdition>ED0001</CSCEdition>
    <Country>New Zealand</Country>
    <CountryISO>NZ</CountryISO>
    <Region>SEA</Region>
    <SalesCode>TNZ</SalesCode>
    <NbNetworkInfo>2</NbNetworkInfo>
    <NetworkInfo>
      <MCCMNC>53005</MCCMNC>
      <NetworkName>Spark NZ</NetworkName>
      <NWID>NW01158</NWID>
    </NetworkInfo>
    <NetworkInfo>
      <MCCMNC>53099</MCCMNC>
      <NetworkName>Spark NZ</NetworkName>
      <NWID>NW01158</NWID>
      <SPName>Spark NZ</SPName>
    </NetworkInfo>
  </GeneralInfo>
  <Settings>
    <Main>
      <Security>
        <OneSIMLock>none</OneSIMLock>
        <SeparateLock>none</SeparateLock>
      </Security>
      <Network>
        <NbFastDormancy>1</NbFastDormancy>
        <FastDormancy>
          <NetworkName>Spark NZ</NetworkName>
          <FastDormancyEnableStatus>on</FastDormancyEnableStatus>
          <LCDStatus>on</LCDStatus>
        </FastDormancy>
        <NbWbAmr>1</NbWbAmr>
        <WbAmr>
          <NetworkName>Spark NZ</NetworkName>
          <WbAmrCodec>on</WbAmrCodec>
        </WbAmr>
        <NbSOSNumber>3</NbSOSNumber>
        <SOSNumber>111</SOSNumber>
        <SOSNumber>112</SOSNumber>
        <SOSNumber>911</SOSNumber>
        <NbSOSNumberNoSIM>3</NbSOSNumberNoSIM>
        <SOSNumberNoSIM>111</SOSNumberNoSIM>
        <SOSNumberNoSIM>112</SOSNumberNoSIM>
        <SOSNumberNoSIM>911</SOSNumberNoSIM>
        <AutoProfile>off</AutoProfile>
      </Network>
      <Sound>
        <RngToneAlertType>melody</RngToneAlertType>
        <RngVolume>4</RngVolume>
        <KeyTone>
          <KeyVolume>4</KeyVolume>
        </KeyTone>
        <MsgToneAlertType>melody</MsgToneAlertType>
        <MsgToneVolume>4</MsgToneVolume>
        <TouchTone>on</TouchTone>
        <ExtraSound>
          <ConnectTone>on</ConnectTone>
          <CallEndTone>off</CallEndTone>
        </ExtraSound>
        <AMRVoiceCodec>on</AMRVoiceCodec>
      </Sound>
      <Phone>
        <AlertOnCall>on</AlertOnCall>
        <DefLanguage>en_NZ</DefLanguage>
        <DefLanguageNoSIM>en_NZ</DefLanguageNoSIM>
        <T9Enabling>enable</T9Enabling>
        <T9Language>english</T9Language>
        <DateTimeFormat>
          <DateFormat>ddmmyyyy</DateFormat>
          <TimeFormat>12h</TimeFormat>
          <TimezoneUpdate>on</TimezoneUpdate>
        </DateTimeFormat>
      </Phone>
    </Main>
    <Contact>
      <SavePosition>ask</SavePosition>
      <ContactSort>firstname</ContactSort>
    </Contact>
    <Calendar>
      <StartDay>sunday</StartDay>
    </Calendar>
    <Messages>
      <NbVoicemail>1</NbVoicemail>
      <Voicemail>
        <NetworkName>Spark NZ</NetworkName>
        <VoicemailName>Voicemail</VoicemailName>
        <TelNum>+6483083210</TelNum>
      </Voicemail>
      <PushMsg>
        <RecOption>on</RecOption>
        <PushLoading>prompt</PushLoading>
      </PushMsg>
      <SMS>
        <DeliveryReport>off</DeliveryReport>
        <MsgTypeThreshold>
          <ThresholdValue>5</ThresholdValue>
          <ThresholdType>pagecount</ThresholdType>
        </MsgTypeThreshold>
        <CharSupport>automatic</CharSupport>
        <SSMS>off</SSMS>
        <CellBroadcast>off</CellBroadcast>
        <PreviewMessage>on</PreviewMessage>
      </SMS>
      <MMS>
        <MMSVersion>1.2</MMSVersion>
        <MmsSending>
          <ReqDeliveryRep>off</ReqDeliveryRep>
          <ReqReadRep>off</ReqReadRep>
          <MessageSize>600</MessageSize>
          <CreationMode>free</CreationMode>
        </MmsSending>
        <MmsReceiving>
          <Home>auto</Home>
          <Roaming>manual</Roaming>
        </MmsReceiving>
      </MMS>
      <Email>
        <EmailReceiving>
          <AutoPoll>off</AutoPoll>
          <PollTime>off</PollTime>
          <KeepServer>on</KeepServer>
        </EmailReceiving>
        <NbAccount>1</NbAccount>
        <Account>
          <NetworkName>Spark NZ</NetworkName>
          <AccountName>Xtra</AccountName>
          <EmailAddr>@xtra.co.nz</EmailAddr>
          <LoginType>domain_type</LoginType>
          <Incoming>
            <MailboxType>pop3</MailboxType>
            <ServAddr>pop3.xtra.co.nz</ServAddr>
            <Port>995</Port>
            <Secure>ssl</Secure>
          </Incoming>
          <Outgoing>
            <ServAddr>send.xtra.co.nz</ServAddr>
            <Port>465</Port>
            <SmtpAuth>on</SmtpAuth>
            <Secure>ssl</Secure>
          </Outgoing>
        </Account>
      </Email>
    </Messages>
    <Wifi>
      <WifiEnableStatus>off</WifiEnableStatus>
    </Wifi>
    <NbFOTA>1</NbFOTA>
    <FOTA>
      <NetworkName>Spark NZ</NetworkName>
    </FOTA>
    <ActiveSync>
      <SyncSchedule>
        <PeakDuration>manual</PeakDuration>
        <OffPeakDuration>manual</OffPeakDuration>
      </SyncSchedule>
      <EasEmail>
        <SizeEmail>headersonly</SizeEmail>
      </EasEmail>
    </ActiveSync>
    <Browser>
      <NbBookmark>1</NbBookmark>
      <Bookmark>
        <NetworkName>default</NetworkName>
        <Index>1</Index>
        <BookmarkName>Google</BookmarkName>
        <URL>http://www.google.com/m?client={CID}&amp;source=android-home</URL>
      </Bookmark>
    </Browser>
    <Connections>
      <NbProfileHandle>1</NbProfileHandle>
      <ProfileHandle>
        <NbNetProfile>3</NbNetProfile>
        <NetworkName>Spark NZ</NetworkName>
        <ProfBrowser>Data</ProfBrowser>
        <ProfMMS>MMS</ProfMMS>
        <ProfEmail>Data</ProfEmail>
        <ProfIM>Data</ProfIM>
        <ProfStreaming>Data</ProfStreaming>
        <ProfSyncDS>Data</ProfSyncDS>
        <ProfActiveSync>Data</ProfActiveSync>
        <ProfSyncDM>Data</ProfSyncDM>
        <ProfSGPS>Data</ProfSGPS>
        <ProfWidget>Data</ProfWidget>
        <ProfIntSharing>Data</ProfIntSharing>
        <ProfRCS>Data</ProfRCS>
        <ProfIMS>ims</ProfIMS>
      </ProfileHandle>
      <NbProfile>3</NbProfile>
      <Profile>
        <NetworkName>Spark NZ</NetworkName>
        <Editable>yes</Editable>
        <HiddenStatus>show</HiddenStatus>
        <ProfileName>MMS</ProfileName>
        <URL>http://lsmmsc.xtra.co.nz</URL>
        <Auth>normal</Auth>
        <Bearer>ps</Bearer>
        <Protocol>http</Protocol>
        <Proxy>
          <EnableFlag>on</EnableFlag>
          <ServAddr>210.55.11.73</ServAddr>
          <Port>80</Port>
        </Proxy>
        <PSparam>
          <APN>internet</APN>
        </PSparam>
      </Profile>
      <Profile>
        <NetworkName>Spark NZ</NetworkName>
        <Editable>yes</Editable>
        <HiddenStatus>show</HiddenStatus>
        <ProfileName>Data</ProfileName>
        <URL>http://m.spark.co.nz</URL>
        <Auth>normal</Auth>
        <Bearer>ps</Bearer>
        <Protocol>other</Protocol>
        <Proxy>
          <EnableFlag>off</EnableFlag>
        </Proxy>
        <PSparam>
          <APN>internet</APN>
        </PSparam>
      </Profile>
      <Profile>
        <NetworkName>Spark NZ</NetworkName>
        <IpVersion>ipv6</IpVersion>
        <Editable>yes</Editable>
        <ProfileName>ims</ProfileName>
        <Bearer>ps</Bearer>
        <Proxy>
          <EnableFlag>off</EnableFlag>
        </Proxy>
        <PSparam>
          <APN>ims</APN>
        </PSparam>
      </Profile>
    </Connections>
    <IMSSetting>
      <NbSetting>1</NbSetting>
      <Setting>
        <NetworkName>Spark NZ</NetworkName>
        <Version>3.0</Version>
        <EnableIMS>true</EnableIMS>
        <VoLTE>
          <EnableVoLTE>true</EnableVoLTE>
          <EnableVoiceoverWIFI>false</EnableVoiceoverWIFI>
          <EnableVideocall>true</EnableVideocall>
          <EnableVoLTEindicator>true</EnableVoLTEindicator>
          <Voice_Domain_Preference_EUTRAN>imspsvoicepreferred</Voice_Domain_Preference_EUTRAN>
          <Emregencycall_Domain>ps</Emregencycall_Domain>
          <SRVCCversion>0</SRVCCversion>
          <SS_Domain_Preference>cs_always</SS_Domain_Preference>
          <SS_CSFBwithIMSerror>false</SS_CSFBwithIMSerror>
          <USSD_Domain_Preference>cs</USSD_Domain_Preference>
          <EnableSMSoverIP>false</EnableSMSoverIP>
        </VoLTE>
      </Setting>
    </IMSSetting>
  </Settings>
</CustomerData>