<?xml version="1.0" encoding="UTF-8"?>
<CustomerData>
  <GeneralInfo>
    <CSCEdition>ED0002</CSCEdition>
    <Country>France</Country>
    <CountryISO>FR</CountryISO>
    <Region>EUR</Region>
    <SalesCode>XEF</SalesCode>
    <NbNetworkInfo>32</NbNetworkInfo>
    <NetworkInfo>
      <MCCMNC>20801</MCCMNC>
      <NetworkName>Orange F</NetworkName>
      <NWID>NW00976</NWID>
      <SPName>Orange F</SPName>
    </NetworkInfo>
    <NetworkInfo>
      <MCCMNC>20815</MCCMNC>
      <NetworkName>Free</NetworkName>
      <NWID>NW00472</NWID>
    </NetworkInfo>
    <NetworkInfo>
      <MCCMNC>64703</MCCMNC>
      <NetworkName>Free La Réunion</NetworkName>
      <NWID>NW00519</NWID>
      <CodeType>HEX</CodeType>
      <SubsetCode>F2330002</SubsetCode>
    </NetworkInfo>
    <NetworkInfo>
      <MCCMNC>20815</MCCMNC>
      <NetworkName>Free la Réunion Roaming</NetworkName>
      <NWID>NW00520</NWID>
      <CodeType>HEX</CodeType>
      <SubsetCode>F2330002</SubsetCode>
    </NetworkInfo>
    <NetworkInfo>
      <MCCMNC>21210</MCCMNC>
      <NetworkName>Monaco Telecom</NetworkName>
      <NWID>NW01597</NWID>
      <CodeType>HEX</CodeType>
      <SubsetCode>4D433031</SubsetCode>
    </NetworkInfo>
    <NetworkInfo>
      <MCCMNC>20801</MCCMNC>
      <NetworkName>Monaco Telecom Roaming</NetworkName>
      <NWID>NW01598</NWID>
      <CodeType>HEX</CodeType>
      <SubsetCode>4D433031</SubsetCode>
    </NetworkInfo>
    <NetworkInfo>
      <MCCMNC>20810</MCCMNC>
      <NetworkName>F SFR</NetworkName>
      <NWID>NW00450</NWID>
    </NetworkInfo>
    <NetworkInfo>
      <MCCMNC>20811</MCCMNC>
      <NetworkName>F SFR</NetworkName>
      <NWID>NW00450</NWID>
      <SPName>F SFR</SPName>
    </NetworkInfo>
    <NetworkInfo>
      <MCCMNC>20809</MCCMNC>
      <NetworkName>F SFR</NetworkName>
      <NWID>NW00450</NWID>
      <SPName>F SFR</SPName>
    </NetworkInfo>
    <NetworkInfo>
      <MCCMNC>64710</MCCMNC>
      <NetworkName>SFR RU</NetworkName>
      <NWID>NW01096</NWID>
    </NetworkInfo>
    <NetworkInfo>
      <MCCMNC>20820</MCCMNC>
      <NetworkName>BOUYGTEL</NetworkName>
      <NWID>NW00227</NWID>
    </NetworkInfo>
    <NetworkInfo>
      <MCCMNC>20601</MCCMNC>
      <NetworkName>Proximus (NRJ)</NetworkName>
      <NWID>NW01054</NWID>
      <CodeType>HEX</CodeType>
      <SubsetCode>4E524A31</SubsetCode>
    </NetworkInfo>
    <NetworkInfo>
      <MCCMNC>20810</MCCMNC>
      <NetworkName>NRJ (SFR)</NetworkName>
      <NWID>NW00882</NWID>
      <CodeType>HEX</CodeType>
      <SubsetCode>4E524A31</SubsetCode>
      <SPName>NRJ1</SPName>
    </NetworkInfo>
    <NetworkInfo>
      <MCCMNC>20809</MCCMNC>
      <NetworkName>NRJ (SFR)</NetworkName>
      <NWID>NW00882</NWID>
      <CodeType>HEX</CodeType>
      <SubsetCode>4E524A31</SubsetCode>
      <SPName>NRJ1</SPName>
    </NetworkInfo>
    <NetworkInfo>
      <MCCMNC>20826</MCCMNC>
      <NetworkName>NRJ (FMVNO)</NetworkName>
      <NWID>NW00864</NWID>
      <CodeType>HEX</CodeType>
      <SubsetCode>4E524A31</SubsetCode>
      <SPName>NRJ1</SPName>
    </NetworkInfo>
    <NetworkInfo>
      <MCCMNC>20810</MCCMNC>
      <NetworkName>Virgin</NetworkName>
      <NWID>NW01433</NWID>
      <SubsetCode>82</SubsetCode>
    </NetworkInfo>
    <NetworkInfo>
      <MCCMNC>20601</MCCMNC>
      <NetworkName>Proximus (Virgin)</NetworkName>
      <NWID>NW01031</NWID>
      <SubsetCode>82</SubsetCode>
    </NetworkInfo>
    <NetworkInfo>
      <MCCMNC>20823</MCCMNC>
      <NetworkName>Virgin (OMEA)</NetworkName>
      <NWID>NW01441</NWID>
      <SubsetCode>82</SubsetCode>
    </NetworkInfo>
    <NetworkInfo>
      <MCCMNC>20801</MCCMNC>
      <NetworkName>Virgin Mobile</NetworkName>
      <NWID>NW01460</NWID>
      <SubsetCode>82</SubsetCode>
    </NetworkInfo>
    <NetworkInfo>
      <MCCMNC>20801</MCCMNC>
      <NetworkName>Carrefour</NetworkName>
      <NWID>NW00254</NWID>
      <SubsetCode>51</SubsetCode>
    </NetworkInfo>
    <NetworkInfo>
      <MCCMNC>20801</MCCMNC>
      <NetworkName>NRJ (ORANGE)</NetworkName>
      <NWID>NW00865</NWID>
      <CodeType>HEX</CodeType>
      <SubsetCode>4E524A31</SubsetCode>
    </NetworkInfo>
    <NetworkInfo>
      <MCCMNC>34001</MCCMNC>
      <NetworkName>Orange (340 01)</NetworkName>
      <NWID>NW00912</NWID>
    </NetworkInfo>
    <NetworkInfo>
      <MCCMNC>64700</MCCMNC>
      <NetworkName>Orange (647 00)</NetworkName>
      <NWID>NW00913</NWID>
    </NetworkInfo>
    <NetworkInfo>
      <MCCMNC>20810</MCCMNC>
      <NetworkName>Simplicime</NetworkName>
      <NWID>NW01103</NWID>
      <SPCode>255</SPCode>
    </NetworkInfo>
    <NetworkInfo>
      <MCCMNC>20810</MCCMNC>
      <NetworkName>Leclerc</NetworkName>
      <NWID>NW00677</NWID>
      <SPCode>16709</SPCode>
      <SPName>AE</SPName>
    </NetworkInfo>
    <NetworkInfo>
      <MCCMNC>34020</MCCMNC>
      <NetworkName>Digicel</NetworkName>
      <NWID>NW00359</NWID>
      <ICCID>895962001</ICCID>
    </NetworkInfo>
    <NetworkInfo>
      <MCCMNC>34020</MCCMNC>
      <NetworkName>Wizzee</NetworkName>
      <NWID>NW02030</NWID>
      <ICCID>895962002</ICCID>
    </NetworkInfo>
    <NetworkInfo>
      <MCCMNC>20827</MCCMNC>
      <NetworkName>CORIOLIS</NetworkName>
      <NWID>NW00344</NWID>
      <SPName>Coriolis</SPName>
    </NetworkInfo>
    <NetworkInfo>
      <MCCMNC>20809</MCCMNC>
      <NetworkName>CORIOLIS</NetworkName>
      <NWID>NW00344</NWID>
      <SPName>Coriolis</SPName>
    </NetworkInfo>
    <NetworkInfo>
      <MCCMNC>64710</MCCMNC>
      <NetworkName>CORIOLIS</NetworkName>
      <NWID>NW00344</NWID>
    </NetworkInfo>
    <NetworkInfo>
      <MCCMNC>20810</MCCMNC>
      <NetworkName>La Poste Mobile</NetworkName>
      <NWID>NW00654</NWID>
      <CodeType>DEC</CodeType>
      <SubsetCode>76</SubsetCode>
      <SPName>LPM</SPName>
    </NetworkInfo>
    <NetworkInfo>
      <MCCMNC>20817</MCCMNC>
      <NetworkName>Legos</NetworkName>
      <NWID>NW00678</NWID>
      <SPName>Legos</SPName>
    </NetworkInfo>
  </GeneralInfo>
  <Settings>
    <Main>
      <Security>
        <OneSIMLock>none</OneSIMLock>
        <SeparateLock>none</SeparateLock>
      </Security>
      <Network>
        <NbWbAmr>1</NbWbAmr>
        <WbAmr>
          <NetworkName>default</NetworkName>
          <WbAmrCodec>on</WbAmrCodec>
        </WbAmr>
        <NbSOSNumber>2</NbSOSNumber>
        <SOSNumber>112</SOSNumber>
        <SOSNumber>911</SOSNumber>
        <AutoProfile>on</AutoProfile>
        <AutoVoicemail>off</AutoVoicemail>
        <AutoEmailAccount>off</AutoEmailAccount>
        <AutoBookmark>off</AutoBookmark>
        <AutoLink>off</AutoLink>
        <AutoSyncML>off</AutoSyncML>
        <AutoFastDormancy>off</AutoFastDormancy>
        <AutoWbAmr>off</AutoWbAmr>
        <AutoFOTA>off</AutoFOTA>
      </Network>
      <Sound>
        <ExtraSound>
          <ConnectTone>on</ConnectTone>
        </ExtraSound>
      </Sound>
      <Phone>
        <DefLanguage>fr_FR</DefLanguage>
        <DefLanguageNoSIM>fr_FR</DefLanguageNoSIM>
        <T9Enabling>enable</T9Enabling>
        <T9Language>french</T9Language>
        <DateTimeFormat>
          <DateFormat>ddmmyyyy</DateFormat>
          <TimeFormat>24h</TimeFormat>
        </DateTimeFormat>
      </Phone>
    </Main>
    <Contact>
      <SavePosition>ask</SavePosition>
      <ContactSort>firstname</ContactSort>
    </Contact>
    <Messages>
      <SMS>
        <DeliveryReport>off</DeliveryReport>
        <MsgTypeThreshold>
          <ThresholdValue>10</ThresholdValue>
          <ThresholdType>pagecount</ThresholdType>
        </MsgTypeThreshold>
        <CharSupport>gsmalpha</CharSupport>
        <SSMS>off</SSMS>
      </SMS>
      <MMS>
        <MMSVersion>1.2</MMSVersion>
        <MmsSending>
          <ReqDeliveryRep>off</ReqDeliveryRep>
          <ReqReadRep>off</ReqReadRep>
          <MessageSize>600</MessageSize>
          <CreationMode>free</CreationMode>
        </MmsSending>
        <MmsReceiving>
          <Home>auto</Home>
          <Roaming>manual</Roaming>
        </MmsReceiving>
      </MMS>
      <Email>
        <EmailReceiving>
          <AutoPoll>off</AutoPoll>
          <KeepServer>on</KeepServer>
        </EmailReceiving>
      </Email>
    </Messages>
    <Multimedia>
      <Camera>
        <ShutterSound>off</ShutterSound>
      </Camera>
    </Multimedia>
    <NbFOTA>27</NbFOTA>
    <FOTA>
      <NetworkName>Orange F</NetworkName>
      <FotaBearer>wifi_dedicated</FotaBearer>
    </FOTA>
    <FOTA>
      <NetworkName>Free</NetworkName>
      <FotaBearer>wifi_dedicated</FotaBearer>
    </FOTA>
    <FOTA>
      <NetworkName>F SFR</NetworkName>
      <FotaBearer>wifi_dedicated</FotaBearer>
    </FOTA>
    <FOTA>
      <NetworkName>SFR RU</NetworkName>
      <FotaBearer>wifi_dedicated</FotaBearer>
    </FOTA>
    <FOTA>
      <NetworkName>BOUYGTEL</NetworkName>
      <FotaBearer>wifi_dedicated</FotaBearer>
    </FOTA>
    <FOTA>
      <NetworkName>Proximus (NRJ)</NetworkName>
      <FotaBearer>wifi_dedicated</FotaBearer>
    </FOTA>
    <FOTA>
      <NetworkName>NRJ (SFR)</NetworkName>
      <FotaBearer>wifi_dedicated</FotaBearer>
    </FOTA>
    <FOTA>
      <NetworkName>NRJ (FMVNO)</NetworkName>
      <FotaBearer>wifi_dedicated</FotaBearer>
    </FOTA>
    <FOTA>
      <NetworkName>Virgin (OMEA)</NetworkName>
      <FotaBearer>wifi_dedicated</FotaBearer>
    </FOTA>
    <FOTA>
      <NetworkName>Virgin</NetworkName>
      <FotaBearer>wifi_dedicated</FotaBearer>
    </FOTA>
    <FOTA>
      <NetworkName>Proximus (Virgin)</NetworkName>
      <FotaBearer>wifi_dedicated</FotaBearer>
    </FOTA>
    <FOTA>
      <NetworkName>Virgin Mobile</NetworkName>
      <FotaBearer>wifi_dedicated</FotaBearer>
    </FOTA>
    <FOTA>
      <NetworkName>Carrefour</NetworkName>
      <FotaBearer>wifi_dedicated</FotaBearer>
    </FOTA>
    <FOTA>
      <NetworkName>NRJ (ORANGE)</NetworkName>
      <FotaBearer>wifi_dedicated</FotaBearer>
    </FOTA>
    <FOTA>
      <NetworkName>Orange (340 01)</NetworkName>
      <FotaBearer>wifi_dedicated</FotaBearer>
    </FOTA>
    <FOTA>
      <NetworkName>Orange (647 00)</NetworkName>
      <FotaBearer>wifi_dedicated</FotaBearer>
    </FOTA>
    <FOTA>
      <NetworkName>Simplicime</NetworkName>
      <FotaBearer>wifi_dedicated</FotaBearer>
    </FOTA>
    <FOTA>
      <NetworkName>Leclerc</NetworkName>
      <FotaBearer>wifi_dedicated</FotaBearer>
    </FOTA>
    <FOTA>
      <NetworkName>Digicel</NetworkName>
      <FotaBearer>wifi_dedicated</FotaBearer>
    </FOTA>
    <FOTA>
      <NetworkName>Wizzee</NetworkName>
      <FotaBearer>wifi_dedicated</FotaBearer>
    </FOTA>
    <FOTA>
      <NetworkName>CORIOLIS</NetworkName>
      <FotaBearer>wifi_dedicated</FotaBearer>
    </FOTA>
    <FOTA>
      <NetworkName>Free La Réunion</NetworkName>
      <FotaBearer>wifi_dedicated</FotaBearer>
    </FOTA>
    <FOTA>
      <NetworkName>Free la Réunion Roaming</NetworkName>
      <FotaBearer>wifi_dedicated</FotaBearer>
    </FOTA>
    <FOTA>
      <NetworkName>Monaco Telecom</NetworkName>
      <FotaBearer>wifi_dedicated</FotaBearer>
    </FOTA>
    <FOTA>
      <NetworkName>Monaco Telecom Roaming</NetworkName>
      <FotaBearer>wifi_dedicated</FotaBearer>
    </FOTA>
    <FOTA>
      <NetworkName>La Poste Mobile</NetworkName>
      <FotaBearer>wifi_dedicated</FotaBearer>
    </FOTA>
    <FOTA>
      <NetworkName>Legos</NetworkName>
      <FotaBearer>wifi_dedicated</FotaBearer>
    </FOTA>
    <Browser>
      <NbBookmark>3</NbBookmark>
      <Bookmark>
        <NetworkName>default</NetworkName>
        <Editable>yes</Editable>
        <Index>1</Index>
        <BookmarkName>Samsung</BookmarkName>
        <URL>http://www.samsung.com</URL>
      </Bookmark>
      <Bookmark>
        <NetworkName>default</NetworkName>
        <Editable>yes</Editable>
        <BookmarkName>Galaxy Shop</BookmarkName>
        <URL>https://www.samsung.com/galaxy-shop/?cid=global_owned_app_s-internet_none_none_bookmark_bookmark_202008_none</URL>
      </Bookmark>
      <Bookmark>
        <NetworkName>default</NetworkName>
        <Editable>yes</Editable>
        <BookmarkName>Google</BookmarkName>
        <URL>http://www.google.com/m?client={CID}&amp;source=android-home</URL>
      </Bookmark>
      <eManual>
        <URL>http://www.samsung.com/m-manual/common</URL>
      </eManual>
    </Browser>
    <Connections>
      <NbProfileHandle>28</NbProfileHandle>
      <ProfileHandle>
        <NbNetProfile>4</NbNetProfile>
        <NetworkName>Orange F</NetworkName>
        <ProfBrowser>Orange World</ProfBrowser>
        <ProfMMS>Orange MMS</ProfMMS>
        <ProfIntSharing>Orange World</ProfIntSharing>
        <ProfIMS>Orange F IMS</ProfIMS>
        <ProfXCAP>Orange World</ProfXCAP>
        <ProfEpdgXCAP>Orange F VoWiFi</ProfEpdgXCAP>
        <ProfEpdgMMS>Orange F VoWiFi</ProfEpdgMMS>
      </ProfileHandle>
      <ProfileHandle>
        <NbNetProfile>2</NbNetProfile>
        <NetworkName>Free</NetworkName>
        <ProfBrowser>Free</ProfBrowser>
        <ProfMMS>Free MMS Full</ProfMMS>
      </ProfileHandle>
      <ProfileHandle>
        <NbNetProfile>1</NbNetProfile>
        <NetworkName>Free</NetworkName>
        <ProfMMS>Free MMS</ProfMMS>
      </ProfileHandle>
      <ProfileHandle>
        <NbNetProfile>1</NbNetProfile>
        <NetworkName>Free La Réunion</NetworkName>
        <ProfBrowser>Free Re</ProfBrowser>
        <ProfMMS>Free Re</ProfMMS>
      </ProfileHandle>
      <ProfileHandle>
        <NbNetProfile>1</NbNetProfile>
        <NetworkName>Free la Réunion Roaming</NetworkName>
        <ProfBrowser>Free Re Int</ProfBrowser>
        <ProfMMS>Free Re Int</ProfMMS>
      </ProfileHandle>
      <ProfileHandle>
        <NbNetProfile>1</NbNetProfile>
        <NetworkName>Monaco Telecom</NetworkName>
        <ProfBrowser>internet</ProfBrowser>
        <ProfMMS>internet</ProfMMS>
      </ProfileHandle>
      <ProfileHandle>
        <NbNetProfile>3</NbNetProfile>
        <NetworkName>Monaco Telecom Roaming</NetworkName>
        <ProfBrowser>Orange World</ProfBrowser>
        <ProfMMS>Orange MMS</ProfMMS>
        <ProfIntSharing>Orange Internet</ProfIntSharing>
        <ProfXCAP>Orange World</ProfXCAP>
      </ProfileHandle>
      <ProfileHandle>
        <NbNetProfile>4</NbNetProfile>
        <NetworkName>F SFR</NetworkName>
        <ProfBrowser>SFR webphone</ProfBrowser>
        <ProfMMS>SFR MMS</ProfMMS>
        <ProfIntSharing>SFR option modem</ProfIntSharing>
        <ProfIMS>SFR IMS</ProfIMS>
        <ProfXCAP>SFR webphone</ProfXCAP>
      </ProfileHandle>
      <ProfileHandle>
        <NbNetProfile>3</NbNetProfile>
        <NetworkName>SFR RU</NetworkName>
        <ProfBrowser>SFR webphone</ProfBrowser>
        <ProfMMS>MMS</ProfMMS>
        <ProfStreaming>SFR webphone</ProfStreaming>
        <ProfAGPS>SFR webphone</ProfAGPS>
        <ProfIntSharing>SFR option modem</ProfIntSharing>
      </ProfileHandle>
      <ProfileHandle>
        <NbNetProfile>3</NbNetProfile>
        <NetworkName>BOUYGTEL</NetworkName>
        <ProfBrowser>Bouygues Internet</ProfBrowser>
        <ProfMMS>Bouygues MMS</ProfMMS>
        <ProfIMS>Bouygues IMS</ProfIMS>
        <ProfXCAP>Bouygues Internet</ProfXCAP>
      </ProfileHandle>
      <ProfileHandle>
        <NbNetProfile>2</NbNetProfile>
        <NetworkName>NRJ (SFR)</NetworkName>
        <ProfBrowser>NRJWEB</ProfBrowser>
        <ProfMMS>NRJMMS</ProfMMS>
      </ProfileHandle>
      <ProfileHandle>
        <NbNetProfile>2</NbNetProfile>
        <NetworkName>NRJ (FMVNO)</NetworkName>
        <ProfBrowser>NET26</ProfBrowser>
        <ProfMMS>MMS26</ProfMMS>
      </ProfileHandle>
      <ProfileHandle>
        <NbNetProfile>2</NbNetProfile>
        <NetworkName>Proximus (NRJ)</NetworkName>
        <ProfBrowser>Proximus Web</ProfBrowser>
        <ProfMMS>Proximus MMS</ProfMMS>
      </ProfileHandle>
      <ProfileHandle>
        <NbNetProfile>2</NbNetProfile>
        <NetworkName>Virgin Mobile</NetworkName>
        <ProfBrowser>VM WAP</ProfBrowser>
        <ProfMMS>VM MMS</ProfMMS>
      </ProfileHandle>
      <ProfileHandle>
        <NbNetProfile>3</NbNetProfile>
        <NetworkName>Virgin</NetworkName>
        <ProfBrowser>Virgin</ProfBrowser>
        <ProfMMS>Virgin MMS</ProfMMS>
        <ProfIntSharing>Virgin option modem</ProfIntSharing>
      </ProfileHandle>
      <ProfileHandle>
        <NbNetProfile>2</NbNetProfile>
        <NetworkName>Virgin (OMEA)</NetworkName>
        <ProfBrowser>Virgin mobile</ProfBrowser>
        <ProfMMS>VM MMS</ProfMMS>
      </ProfileHandle>
      <ProfileHandle>
        <NbNetProfile>2</NbNetProfile>
        <NetworkName>Proximus (Virgin)</NetworkName>
        <ProfBrowser>Proximus Web</ProfBrowser>
        <ProfMMS>Proximus MMS</ProfMMS>
      </ProfileHandle>
      <ProfileHandle>
        <NbNetProfile>2</NbNetProfile>
        <NetworkName>Carrefour</NetworkName>
        <ProfBrowser>Carrefour WAP</ProfBrowser>
        <ProfMMS>Carrefour MMS</ProfMMS>
      </ProfileHandle>
      <ProfileHandle>
        <NbNetProfile>2</NbNetProfile>
        <NetworkName>NRJ (ORANGE)</NetworkName>
        <ProfBrowser>RSO WEB</ProfBrowser>
        <ProfMMS>RSO MMS</ProfMMS>
      </ProfileHandle>
      <ProfileHandle>
        <NbNetProfile>2</NbNetProfile>
        <NetworkName>Orange (340 01)</NetworkName>
        <ProfBrowser>Orange World Caraïbe</ProfBrowser>
        <ProfMMS>Orange MMS Caraïbe</ProfMMS>
      </ProfileHandle>
      <ProfileHandle>
        <NbNetProfile>4</NbNetProfile>
        <NetworkName>Orange (647 00)</NetworkName>
        <ProfBrowser>Orange World re</ProfBrowser>
        <ProfMMS>Orange MMS Réunion</ProfMMS>
        <ProfIMS>IMS</ProfIMS>
        <ProfXCAP>HOS</ProfXCAP>
      </ProfileHandle>
      <ProfileHandle>
        <NbNetProfile>2</NbNetProfile>
        <NetworkName>Simplicime</NetworkName>
        <ProfBrowser>WAP Simplicime</ProfBrowser>
        <ProfMMS>MMS Simplicime</ProfMMS>
      </ProfileHandle>
      <ProfileHandle>
        <NbNetProfile>2</NbNetProfile>
        <NetworkName>Leclerc</NetworkName>
        <ProfBrowser>WAP LeclercMobile</ProfBrowser>
        <ProfMMS>MMS LeclercMobile</ProfMMS>
      </ProfileHandle>
      <ProfileHandle>
        <NbNetProfile>2</NbNetProfile>
        <NetworkName>Digicel</NetworkName>
        <ProfBrowser>Digicel</ProfBrowser>
        <ProfMMS>Digicel FR MMS</ProfMMS>
      </ProfileHandle>
      <ProfileHandle>
        <NbNetProfile>1</NbNetProfile>
        <NetworkName>Wizzee</NetworkName>
        <ProfBrowser>Wizzee</ProfBrowser>
      </ProfileHandle>
      <ProfileHandle>
        <NbNetProfile>2</NbNetProfile>
        <NetworkName>CORIOLIS</NetworkName>
        <ProfBrowser>Coriolis web</ProfBrowser>
        <ProfMMS>Coriolis MMS</ProfMMS>
      </ProfileHandle>
      <ProfileHandle>
        <NbNetProfile>4</NbNetProfile>
        <NetworkName>La Poste Mobile</NetworkName>
        <ProfBrowser>WEB La Poste Mobile</ProfBrowser>
        <ProfMMS>MMS La Poste Mobile</ProfMMS>
        <ProfIntSharing>La Poste Mobile Modem</ProfIntSharing>
        <ProfIMS>La Poste Mobile IMS</ProfIMS>
        <ProfXCAP>WEB La Poste Mobile</ProfXCAP>
      </ProfileHandle>
      <ProfileHandle>
        <NbNetProfile>2</NbNetProfile>
        <NetworkName>Legos</NetworkName>
        <ProfBrowser>bornsip</ProfBrowser>
        <ProfMMS>bornsipmms</ProfMMS>
      </ProfileHandle>
      <NbProfile>67</NbProfile>
      <Profile>
        <NetworkName>Orange F</NetworkName>
        <IpVersion>ipv6</IpVersion>
        <Editable>no</Editable>
        <ProfileName>Orange World</ProfileName>
        <Auth>normal</Auth>
        <Bearer>ps</Bearer>
        <Protocol>http</Protocol>
        <Proxy>
          <EnableFlag>off</EnableFlag>
        </Proxy>
        <PSparam>
          <APN>orange</APN>
          <UserId>orange</UserId>
          <Password>orange</Password>
        </PSparam>
      </Profile>
      <Profile>
        <NetworkName>Orange F</NetworkName>
        <IpVersion>ipv6</IpVersion>
        <Editable>no</Editable>
        <ProfileName>Orange MMS</ProfileName>
        <URL>http://mms.orange.fr</URL>
        <Auth>normal</Auth>
        <Bearer>ps</Bearer>
        <Protocol>http</Protocol>
        <Proxy>
          <EnableFlag>off</EnableFlag>
        </Proxy>
        <PSparam>
          <APN>orange</APN>
          <UserId>orange</UserId>
          <Password>orange</Password>
        </PSparam>
      </Profile>
      <Profile>
        <NetworkName>Orange F</NetworkName>
        <Editable>no</Editable>
        <ProfileName>Orange entreprises</ProfileName>
        <Auth>normal</Auth>
        <Bearer>ps</Bearer>
        <Protocol>http</Protocol>
        <Proxy>
          <EnableFlag>on</EnableFlag>
          <ServAddr>172.016.002.008</ServAddr>
          <Port>8000</Port>
        </Proxy>
        <PSparam>
          <APN>orange-mib</APN>
          <UserId>orange</UserId>
          <Password>orange</Password>
        </PSparam>
      </Profile>
      <Profile>
        <NetworkName>Orange F</NetworkName>
        <IpVersion>ipv4v6</IpVersion>
        <Editable>no</Editable>
        <HiddenStatus>hidden</HiddenStatus>
        <ProfileName>Orange F IMS</ProfileName>
        <Auth>normal</Auth>
        <Protocol>http</Protocol>
        <PSparam>
          <APN>ims</APN>
        </PSparam>
      </Profile>
      <Profile>
        <NetworkName>Orange F</NetworkName>
        <IpVersion>ipv4v6</IpVersion>
        <Editable>no</Editable>
        <HiddenStatus>hidden</HiddenStatus>
        <ProfileName>Orange F VoWiFi</ProfileName>
        <URL>http://mms.orange.fr/</URL>
        <Auth>normal</Auth>
        <Bearer>iwlan</Bearer>
        <Protocol>http</Protocol>
        <Proxy>
          <EnableFlag>on</EnableFlag>
          <ServAddr>192.168.10.200</ServAddr>
          <Port>8080</Port>
        </Proxy>
        <PSparam>
          <APN>vowifiorange</APN>
        </PSparam>
      </Profile>
      <Profile>
        <NetworkName>Free</NetworkName>
        <Editable>yes</Editable>
        <ProfileName>Free</ProfileName>
        <Auth>none</Auth>
        <Bearer>ps</Bearer>
        <Protocol>http</Protocol>
        <Proxy>
          <EnableFlag>off</EnableFlag>
        </Proxy>
        <PSparam>
          <APN>free</APN>
        </PSparam>
      </Profile>
      <Profile>
        <NetworkName>Free</NetworkName>
        <Editable>yes</Editable>
        <ProfileName>Free MMS Full</ProfileName>
        <URL>http://mms.free.fr</URL>
        <Auth>none</Auth>
        <Bearer>psfirst</Bearer>
        <Protocol>http</Protocol>
        <Proxy>
          <EnableFlag>off</EnableFlag>
        </Proxy>
        <PSparam>
          <APN>free</APN>
        </PSparam>
      </Profile>
      <Profile>
        <NetworkName>Free</NetworkName>
        <Editable>yes</Editable>
        <ProfileName>Free MMS</ProfileName>
        <URL>http://mms.free.fr</URL>
        <Auth>none</Auth>
        <Bearer>psfirst</Bearer>
        <Protocol>http</Protocol>
        <Proxy>
          <EnableFlag>off</EnableFlag>
        </Proxy>
        <PSparam>
          <APN>mmsfree</APN>
        </PSparam>
      </Profile>
      <Profile>
        <NetworkName>Free La Réunion</NetworkName>
        <Editable>yes</Editable>
        <ProfileName>Free Re</ProfileName>
        <Auth>none</Auth>
        <Proxy>
          <EnableFlag>off</EnableFlag>
        </Proxy>
        <PSparam>
          <APN>free.re</APN>
        </PSparam>
      </Profile>
      <Profile>
        <NetworkName>Free La Réunion</NetworkName>
        <Editable>yes</Editable>
        <ProfileName>Free Re</ProfileName>
        <URL>http://mms.free.re</URL>
        <Auth>none</Auth>
        <Proxy>
          <EnableFlag>off</EnableFlag>
        </Proxy>
        <PSparam>
          <APN>free.re</APN>
        </PSparam>
      </Profile>
      <Profile>
        <NetworkName>Free la Réunion Roaming</NetworkName>
        <Editable>yes</Editable>
        <ProfileName>Free Re Int</ProfileName>
        <Auth>none</Auth>
        <Proxy>
          <EnableFlag>off</EnableFlag>
        </Proxy>
        <PSparam>
          <APN>free.re</APN>
        </PSparam>
      </Profile>
      <Profile>
        <NetworkName>Free la Réunion Roaming</NetworkName>
        <Editable>yes</Editable>
        <ProfileName>Free Re Int</ProfileName>
        <URL>http://mms.free.re</URL>
        <Auth>none</Auth>
        <Proxy>
          <EnableFlag>off</EnableFlag>
        </Proxy>
        <PSparam>
          <APN>free.re</APN>
        </PSparam>
      </Profile>
      <Profile>
        <NetworkName>Monaco Telecom</NetworkName>
        <Editable>yes</Editable>
        <ProfileName>internet</ProfileName>
        <Auth>none</Auth>
        <Proxy>
          <EnableFlag>off</EnableFlag>
        </Proxy>
        <PSparam>
          <APN>internet</APN>
        </PSparam>
      </Profile>
      <Profile>
        <NetworkName>Monaco Telecom</NetworkName>
        <Editable>yes</Editable>
        <ProfileName>internet</ProfileName>
        <URL>http://mms.monaco-telecom.mc</URL>
        <Auth>none</Auth>
        <Proxy>
          <EnableFlag>off</EnableFlag>
        </Proxy>
        <PSparam>
          <APN>internet</APN>
        </PSparam>
      </Profile>
      <Profile>
        <NetworkName>Monaco Telecom Roaming</NetworkName>
        <IpVersion>ipv4</IpVersion>
        <Editable>yes</Editable>
        <ProfileName>Orange World</ProfileName>
        <Auth>normal</Auth>
        <Bearer>ps</Bearer>
        <Protocol>http</Protocol>
        <Proxy>
          <EnableFlag>off</EnableFlag>
        </Proxy>
        <PSparam>
          <APN>orange</APN>
          <UserId>orange</UserId>
          <Password>orange</Password>
        </PSparam>
      </Profile>
      <Profile>
        <NetworkName>Monaco Telecom Roaming</NetworkName>
        <IpVersion>ipv4</IpVersion>
        <Editable>yes</Editable>
        <ProfileName>Orange MMS</ProfileName>
        <URL>http://mms.orange.fr</URL>
        <Auth>normal</Auth>
        <Bearer>ps</Bearer>
        <Protocol>http</Protocol>
        <Proxy>
          <EnableFlag>off</EnableFlag>
        </Proxy>
        <PSparam>
          <APN>orange</APN>
          <UserId>orange</UserId>
          <Password>orange</Password>
        </PSparam>
      </Profile>
      <Profile>
        <NetworkName>Monaco Telecom Roaming</NetworkName>
        <IpVersion>ipv4</IpVersion>
        <Editable>yes</Editable>
        <ProfileName>Orange Internet</ProfileName>
        <Auth>normal</Auth>
        <Bearer>ps</Bearer>
        <Protocol>http</Protocol>
        <Proxy>
          <EnableFlag>off</EnableFlag>
        </Proxy>
        <PSparam>
          <APN>orange.fr</APN>
          <UserId>orange</UserId>
          <Password>orange</Password>
        </PSparam>
      </Profile>
      <Profile>
        <NetworkName>F SFR</NetworkName>
        <Editable>yes</Editable>
        <ProfileName>SFR webphone</ProfileName>
        <Auth>normal</Auth>
        <Bearer>ps</Bearer>
        <Protocol>http</Protocol>
        <Proxy>
          <EnableFlag>off</EnableFlag>
        </Proxy>
        <PSparam>
          <APN>sl2sfr</APN>
        </PSparam>
      </Profile>
      <Profile>
        <NetworkName>F SFR</NetworkName>
        <IpVersion>ipv4v6</IpVersion>
        <Editable>yes</Editable>
        <HiddenStatus>hidden</HiddenStatus>
        <ProfileName>SFR IMS</ProfileName>
        <PSparam>
          <APN>ims</APN>
        </PSparam>
      </Profile>
      <Profile>
        <NetworkName>F SFR</NetworkName>
        <Editable>yes</Editable>
        <ProfileName>SFR MMS</ProfileName>
        <URL>http://mms1</URL>
        <Auth>normal</Auth>
        <Bearer>psfirst</Bearer>
        <Proxy>
          <EnableFlag>on</EnableFlag>
          <ServAddr>10.151.0.1</ServAddr>
          <Port>8080</Port>
        </Proxy>
        <PSparam>
          <APN>sl2sfr</APN>
        </PSparam>
        <CSparam>
          <TelNum>+33613000030</TelNum>
          <UserId>mms@mms</UserId>
          <Password>mms</Password>
          <CallType>analog</CallType>
        </CSparam>
      </Profile>
      <Profile>
        <NetworkName>F SFR</NetworkName>
        <Editable>yes</Editable>
        <ProfileName>SFR option modem</ProfileName>
        <Auth>normal</Auth>
        <Bearer>ps</Bearer>
        <Protocol>http</Protocol>
        <Proxy>
          <EnableFlag>off</EnableFlag>
        </Proxy>
        <PSparam>
          <APN>websfr</APN>
        </PSparam>
      </Profile>
      <Profile>
        <NetworkName>SFR RU</NetworkName>
        <Editable>yes</Editable>
        <ProfileName>SFR webphone</ProfileName>
        <URL>http://m.sfr.re</URL>
        <Auth>normal</Auth>
        <Bearer>ps</Bearer>
        <Proxy>
          <EnableFlag>off</EnableFlag>
        </Proxy>
        <PSparam>
          <APN>sl2sfr</APN>
        </PSparam>
      </Profile>
      <Profile>
        <NetworkName>SFR RU</NetworkName>
        <Editable>yes</Editable>
        <ProfileName>MMS</ProfileName>
        <URL>http://mms</URL>
        <Auth>normal</Auth>
        <Bearer>psfirst</Bearer>
        <Proxy>
          <EnableFlag>on</EnableFlag>
          <ServAddr>10.0.224.145</ServAddr>
          <Port>8080</Port>
        </Proxy>
        <PSparam>
          <APN>mmssfr</APN>
          <UserId>mms</UserId>
          <Password>mms</Password>
        </PSparam>
      </Profile>
      <Profile>
        <NetworkName>SFR RU</NetworkName>
        <Editable>yes</Editable>
        <ProfileName>SFR option modem</ProfileName>
        <Auth>normal</Auth>
        <Bearer>ps</Bearer>
        <Protocol>http</Protocol>
        <Proxy>
          <EnableFlag>off</EnableFlag>
        </Proxy>
        <PSparam>
          <APN>websfr</APN>
        </PSparam>
      </Profile>
      <Profile>
        <NetworkName>BOUYGTEL</NetworkName>
        <IpVersion>ipv6</IpVersion>
        <Editable>yes</Editable>
        <ProfileName>Bouygues Internet</ProfileName>
        <Auth>normal</Auth>
        <Bearer>ps</Bearer>
        <Protocol>http</Protocol>
        <Proxy>
          <EnableFlag>off</EnableFlag>
        </Proxy>
        <PSparam>
          <APN>mmsbouygtel.com</APN>
        </PSparam>
      </Profile>
      <Profile>
        <NetworkName>BOUYGTEL</NetworkName>
        <IpVersion>ipv6</IpVersion>
        <Editable>yes</Editable>
        <ProfileName>Bouygues MMS</ProfileName>
        <URL>http://mms.bouyguestelecom.fr/mms/wapenc</URL>
        <Auth>normal</Auth>
        <Bearer>ps</Bearer>
        <Protocol>http</Protocol>
        <Proxy>
          <EnableFlag>off</EnableFlag>
        </Proxy>
        <PSparam>
          <APN>mmsbouygtel.com</APN>
        </PSparam>
      </Profile>
      <Profile>
        <NetworkName>BOUYGTEL</NetworkName>
        <IpVersion>ipv4v6</IpVersion>
        <RoamingIpVersion>ipv4v6</RoamingIpVersion>
        <Editable>no</Editable>
        <ProfileName>Bouygues IMS</ProfileName>
        <Auth>normal</Auth>
        <Protocol>http</Protocol>
        <PSparam>
          <APN>ims</APN>
        </PSparam>
      </Profile>
      <Profile>
        <NetworkName>NRJ (SFR)</NetworkName>
        <Editable>yes</Editable>
        <ProfileName>NRJWEB</ProfileName>
        <Auth>normal</Auth>
        <Bearer>ps</Bearer>
        <Protocol>http</Protocol>
        <Proxy>
          <EnableFlag>off</EnableFlag>
          <Port>0</Port>
        </Proxy>
        <PSparam>
          <APN>fnetnrj</APN>
        </PSparam>
      </Profile>
      <Profile>
        <NetworkName>NRJ (SFR)</NetworkName>
        <Editable>yes</Editable>
        <ProfileName>NRJMMS</ProfileName>
        <URL>http://mmsnrj</URL>
        <Auth>normal</Auth>
        <Bearer>ps</Bearer>
        <Protocol>http</Protocol>
        <Proxy>
          <EnableFlag>on</EnableFlag>
          <ServAddr>10.143.156.5</ServAddr>
          <Port>8080</Port>
        </Proxy>
        <PSparam>
          <APN>mmsnrj</APN>
        </PSparam>
      </Profile>
      <Profile>
        <NetworkName>NRJ (FMVNO)</NetworkName>
        <IpVersion>ipv4v6</IpVersion>
        <Editable>yes</Editable>
        <ProfileName>NET26</ProfileName>
        <Auth>normal</Auth>
        <Bearer>ps</Bearer>
        <Protocol>http</Protocol>
        <Proxy>
          <EnableFlag>off</EnableFlag>
          <Port>0</Port>
        </Proxy>
        <PSparam>
          <APN>net26</APN>
        </PSparam>
      </Profile>
      <Profile>
        <NetworkName>NRJ (FMVNO)</NetworkName>
        <Editable>yes</Editable>
        <ProfileName>MMS26</ProfileName>
        <URL>http://mms26</URL>
        <Auth>normal</Auth>
        <Bearer>ps</Bearer>
        <Protocol>http</Protocol>
        <Proxy>
          <EnableFlag>on</EnableFlag>
          <ServAddr>10.143.156.5</ServAddr>
          <Port>8080</Port>
        </Proxy>
        <PSparam>
          <APN>mms26</APN>
        </PSparam>
      </Profile>
      <Profile>
        <NetworkName>Proximus (NRJ)</NetworkName>
        <Editable>yes</Editable>
        <ProfileName>Proximus Web</ProfileName>
        <Auth>normal</Auth>
        <Bearer>ps</Bearer>
        <Protocol>http</Protocol>
        <PSparam>
          <APN>internet.proximus.be</APN>
        </PSparam>
      </Profile>
      <Profile>
        <NetworkName>Proximus (NRJ)</NetworkName>
        <Editable>yes</Editable>
        <ProfileName>Proximus MMS</ProfileName>
        <URL>http://mmsc.proximus.be/mms</URL>
        <Auth>normal</Auth>
        <Bearer>ps</Bearer>
        <Protocol>http</Protocol>
        <Proxy>
          <EnableFlag>on</EnableFlag>
          <ServAddr>10.55.14.75</ServAddr>
          <Port>8080</Port>
        </Proxy>
        <PSparam>
          <APN>event.proximus.be</APN>
          <UserId>mms</UserId>
          <Password>mms</Password>
        </PSparam>
      </Profile>
      <Profile>
        <NetworkName>Virgin Mobile</NetworkName>
        <Editable>yes</Editable>
        <ProfileName>VM WAP</ProfileName>
        <Auth>normal</Auth>
        <Bearer>ps</Bearer>
        <Protocol>http</Protocol>
        <Proxy>
          <EnableFlag>off</EnableFlag>
        </Proxy>
        <PSparam>
          <APN>ofnew.fr</APN>
          <UserId>orange</UserId>
          <Password>orange</Password>
        </PSparam>
      </Profile>
      <Profile>
        <NetworkName>Virgin Mobile</NetworkName>
        <Editable>yes</Editable>
        <ProfileName>VM MMS</ProfileName>
        <URL>http://mms.orange.fr</URL>
        <Auth>normal</Auth>
        <Bearer>ps</Bearer>
        <Protocol>http</Protocol>
        <Proxy>
          <EnableFlag>on</EnableFlag>
          <ServAddr>192.168.10.200</ServAddr>
          <Port>8080</Port>
        </Proxy>
        <PSparam>
          <APN>orange.acte</APN>
          <UserId>orange</UserId>
          <Password>orange</Password>
        </PSparam>
      </Profile>
      <Profile>
        <NetworkName>Virgin (OMEA)</NetworkName>
        <Editable>yes</Editable>
        <ProfileName>Virgin mobile</ProfileName>
        <Auth>normal</Auth>
        <Bearer>psfirst</Bearer>
        <Protocol>http</Protocol>
        <Proxy>
          <EnableFlag>off</EnableFlag>
        </Proxy>
        <PSparam>
          <APN>virgin-mobile.fr</APN>
        </PSparam>
      </Profile>
      <Profile>
        <NetworkName>Virgin (OMEA)</NetworkName>
        <Editable>yes</Editable>
        <ProfileName>VM MMS</ProfileName>
        <URL>http://virginmms.fr</URL>
        <Auth>normal</Auth>
        <Bearer>ps</Bearer>
        <Protocol>http</Protocol>
        <Proxy>
          <EnableFlag>on</EnableFlag>
          <ServAddr>10.6.10.1</ServAddr>
          <Port>8080</Port>
        </Proxy>
        <PSparam>
          <APN>virgin-mobile.fr</APN>
        </PSparam>
      </Profile>
      <Profile>
        <NetworkName>Proximus (Virgin)</NetworkName>
        <Editable>yes</Editable>
        <ProfileName>Proximus Web</ProfileName>
        <Auth>normal</Auth>
        <Bearer>ps</Bearer>
        <Protocol>http</Protocol>
        <PSparam>
          <APN>internet.proximus.be</APN>
        </PSparam>
      </Profile>
      <Profile>
        <NetworkName>Proximus (Virgin)</NetworkName>
        <Editable>yes</Editable>
        <ProfileName>Proximus MMS</ProfileName>
        <URL>http://mmsc.proximus.be/mms</URL>
        <Auth>normal</Auth>
        <Bearer>ps</Bearer>
        <Protocol>http</Protocol>
        <Proxy>
          <EnableFlag>on</EnableFlag>
          <ServAddr>10.55.14.75</ServAddr>
          <Port>8080</Port>
        </Proxy>
        <PSparam>
          <APN>event.proximus.be</APN>
          <UserId>mms</UserId>
          <Password>mms</Password>
        </PSparam>
      </Profile>
      <Profile>
        <NetworkName>Virgin</NetworkName>
        <Editable>yes</Editable>
        <ProfileName>Virgin</ProfileName>
        <Auth>normal</Auth>
        <Bearer>ps</Bearer>
        <Protocol>http</Protocol>
        <Proxy>
          <EnableFlag>off</EnableFlag>
        </Proxy>
        <PSparam>
          <APN>sl2sfr</APN>
        </PSparam>
      </Profile>
      <Profile>
        <NetworkName>Virgin</NetworkName>
        <Editable>yes</Editable>
        <ProfileName>Virgin MMS</ProfileName>
        <URL>http://mms1</URL>
        <Auth>normal</Auth>
        <Bearer>psfirst</Bearer>
        <Proxy>
          <EnableFlag>on</EnableFlag>
          <ServAddr>10.151.0.1</ServAddr>
          <Port>8080</Port>
        </Proxy>
        <PSparam>
          <APN>sl2sfr</APN>
        </PSparam>
        <CSparam>
          <TelNum>+33613000030</TelNum>
          <UserId>mms@mms</UserId>
          <Password>mms</Password>
          <CallType>analog</CallType>
        </CSparam>
      </Profile>
      <Profile>
        <NetworkName>Virgin</NetworkName>
        <Editable>yes</Editable>
        <ProfileName>Virgin option modem</ProfileName>
        <Auth>normal</Auth>
        <Bearer>ps</Bearer>
        <Protocol>http</Protocol>
        <Proxy>
          <EnableFlag>off</EnableFlag>
        </Proxy>
        <PSparam>
          <APN>websfr</APN>
        </PSparam>
      </Profile>
      <Profile>
        <NetworkName>Carrefour</NetworkName>
        <Editable>yes</Editable>
        <ProfileName>Carrefour WAP</ProfileName>
        <Auth>normal</Auth>
        <Bearer>ps</Bearer>
        <Protocol>http</Protocol>
        <Proxy>
          <EnableFlag>off</EnableFlag>
        </Proxy>
        <PSparam>
          <APN>ofnew.fr</APN>
          <UserId>orange</UserId>
          <Password>orange</Password>
        </PSparam>
      </Profile>
      <Profile>
        <NetworkName>Carrefour</NetworkName>
        <Editable>yes</Editable>
        <ProfileName>Carrefour MMS</ProfileName>
        <URL>http://mms.orange.fr/</URL>
        <Auth>normal</Auth>
        <Bearer>ps</Bearer>
        <Protocol>http</Protocol>
        <Proxy>
          <EnableFlag>on</EnableFlag>
          <ServAddr>192.168.10.200</ServAddr>
          <Port>8080</Port>
        </Proxy>
        <PSparam>
          <APN>orange.acte</APN>
          <UserId>orange</UserId>
          <Password>orange</Password>
        </PSparam>
      </Profile>
      <Profile>
        <NetworkName>NRJ (ORANGE)</NetworkName>
        <Editable>yes</Editable>
        <ProfileName>RSO WEB</ProfileName>
        <Auth>normal</Auth>
        <Bearer>ps</Bearer>
        <Protocol>http</Protocol>
        <Proxy>
          <EnableFlag>off</EnableFlag>
          <Port>0</Port>
        </Proxy>
        <PSparam>
          <APN>ofnew.fr</APN>
          <UserId>orange</UserId>
          <Password>orange</Password>
        </PSparam>
      </Profile>
      <Profile>
        <NetworkName>NRJ (ORANGE)</NetworkName>
        <Editable>yes</Editable>
        <ProfileName>RSO MMS</ProfileName>
        <URL>http://mms.orange.fr</URL>
        <Auth>normal</Auth>
        <Bearer>ps</Bearer>
        <Protocol>http</Protocol>
        <Proxy>
          <EnableFlag>on</EnableFlag>
          <ServAddr>192.168.10.200</ServAddr>
          <Port>8080</Port>
        </Proxy>
        <PSparam>
          <APN>orange.acte</APN>
          <UserId>orange</UserId>
          <Password>orange</Password>
        </PSparam>
      </Profile>
      <Profile>
        <NetworkName>Orange (340 01)</NetworkName>
        <Editable>no</Editable>
        <ProfileName>Orange World Caraïbe</ProfileName>
        <URL>http://3g.orangecaraibe.com/</URL>
        <Auth>normal</Auth>
        <Bearer>psfirst</Bearer>
        <Protocol>http</Protocol>
        <Proxy>
          <EnableFlag>off</EnableFlag>
        </Proxy>
        <PSparam>
          <APN>orangeweb</APN>
          <UserId>orange</UserId>
          <Password>orange</Password>
        </PSparam>
        <CSparam>
          <TelNum>+590690350071</TelNum>
          <UserId>orange</UserId>
          <Password>wap</Password>
          <CallType>isdn</CallType>
        </CSparam>
      </Profile>
      <Profile>
        <NetworkName>Orange (340 01)</NetworkName>
        <Editable>no</Editable>
        <ProfileName>Orange MMS Caraïbe</ProfileName>
        <URL>http://193.251.160.246/servlets/mms</URL>
        <Auth>normal</Auth>
        <Bearer>ps</Bearer>
        <Protocol>http</Protocol>
        <Proxy>
          <EnableFlag>on</EnableFlag>
          <ServAddr>10.0.0.10</ServAddr>
          <Port>8082</Port>
        </Proxy>
        <PSparam>
          <APN>orangewap</APN>
          <UserId>orange</UserId>
          <Password>orange</Password>
        </PSparam>
      </Profile>
      <Profile>
        <NetworkName>Orange (647 00)</NetworkName>
        <Editable>no</Editable>
        <ProfileName>Orange World re</ProfileName>
        <URL>http://wap.orange.re</URL>
        <Auth>normal</Auth>
        <Bearer>ps</Bearer>
        <Protocol>http</Protocol>
        <Proxy>
          <EnableFlag>off</EnableFlag>
        </Proxy>
        <PSparam>
          <APN>orangerun</APN>
          <UserId>orange</UserId>
          <Password>orange</Password>
        </PSparam>
      </Profile>
      <Profile>
        <NetworkName>Orange (647 00)</NetworkName>
        <Editable>no</Editable>
        <ProfileName>Orange MMS Réunion</ProfileName>
        <URL>http://mms.orange.re/</URL>
        <Auth>normal</Auth>
        <Bearer>ps</Bearer>
        <Protocol>http</Protocol>
        <Proxy>
          <EnableFlag>on</EnableFlag>
          <ServAddr>192.168.10.200</ServAddr>
          <Port>8080</Port>
        </Proxy>
        <PSparam>
          <APN>orangerun.acte</APN>
          <UserId>orange</UserId>
          <Password>orange</Password>
        </PSparam>
      </Profile>
      <Profile>
        <NetworkName>Orange (647 00)</NetworkName>
        <IpVersion>ipv4v6</IpVersion>
        <Editable>no</Editable>
        <HiddenStatus>hidden</HiddenStatus>
        <ProfileName>IMS</ProfileName>
        <Auth>normal</Auth>
        <Protocol>http</Protocol>
        <PSparam>
          <APN>ims</APN>
        </PSparam>
      </Profile>
      <Profile>
        <NetworkName>Orange (647 00)</NetworkName>
        <IpVersion>ipv4v6</IpVersion>
        <Editable>no</Editable>
        <HiddenStatus>hidden</HiddenStatus>
        <ProfileName>HOS</ProfileName>
        <Auth>normal</Auth>
        <Protocol>http</Protocol>
        <PSparam>
          <APN>orangeut</APN>
        </PSparam>
      </Profile>
      <Profile>
        <NetworkName>Simplicime</NetworkName>
        <Editable>yes</Editable>
        <ProfileName>WAP Simplicime</ProfileName>
        <Auth>normal</Auth>
        <Bearer>psfirst</Bearer>
        <Protocol>http</Protocol>
        <Proxy>
          <EnableFlag>on</EnableFlag>
          <ServAddr>192.168.21.3</ServAddr>
          <Port>8080</Port>
        </Proxy>
        <PSparam>
          <APN>wapdebitel</APN>
        </PSparam>
        <CSparam>
          <TelNum>+33613000033</TelNum>
          <CallType>isdn</CallType>
        </CSparam>
      </Profile>
      <Profile>
        <NetworkName>Simplicime</NetworkName>
        <Editable>yes</Editable>
        <ProfileName>MMS Simplicime</ProfileName>
        <URL>http://mmsdebitel</URL>
        <Auth>normal</Auth>
        <Bearer>ps</Bearer>
        <Protocol>http</Protocol>
        <Proxy>
          <EnableFlag>on</EnableFlag>
          <ServAddr>10.143.156.3</ServAddr>
          <Port>8080</Port>
        </Proxy>
        <PSparam>
          <APN>mmsdebitel</APN>
        </PSparam>
      </Profile>
      <Profile>
        <NetworkName>Leclerc</NetworkName>
        <Editable>yes</Editable>
        <ProfileName>WAP LeclercMobile</ProfileName>
        <Auth>normal</Auth>
        <Bearer>psfirst</Bearer>
        <Protocol>http</Protocol>
        <Proxy>
          <EnableFlag>on</EnableFlag>
          <ServAddr>192.168.021.009</ServAddr>
          <Port>8080</Port>
        </Proxy>
        <PSparam>
          <APN>wap66</APN>
        </PSparam>
        <CSparam>
          <CallType>isdn</CallType>
        </CSparam>
      </Profile>
      <Profile>
        <NetworkName>Leclerc</NetworkName>
        <Editable>yes</Editable>
        <ProfileName>MMS LeclercMobile</ProfileName>
        <URL>http://mms66</URL>
        <Auth>normal</Auth>
        <Bearer>psfirst</Bearer>
        <Protocol>http</Protocol>
        <Proxy>
          <EnableFlag>on</EnableFlag>
          <ServAddr>10.143.156.9</ServAddr>
          <Port>8080</Port>
        </Proxy>
        <PSparam>
          <APN>mms66</APN>
        </PSparam>
      </Profile>
      <Profile>
        <NetworkName>Digicel</NetworkName>
        <IpVersion>ipv4v6</IpVersion>
        <Editable>yes</Editable>
        <ProfileName>Digicel</ProfileName>
        <URL>http://www.digicelgroup.com</URL>
        <Auth>normal</Auth>
        <Bearer>psfirst</Bearer>
        <Protocol>http</Protocol>
        <Proxy>
          <EnableFlag>off</EnableFlag>
        </Proxy>
        <PSparam>
          <APN>digicel</APN>
        </PSparam>
      </Profile>
      <Profile>
        <NetworkName>Digicel</NetworkName>
        <IpVersion>ipv4v6</IpVersion>
        <Editable>yes</Editable>
        <ProfileName>Digicel FR MMS</ProfileName>
        <URL>http://mmc.digicelfr.com/servlets/mms</URL>
        <Auth>normal</Auth>
        <Bearer>psfirst</Bearer>
        <Protocol>http</Protocol>
        <Proxy>
          <EnableFlag>on</EnableFlag>
          <ServAddr>172.24.16.12</ServAddr>
          <Port>9201</Port>
        </Proxy>
        <PSparam>
          <APN>wap.digicelfr.com</APN>
          <UserId>wap</UserId>
          <Password>wap</Password>
        </PSparam>
      </Profile>
      <Profile>
        <NetworkName>Wizzee</NetworkName>
        <IpVersion>ipv4v6</IpVersion>
        <Editable>yes</Editable>
        <ProfileName>Wizzee</ProfileName>
        <Auth>normal</Auth>
        <Bearer>psfirst</Bearer>
        <Protocol>http</Protocol>
        <Proxy>
          <EnableFlag>off</EnableFlag>
        </Proxy>
        <PSparam>
          <APN>internet</APN>
        </PSparam>
      </Profile>
      <Profile>
        <NetworkName>CORIOLIS</NetworkName>
        <Editable>yes</Editable>
        <ProfileName>Coriolis MMS</ProfileName>
        <URL>http://mms.coriolis.fr</URL>
        <Auth>normal</Auth>
        <Bearer>psfirst</Bearer>
        <Protocol>http</Protocol>
        <Proxy>
          <EnableFlag>on</EnableFlag>
          <ServAddr>10.12.0.1</ServAddr>
          <Port>9028</Port>
        </Proxy>
        <PSparam>
          <APN>mmscoriolis</APN>
        </PSparam>
      </Profile>
      <Profile>
        <NetworkName>CORIOLIS</NetworkName>
        <Editable>yes</Editable>
        <ProfileName>Coriolis web</ProfileName>
        <Auth>normal</Auth>
        <Bearer>psfirst</Bearer>
        <Protocol>http</Protocol>
        <PSparam>
          <APN>coriolis</APN>
        </PSparam>
        <CSparam>
          <TelNum>+33613000032</TelNum>
          <CallType>isdn</CallType>
        </CSparam>
      </Profile>
      <Profile>
        <NetworkName>La Poste Mobile</NetworkName>
        <Editable>yes</Editable>
        <ProfileName>WEB La Poste Mobile</ProfileName>
        <Auth>normal</Auth>
        <Bearer>ps</Bearer>
        <Protocol>http</Protocol>
        <PSparam>
          <APN>sl2sfr</APN>
        </PSparam>
      </Profile>
      <Profile>
        <NetworkName>La Poste Mobile</NetworkName>
        <Editable>yes</Editable>
        <ProfileName>MMS La Poste Mobile</ProfileName>
        <URL>http://mmsdebitel</URL>
        <Auth>normal</Auth>
        <Bearer>ps</Bearer>
        <Protocol>http</Protocol>
        <Proxy>
          <EnableFlag>on</EnableFlag>
          <ServAddr>010.143.156.003</ServAddr>
          <Port>8080</Port>
        </Proxy>
        <PSparam>
          <APN>sl2sfr</APN>
        </PSparam>
      </Profile>
      <Profile>
        <NetworkName>La Poste Mobile</NetworkName>
        <Editable>yes</Editable>
        <ProfileName>La Poste Mobile Modem</ProfileName>
        <Auth>normal</Auth>
        <Bearer>ps</Bearer>
        <Protocol>http</Protocol>
        <PSparam>
          <APN>websfr</APN>
        </PSparam>
      </Profile>
      <Profile>
        <NetworkName>La Poste Mobile</NetworkName>
        <IpVersion>ipv4v6</IpVersion>
        <Editable>yes</Editable>
        <ProfileName>La Poste Mobile IMS</ProfileName>
        <PSparam>
          <APN>ims</APN>
        </PSparam>
      </Profile>
      <Profile>
        <NetworkName>Legos</NetworkName>
        <IpVersion>ipv4</IpVersion>
        <Editable>yes</Editable>
        <ProfileName>bornsip</ProfileName>
        <Auth>normal</Auth>
        <Bearer>ps</Bearer>
        <Protocol>http</Protocol>
        <PSparam>
          <APN>bornsip</APN>
        </PSparam>
      </Profile>
      <Profile>
        <NetworkName>Legos</NetworkName>
        <IpVersion>ipv4</IpVersion>
        <Editable>yes</Editable>
        <ProfileName>bornsipmms</ProfileName>
        <URL>http://mms.bornsip.fr:8191</URL>
        <Auth>normal</Auth>
        <Bearer>ps</Bearer>
        <Protocol>http</Protocol>
        <PSparam>
          <APN>bornsipmms</APN>
        </PSparam>
      </Profile>
    </Connections>
    <IMSSetting>
      <NbSetting>5</NbSetting>
      <Setting>
        <NetworkName>BOUYGTEL</NetworkName>
        <Version>3.0</Version>
        <EnableIMS>true</EnableIMS>
        <VoLTE>
          <EnableVoLTE>true</EnableVoLTE>
          <EnableVoiceoverWIFI>true</EnableVoiceoverWIFI>
          <EnableVideocall>true</EnableVideocall>
          <EnableVoLTEindicator>true</EnableVoLTEindicator>
          <Voice_Domain_Preference_EUTRAN>imspsvoicepreferred</Voice_Domain_Preference_EUTRAN>
          <Emregencycall_Domain>ps</Emregencycall_Domain>
          <SRVCCversion>10</SRVCCversion>
          <SS_Domain_Preference>ps_only_volteregied</SS_Domain_Preference>
          <SS_PS_Control_Preference>xcap</SS_PS_Control_Preference>
          <SS_CSFBwithIMSerror>true</SS_CSFBwithIMSerror>
          <USSD_Domain_Preference>cs</USSD_Domain_Preference>
          <EnableSMSoverIP>true</EnableSMSoverIP>
        </VoLTE>
      </Setting>
      <Setting>
        <NetworkName>F SFR</NetworkName>
        <Version>3.0</Version>
        <EnableIMS>true</EnableIMS>
        <VoLTE>
          <EnableVoLTE>true</EnableVoLTE>
          <EnableVoiceoverWIFI>true</EnableVoiceoverWIFI>
          <EnableVideocall>false</EnableVideocall>
          <EnableVoLTEindicator>false</EnableVoLTEindicator>
          <Voice_Domain_Preference_EUTRAN>imspsvoicepreferred</Voice_Domain_Preference_EUTRAN>
          <Emregencycall_Domain>ps</Emregencycall_Domain>
          <SRVCCversion>10</SRVCCversion>
          <SS_Domain_Preference>ps_only_psregied</SS_Domain_Preference>
          <SS_PS_Control_Preference>xcap</SS_PS_Control_Preference>
          <SS_CSFBwithIMSerror>true</SS_CSFBwithIMSerror>
          <USSD_Domain_Preference>cs</USSD_Domain_Preference>
          <EnableSMSoverIP>true</EnableSMSoverIP>
        </VoLTE>
      </Setting>
      <Setting>
        <NetworkName>Orange F</NetworkName>
        <Version>3.0</Version>
        <EnableIMS>true</EnableIMS>
        <VoLTE>
          <EnableVoLTE>true</EnableVoLTE>
          <EnableVoiceoverWIFI>true</EnableVoiceoverWIFI>
          <EnableVideocall>false</EnableVideocall>
          <EnableVoLTEindicator>false</EnableVoLTEindicator>
          <Voice_Domain_Preference_EUTRAN>imspsvoicepreferred</Voice_Domain_Preference_EUTRAN>
          <Emregencycall_Domain>ps</Emregencycall_Domain>
          <SRVCCversion>10</SRVCCversion>
          <SS_Domain_Preference>ps_only_psregied</SS_Domain_Preference>
          <SS_PS_Control_Preference>xcap</SS_PS_Control_Preference>
          <SS_CSFBwithIMSerror>false</SS_CSFBwithIMSerror>
          <USSD_Domain_Preference>cs</USSD_Domain_Preference>
          <EnableSMSoverIP>true</EnableSMSoverIP>
        </VoLTE>
      </Setting>
      <Setting>
        <NetworkName>Orange (647 00)</NetworkName>
        <Version>3.0</Version>
        <EnableIMS>true</EnableIMS>
        <VoLTE>
          <EnableVoLTE>true</EnableVoLTE>
          <EnableVoiceoverWIFI>true</EnableVoiceoverWIFI>
          <EnableVideocall>false</EnableVideocall>
          <EnableVoLTEindicator>false</EnableVoLTEindicator>
          <Voice_Domain_Preference_EUTRAN>imspsvoicepreferred</Voice_Domain_Preference_EUTRAN>
          <Emregencycall_Domain>ps</Emregencycall_Domain>
          <SRVCCversion>10</SRVCCversion>
          <SS_Domain_Preference>ps_only_psregied</SS_Domain_Preference>
          <SS_PS_Control_Preference>xcap</SS_PS_Control_Preference>
          <SS_CSFBwithIMSerror>false</SS_CSFBwithIMSerror>
          <USSD_Domain_Preference>cs</USSD_Domain_Preference>
          <EnableSMSoverIP>true</EnableSMSoverIP>
        </VoLTE>
      </Setting>
      <Setting>
        <NetworkName>La Poste Mobile</NetworkName>
        <Version>3.0</Version>
        <EnableIMS>true</EnableIMS>
        <VoLTE>
          <EnableVoLTE>true</EnableVoLTE>
          <EnableVoiceoverWIFI>true</EnableVoiceoverWIFI>
          <EnableVideocall>false</EnableVideocall>
          <EnableVoLTEindicator>false</EnableVoLTEindicator>
          <Voice_Domain_Preference_EUTRAN>imspsvoicepreferred</Voice_Domain_Preference_EUTRAN>
          <Emregencycall_Domain>ps</Emregencycall_Domain>
          <SRVCCversion>10</SRVCCversion>
          <SS_Domain_Preference>ps_only_psregied</SS_Domain_Preference>
          <SS_PS_Control_Preference>xcap</SS_PS_Control_Preference>
          <SS_CSFBwithIMSerror>true</SS_CSFBwithIMSerror>
          <USSD_Domain_Preference>cs</USSD_Domain_Preference>
          <EnableSMSoverIP>true</EnableSMSoverIP>
        </VoLTE>
      </Setting>
    </IMSSetting>
  </Settings>
</CustomerData>