<?xml version="1.0" encoding="UTF-8"?>
<CustomerData>
  <GeneralInfo>
    <CSCEdition>ED0003</CSCEdition>
    <Country>Luxembourg</Country>
    <CountryISO>LU</CountryISO>
    <Region>EUR</Region>
    <SalesCode>LUX</SalesCode>
    <NbNetworkInfo>10</NbNetworkInfo>
    <NetworkInfo>
      <MCCMNC>20610</MCCMNC>
      <NetworkName>Orange B</NetworkName>
      <NWID>NW00918</NWID>
      <SPName>Orange B</SPName>
    </NetworkInfo>
    <NetworkInfo>
      <MCCMNC>20601</MCCMNC>
      <NetworkName>Proximus</NetworkName>
      <NWID>NW01053</NWID>
    </NetworkInfo>
    <NetworkInfo>
      <MCCMNC>20620</MCCMNC>
      <NetworkName>BASE</NetworkName>
      <NWID>NW00098</NWID>
      <SPName>BASE</SPName>
    </NetworkInfo>
    <NetworkInfo>
      <MCCMNC>20605</MCCMNC>
      <NetworkName>Telenet</NetworkName>
      <NWID>NW01258</NWID>
    </NetworkInfo>
    <NetworkInfo>
      <MCCMNC>20608</MCCMNC>
      <NetworkName>VOO</NetworkName>
      <NWID>NW01660</NWID>
    </NetworkInfo>
    <NetworkInfo>
      <MCCMNC>20601</MCCMNC>
      <NetworkName>Telenet</NetworkName>
      <NWID>NW01258</NWID>
      <SPCode>889</SPCode>
      <SPName>Telenet</SPName>
    </NetworkInfo>
    <NetworkInfo>
      <MCCMNC>27077</MCCMNC>
      <NetworkName>Tango</NetworkName>
      <NWID>NW01214</NWID>
      <SPName>Tango</SPName>
    </NetworkInfo>
    <NetworkInfo>
      <MCCMNC>27001</MCCMNC>
      <NetworkName>POST</NetworkName>
      <NWID>NW01019</NWID>
      <SPName>POST</SPName>
    </NetworkInfo>
    <NetworkInfo>
      <MCCMNC>27099</MCCMNC>
      <NetworkName>Orange LUX</NetworkName>
      <NWID>NW00943</NWID>
      <SPName>Orange LUX</SPName>
    </NetworkInfo>
    <NetworkInfo>
      <MCCMNC>27001</MCCMNC>
      <NetworkName>Join</NetworkName>
      <NWID>NW00630</NWID>
      <SPCode>6</SPCode>
      <SPName>Join</SPName>
    </NetworkInfo>
  </GeneralInfo>
  <Settings>
    <Main>
      <Security>
        <OneSIMLock>none</OneSIMLock>
        <SeparateLock>none</SeparateLock>
      </Security>
      <Network>
        <NbWbAmr>5</NbWbAmr>
        <WbAmr>
          <NetworkName>POST</NetworkName>
          <WbAmrCodec>on</WbAmrCodec>
        </WbAmr>
        <WbAmr>
          <NetworkName>Orange B</NetworkName>
          <WbAmrCodec>on</WbAmrCodec>
        </WbAmr>
        <WbAmr>
          <NetworkName>Proximus</NetworkName>
          <WbAmrCodec>on</WbAmrCodec>
        </WbAmr>
        <WbAmr>
          <NetworkName>Telenet</NetworkName>
          <WbAmrCodec>on</WbAmrCodec>
        </WbAmr>
        <WbAmr>
          <NetworkName>BASE</NetworkName>
          <WbAmrCodec>on</WbAmrCodec>
        </WbAmr>
        <NbSOSNumber>1</NbSOSNumber>
        <SOSNumber>100, 112, 911</SOSNumber>
        <NbSOSNumberNoSIM>1</NbSOSNumberNoSIM>
        <SOSNumberNoSIM>100, 112, 911</SOSNumberNoSIM>
        <AutoProfile>on</AutoProfile>
        <AutoVoicemail>off</AutoVoicemail>
        <AutoEmailAccount>off</AutoEmailAccount>
        <AutoBookmark>off</AutoBookmark>
        <AutoLink>off</AutoLink>
        <AutoSyncML>off</AutoSyncML>
        <AutoFastDormancy>off</AutoFastDormancy>
        <AutoWbAmr>on</AutoWbAmr>
        <AutoFOTA>off</AutoFOTA>
      </Network>
      <Sound>
        <ExtraSound>
          <ConnectTone>on</ConnectTone>
          <CallEndTone>on</CallEndTone>
        </ExtraSound>
      </Sound>
      <Phone>
        <AlertOnCall>on</AlertOnCall>
        <DefLanguage>en_GB</DefLanguage>
        <DefLanguageNoSIM>en_GB</DefLanguageNoSIM>
        <DateTimeFormat>
          <DateFormat>ddmmyyyy</DateFormat>
          <TimeFormat>24h</TimeFormat>
          <TimezoneUpdate>on</TimezoneUpdate>
        </DateTimeFormat>
      </Phone>
    </Main>
    <Contact>
      <ContactSort>firstname</ContactSort>
    </Contact>
    <Calendar>
      <StartDay>monday</StartDay>
    </Calendar>
    <Messages>
      <PushMsg>
        <RecOption>on</RecOption>
        <PushLoading>prompt</PushLoading>
      </PushMsg>
      <SMS>
        <DeliveryReport>off</DeliveryReport>
        <MsgTypeThreshold>
          <ThresholdValue>10</ThresholdValue>
        </MsgTypeThreshold>
        <SSMS>off</SSMS>
      </SMS>
      <MMS>
        <MmsSending>
          <MessageSize>300</MessageSize>
          <CreationMode>free</CreationMode>
        </MmsSending>
        <MmsReceiving>
          <Home>auto</Home>
          <Roaming>manual</Roaming>
        </MmsReceiving>
      </MMS>
    </Messages>
    <Browser>
      <NbBookmark>2</NbBookmark>
      <Bookmark>
        <NetworkName>default</NetworkName>
        <BookmarkName>Google</BookmarkName>
        <URL>http://www.google.com/m?client={CID}&amp;source=android-home</URL>
      </Bookmark>
      <Bookmark>
        <NetworkName>default</NetworkName>
        <Editable>yes</Editable>
        <BookmarkName>Galaxy Shop</BookmarkName>
        <URL>https://www.samsung.com/mobile/?cid=global_owned_app_s-internet_none_none_bookmark_bookmark_202008_none</URL>
      </Bookmark>
      <eManual>
        <URL>http://www.samsung.com/m-manual/common</URL>
      </eManual>
    </Browser>
    <Connections>
      <NbProfileHandle>9</NbProfileHandle>
      <ProfileHandle>
        <NbNetProfile>4</NbNetProfile>
        <NetworkName>BASE</NetworkName>
        <ProfBrowser>BASE Internet</ProfBrowser>
        <ProfMMS>BASE MMS</ProfMMS>
        <ProfIMS>BASE IMS</ProfIMS>
        <ProfXCAP>BASE XCAP</ProfXCAP>
        <ProfEpdg>BASE IMS</ProfEpdg>
        <ProfEpdgXCAP>BASE XCAP</ProfEpdgXCAP>
      </ProfileHandle>
      <ProfileHandle>
        <NbNetProfile>1</NbNetProfile>
        <NetworkName>VOO</NetworkName>
        <ProfBrowser>VOO Internet</ProfBrowser>
      </ProfileHandle>
      <ProfileHandle>
        <NbNetProfile>3</NbNetProfile>
        <NetworkName>Orange B</NetworkName>
        <ProfBrowser>Orange Internet</ProfBrowser>
        <ProfMMS>Orange MMS</ProfMMS>
        <ProfIMS>Orange B IMS</ProfIMS>
        <ProfEpdg>Orange B IMS</ProfEpdg>
      </ProfileHandle>
      <ProfileHandle>
        <NbNetProfile>4</NbNetProfile>
        <NetworkName>Proximus</NetworkName>
        <ProfBrowser>Proximus Internet</ProfBrowser>
        <ProfMMS>Proximus MMS</ProfMMS>
        <ProfIMS>Proximus IMS</ProfIMS>
        <ProfXCAP>Proximus XCAP</ProfXCAP>
        <ProfEpdg>Proximus IMS</ProfEpdg>
        <ProfEpdgXCAP>Proximus XCAP</ProfEpdgXCAP>
      </ProfileHandle>
      <ProfileHandle>
        <NbNetProfile>4</NbNetProfile>
        <NetworkName>Telenet</NetworkName>
        <ProfBrowser>Telenet Internet</ProfBrowser>
        <ProfMMS>Telenet MMS</ProfMMS>
        <ProfIMS>Telenet IMS</ProfIMS>
        <ProfXCAP>Telenet XCAP</ProfXCAP>
        <ProfEpdg>Telenet IMS</ProfEpdg>
        <ProfEpdgXCAP>Telenet XCAP</ProfEpdgXCAP>
      </ProfileHandle>
      <ProfileHandle>
        <NbNetProfile>4</NbNetProfile>
        <NetworkName>Tango</NetworkName>
        <ProfBrowser>Tango Internet</ProfBrowser>
        <ProfMMS>Tango MMS</ProfMMS>
        <ProfIMS>Tango IMS</ProfIMS>
        <ProfXCAP>Tango XCAP</ProfXCAP>
        <ProfEpdg>Tango IMS</ProfEpdg>
        <ProfEpdgXCAP>Tango XCAP</ProfEpdgXCAP>
      </ProfileHandle>
      <ProfileHandle>
        <NbNetProfile>4</NbNetProfile>
        <NetworkName>POST</NetworkName>
        <ProfBrowser>POST Internet</ProfBrowser>
        <ProfMMS>POST MMS</ProfMMS>
        <ProfIMS>POST IMS</ProfIMS>
        <ProfXCAP>POST XCAP</ProfXCAP>
        <ProfEpdg>POST IMS</ProfEpdg>
        <ProfEpdgXCAP>POST XCAP</ProfEpdgXCAP>
      </ProfileHandle>
      <ProfileHandle>
        <NbNetProfile>3</NbNetProfile>
        <NetworkName>Orange LUX</NetworkName>
        <ProfBrowser>Orange LUX Internet</ProfBrowser>
        <ProfMMS>Orange LUX MMS</ProfMMS>
        <ProfIMS>Orange LUX IMS</ProfIMS>
        <ProfEpdg>Orange LUX IMS</ProfEpdg>
      </ProfileHandle>
      <ProfileHandle>
        <NbNetProfile>2</NbNetProfile>
        <NetworkName>Join</NetworkName>
        <ProfBrowser>Join Internet</ProfBrowser>
        <ProfMMS>Join MMS</ProfMMS>
      </ProfileHandle>
      <NbProfile>29</NbProfile>
      <Profile>
        <NetworkName>Orange B</NetworkName>
        <Editable>yes</Editable>
        <ProfileName>Orange MMS</ProfileName>
        <URL>http://mmsc.mobistar.be</URL>
        <Auth>normal</Auth>
        <Bearer>ps</Bearer>
        <Protocol>http</Protocol>
        <Proxy>
          <EnableFlag>on</EnableFlag>
          <ServAddr>212.65.63.143</ServAddr>
          <Port>8080</Port>
        </Proxy>
        <PSparam>
          <APN>mms.be</APN>
        </PSparam>
      </Profile>
      <Profile>
        <NetworkName>Orange B</NetworkName>
        <Editable>yes</Editable>
        <ProfileName>Orange Internet</ProfileName>
        <Auth>none</Auth>
        <Bearer>ps</Bearer>
        <Protocol>http</Protocol>
        <Proxy>
          <EnableFlag>off</EnableFlag>
        </Proxy>
        <PSparam>
          <APN>mworld.be</APN>
        </PSparam>
      </Profile>
      <Profile>
        <NetworkName>Orange B</NetworkName>
        <IpVersion>ipv4</IpVersion>
        <Editable>no</Editable>
        <ProfileName>Orange B IMS</ProfileName>
        <Auth>none</Auth>
        <Bearer>ps</Bearer>
        <Protocol>http</Protocol>
        <MTUSize>1300</MTUSize>
        <Proxy>
          <EnableFlag>off</EnableFlag>
        </Proxy>
        <PSparam>
          <APN>ims</APN>
        </PSparam>
      </Profile>
      <Profile>
        <NetworkName>Proximus</NetworkName>
        <Editable>yes</Editable>
        <ProfileName>Proximus MMS</ProfileName>
        <URL>http://mmsc.proximus.be/mms</URL>
        <Auth>normal</Auth>
        <Bearer>ps</Bearer>
        <Protocol>http</Protocol>
        <Proxy>
          <EnableFlag>on</EnableFlag>
          <ServAddr>10.55.14.75</ServAddr>
          <Port>8080</Port>
        </Proxy>
        <PSparam>
          <APN>event.proximus.be</APN>
          <UserId>mms</UserId>
          <Password>mms</Password>
        </PSparam>
      </Profile>
      <Profile>
        <NetworkName>Proximus</NetworkName>
        <IpVersion>ipv4v6</IpVersion>
        <Editable>yes</Editable>
        <ProfileName>Proximus IMS</ProfileName>
        <Auth>none</Auth>
        <Bearer>ps</Bearer>
        <Protocol>http</Protocol>
        <PSparam>
          <APN>ims</APN>
        </PSparam>
      </Profile>
      <Profile>
        <NetworkName>Proximus</NetworkName>
        <IpVersion>ipv4v6</IpVersion>
        <Editable>yes</Editable>
        <ProfileName>Proximus XCAP</ProfileName>
        <Auth>none</Auth>
        <Bearer>lte</Bearer>
        <Protocol>http</Protocol>
        <PSparam>
          <APN>HOS</APN>
        </PSparam>
      </Profile>
      <Profile>
        <NetworkName>Proximus</NetworkName>
        <IpVersion>ipv4v6</IpVersion>
        <Editable>yes</Editable>
        <ProfileName>Proximus Internet</ProfileName>
        <Auth>none</Auth>
        <Bearer>ps</Bearer>
        <Protocol>http</Protocol>
        <Proxy>
          <EnableFlag>off</EnableFlag>
        </Proxy>
        <PSparam>
          <APN>internet.proximus.be</APN>
        </PSparam>
      </Profile>
      <Profile>
        <NetworkName>BASE</NetworkName>
        <Editable>yes</Editable>
        <ProfileName>BASE MMS</ProfileName>
        <URL>http://mmsc.BASE.be</URL>
        <Auth>normal</Auth>
        <Bearer>ps</Bearer>
        <Protocol>http</Protocol>
        <Proxy>
          <EnableFlag>on</EnableFlag>
          <ServAddr>217.72.235.1</ServAddr>
          <Port>8080</Port>
        </Proxy>
        <PSparam>
          <APN>mms.BASE.be</APN>
          <UserId>BASE</UserId>
          <Password>BASE</Password>
        </PSparam>
      </Profile>
      <Profile>
        <NetworkName>BASE</NetworkName>
        <Editable>yes</Editable>
        <ProfileName>BASE Internet</ProfileName>
        <Auth>normal</Auth>
        <Bearer>ps</Bearer>
        <Protocol>http</Protocol>
        <Proxy>
          <EnableFlag>off</EnableFlag>
        </Proxy>
        <PSparam>
          <APN>gprs.BASE.be</APN>
          <UserId>BASE</UserId>
          <Password>BASE</Password>
        </PSparam>
      </Profile>
      <Profile>
        <NetworkName>BASE</NetworkName>
        <Editable>yes</Editable>
        <ProfileName>BASE XCAP</ProfileName>
        <PSparam>
          <APN>XCAP</APN>
        </PSparam>
      </Profile>
      <Profile>
        <NetworkName>BASE</NetworkName>
        <IpVersion>ipv6</IpVersion>
        <RoamingIpVersion>ipv6</RoamingIpVersion>
        <Editable>yes</Editable>
        <ProfileName>BASE IMS</ProfileName>
        <Bearer>ps</Bearer>
        <MTUSize>1300</MTUSize>
        <PSparam>
          <APN>ims</APN>
        </PSparam>
      </Profile>
      <Profile>
        <NetworkName>Telenet</NetworkName>
        <Editable>yes</Editable>
        <ProfileName>Telenet MMS</ProfileName>
        <URL>http://mmsc.telenet.be</URL>
        <Auth>normal</Auth>
        <Bearer>ps</Bearer>
        <Protocol>http</Protocol>
        <Proxy>
          <EnableFlag>on</EnableFlag>
          <ServAddr>195.130.149.100</ServAddr>
          <Port>80</Port>
        </Proxy>
        <PSparam>
          <APN>mms.be</APN>
        </PSparam>
      </Profile>
      <Profile>
        <NetworkName>Telenet</NetworkName>
        <Editable>yes</Editable>
        <ProfileName>Telenet Internet</ProfileName>
        <Auth>normal</Auth>
        <Bearer>ps</Bearer>
        <Protocol>http</Protocol>
        <Proxy>
          <EnableFlag>off</EnableFlag>
        </Proxy>
        <PSparam>
          <APN>telenetwap.be</APN>
        </PSparam>
      </Profile>
      <Profile>
        <NetworkName>Telenet</NetworkName>
        <Editable>yes</Editable>
        <ProfileName>Telenet XCAP</ProfileName>
        <PSparam>
          <APN>XCAP</APN>
        </PSparam>
      </Profile>
      <Profile>
        <NetworkName>Telenet</NetworkName>
        <IpVersion>ipv6</IpVersion>
        <RoamingIpVersion>ipv6</RoamingIpVersion>
        <Editable>yes</Editable>
        <ProfileName>Telenet IMS</ProfileName>
        <Bearer>ps</Bearer>
        <MTUSize>1300</MTUSize>
        <PSparam>
          <APN>ims</APN>
        </PSparam>
      </Profile>
      <Profile>
        <NetworkName>VOO</NetworkName>
        <Editable>yes</Editable>
        <ProfileName>VOO Internet</ProfileName>
        <Auth>normal</Auth>
        <Bearer>ps</Bearer>
        <Protocol>http</Protocol>
        <Proxy>
          <EnableFlag>off</EnableFlag>
        </Proxy>
        <PSparam>
          <APN>internet.voo.be</APN>
        </PSparam>
      </Profile>
      <Profile>
        <NetworkName>Tango</NetworkName>
        <Editable>yes</Editable>
        <ProfileName>Tango MMS</ProfileName>
        <URL>http://mms.tango.lu</URL>
        <Auth>none</Auth>
        <Bearer>ps</Bearer>
        <Protocol>http</Protocol>
        <Proxy>
          <EnableFlag>on</EnableFlag>
          <ServAddr>212.66.75.3</ServAddr>
          <Port>8080</Port>
        </Proxy>
        <PSparam>
          <APN>internet</APN>
          <UserId>tango</UserId>
          <Password>tango</Password>
        </PSparam>
      </Profile>
      <Profile>
        <NetworkName>Tango</NetworkName>
        <Editable>yes</Editable>
        <ProfileName>Tango Internet</ProfileName>
        <Auth>none</Auth>
        <Bearer>ps</Bearer>
        <Protocol>http</Protocol>
        <Proxy>
          <EnableFlag>off</EnableFlag>
        </Proxy>
        <PSparam>
          <APN>internet</APN>
          <UserId>tango</UserId>
          <Password>tango</Password>
        </PSparam>
      </Profile>
      <Profile>
        <NetworkName>Tango</NetworkName>
        <IpVersion>ipv4v6</IpVersion>
        <Editable>yes</Editable>
        <ProfileName>Tango XCAP</ProfileName>
        <Bearer>lte</Bearer>
        <Protocol>http</Protocol>
        <MTUSize>1500</MTUSize>
        <PSparam>
          <APN>hos</APN>
        </PSparam>
      </Profile>
      <Profile>
        <NetworkName>Tango</NetworkName>
        <IpVersion>ipv4v6</IpVersion>
        <Editable>yes</Editable>
        <ProfileName>Tango IMS</ProfileName>
        <Bearer>ps</Bearer>
        <Protocol>http</Protocol>
        <MTUSize>1500</MTUSize>
        <Proxy>
          <EnableFlag>off</EnableFlag>
        </Proxy>
        <PSparam>
          <APN>ims</APN>
        </PSparam>
      </Profile>
      <Profile>
        <NetworkName>POST</NetworkName>
        <IpVersion>ipv4</IpVersion>
        <RoamingIpVersion>ipv4</RoamingIpVersion>
        <Editable>yes</Editable>
        <ProfileName>POST Internet</ProfileName>
        <Auth>normal</Auth>
        <Bearer>ps</Bearer>
        <Protocol>http</Protocol>
        <Proxy>
          <EnableFlag>off</EnableFlag>
        </Proxy>
        <PSparam>
          <APN>web.pt.lu</APN>
        </PSparam>
      </Profile>
      <Profile>
        <NetworkName>POST</NetworkName>
        <IpVersion>ipv6</IpVersion>
        <Editable>yes</Editable>
        <ProfileName>POST XCAP</ProfileName>
        <Auth>none</Auth>
        <Bearer>ps</Bearer>
        <Protocol>http</Protocol>
        <PSparam>
          <APN>hos</APN>
        </PSparam>
      </Profile>
      <Profile>
        <NetworkName>POST</NetworkName>
        <IpVersion>ipv4</IpVersion>
        <Editable>yes</Editable>
        <ProfileName>POST MMS</ProfileName>
        <URL>http://mmsc.pt.lu</URL>
        <Auth>normal</Auth>
        <Bearer>ps</Bearer>
        <Protocol>http</Protocol>
        <Proxy>
          <EnableFlag>on</EnableFlag>
          <ServAddr>194.154.192.88</ServAddr>
          <Port>8080</Port>
        </Proxy>
        <PSparam>
          <APN>mms.pt.lu</APN>
          <UserId>mms</UserId>
          <Password>mms</Password>
        </PSparam>
      </Profile>
      <Profile>
        <NetworkName>POST</NetworkName>
        <IpVersion>ipv6</IpVersion>
        <Editable>yes</Editable>
        <ProfileName>POST IMS</ProfileName>
        <Auth>none</Auth>
        <Bearer>ps</Bearer>
        <Protocol>http</Protocol>
        <PSparam>
          <APN>ims</APN>
        </PSparam>
      </Profile>
      <Profile>
        <NetworkName>Orange LUX</NetworkName>
        <Editable>yes</Editable>
        <ProfileName>Orange LUX MMS</ProfileName>
        <URL>http://mms.orange.lu</URL>
        <Auth>normal</Auth>
        <Bearer>ps</Bearer>
        <Protocol>http</Protocol>
        <Proxy>
          <EnableFlag>on</EnableFlag>
          <ServAddr>212.88.139.44</ServAddr>
          <Port>8080</Port>
        </Proxy>
        <PSparam>
          <APN>orange.lu</APN>
        </PSparam>
      </Profile>
      <Profile>
        <NetworkName>Orange LUX</NetworkName>
        <Editable>yes</Editable>
        <ProfileName>Orange LUX Internet</ProfileName>
        <Auth>normal</Auth>
        <Bearer>ps</Bearer>
        <Protocol>http</Protocol>
        <Proxy>
          <EnableFlag>off</EnableFlag>
        </Proxy>
        <PSparam>
          <APN>orange.lu</APN>
        </PSparam>
      </Profile>
      <Profile>
        <NetworkName>Orange LUX</NetworkName>
        <Editable>yes</Editable>
        <ProfileName>Orange LUX IMS</ProfileName>
        <Auth>normal</Auth>
        <Bearer>ps</Bearer>
        <Protocol>http</Protocol>
        <Proxy>
          <EnableFlag>off</EnableFlag>
        </Proxy>
        <PSparam>
          <APN>ims</APN>
        </PSparam>
      </Profile>
      <Profile>
        <NetworkName>Join</NetworkName>
        <Editable>yes</Editable>
        <ProfileName>Join MMS</ProfileName>
        <URL>http://joinmms</URL>
        <Auth>normal</Auth>
        <Bearer>ps</Bearer>
        <Protocol>http</Protocol>
        <Proxy>
          <EnableFlag>on</EnableFlag>
          <ServAddr>joinproxy</ServAddr>
          <Port>8080</Port>
        </Proxy>
        <PSparam>
          <APN>joinmms</APN>
        </PSparam>
      </Profile>
      <Profile>
        <NetworkName>Join</NetworkName>
        <Editable>yes</Editable>
        <ProfileName>Join Internet</ProfileName>
        <Auth>normal</Auth>
        <Bearer>ps</Bearer>
        <Protocol>http</Protocol>
        <Proxy>
          <EnableFlag>off</EnableFlag>
        </Proxy>
        <PSparam>
          <APN>join</APN>
        </PSparam>
      </Profile>
    </Connections>
    <IMSSetting>
      <NbSetting>7</NbSetting>
      <Setting>
        <NetworkName>Proximus</NetworkName>
        <Version>3.0</Version>
        <EnableIMS>true</EnableIMS>
        <VoLTE>
          <EnableVoLTE>true</EnableVoLTE>
          <EnableVoiceoverWIFI>true</EnableVoiceoverWIFI>
          <EnableVideocall>true</EnableVideocall>
          <EnableVoLTEindicator>true</EnableVoLTEindicator>
          <Voice_Domain_Preference_EUTRAN>imspsvoicepreferred</Voice_Domain_Preference_EUTRAN>
          <Emregencycall_Domain>ps</Emregencycall_Domain>
          <SRVCCversion>10</SRVCCversion>
          <SS_Domain_Preference>ps_only_volteregied</SS_Domain_Preference>
          <SS_PS_Control_Preference>xcap</SS_PS_Control_Preference>
          <SS_CSFBwithIMSerror>true</SS_CSFBwithIMSerror>
          <USSD_Domain_Preference>cs</USSD_Domain_Preference>
          <EnableSMSoverIP>true</EnableSMSoverIP>
        </VoLTE>
      </Setting>
      <Setting>
        <NetworkName>BASE</NetworkName>
        <Version>3.0</Version>
        <EnableIMS>true</EnableIMS>
        <VoLTE>
          <EnableVoLTE>true</EnableVoLTE>
          <EnableVoiceoverWIFI>true</EnableVoiceoverWIFI>
          <EnableVideocall>false</EnableVideocall>
          <EnableVoLTEindicator>true</EnableVoLTEindicator>
          <Voice_Domain_Preference_EUTRAN>imspsvoicepreferred</Voice_Domain_Preference_EUTRAN>
          <Emregencycall_Domain>cs</Emregencycall_Domain>
          <SRVCCversion>10</SRVCCversion>
          <SS_Domain_Preference>ps_only_psregied</SS_Domain_Preference>
          <SS_PS_Control_Preference>xcap</SS_PS_Control_Preference>
          <SS_CSFBwithIMSerror>true</SS_CSFBwithIMSerror>
          <USSD_Domain_Preference>cs</USSD_Domain_Preference>
          <EnableSMSoverIP>true</EnableSMSoverIP>
        </VoLTE>
      </Setting>
      <Setting>
        <NetworkName>Tango</NetworkName>
        <Version>3.0</Version>
        <EnableIMS>true</EnableIMS>
        <VoLTE>
          <EnableVoLTE>true</EnableVoLTE>
          <EnableVoiceoverWIFI>true</EnableVoiceoverWIFI>
          <EnableVideocall>false</EnableVideocall>
          <EnableVoLTEindicator>true</EnableVoLTEindicator>
          <Voice_Domain_Preference_EUTRAN>imspsvoicepreferred</Voice_Domain_Preference_EUTRAN>
          <Emregencycall_Domain>cs</Emregencycall_Domain>
          <SRVCCversion>10</SRVCCversion>
          <SS_Domain_Preference>ps_only_volteregied</SS_Domain_Preference>
          <SS_PS_Control_Preference>xcap</SS_PS_Control_Preference>
          <SS_CSFBwithIMSerror>true</SS_CSFBwithIMSerror>
          <USSD_Domain_Preference>cs</USSD_Domain_Preference>
          <EnableSMSoverIP>false</EnableSMSoverIP>
        </VoLTE>
      </Setting>
      <Setting>
        <NetworkName>Telenet</NetworkName>
        <Version>3.0</Version>
        <EnableIMS>true</EnableIMS>
        <VoLTE>
          <EnableVoLTE>true</EnableVoLTE>
          <EnableVoiceoverWIFI>true</EnableVoiceoverWIFI>
          <EnableVideocall>false</EnableVideocall>
          <EnableVoLTEindicator>true</EnableVoLTEindicator>
          <Voice_Domain_Preference_EUTRAN>imspsvoicepreferred</Voice_Domain_Preference_EUTRAN>
          <Emregencycall_Domain>cs</Emregencycall_Domain>
          <SRVCCversion>10</SRVCCversion>
          <SS_Domain_Preference>ps_only_psregied</SS_Domain_Preference>
          <SS_PS_Control_Preference>xcap</SS_PS_Control_Preference>
          <SS_CSFBwithIMSerror>true</SS_CSFBwithIMSerror>
          <USSD_Domain_Preference>cs</USSD_Domain_Preference>
          <EnableSMSoverIP>true</EnableSMSoverIP>
        </VoLTE>
      </Setting>
      <Setting>
        <NetworkName>Orange B</NetworkName>
        <Version>3.0</Version>
        <EnableIMS>true</EnableIMS>
        <VoLTE>
          <EnableVoLTE>true</EnableVoLTE>
          <EnableVoiceoverWIFI>true</EnableVoiceoverWIFI>
          <EnableVideocall>false</EnableVideocall>
          <EnableVoLTEindicator>true</EnableVoLTEindicator>
          <Voice_Domain_Preference_EUTRAN>imspsvoicepreferred</Voice_Domain_Preference_EUTRAN>
          <Emregencycall_Domain>ps</Emregencycall_Domain>
          <SRVCCversion>10</SRVCCversion>
          <SS_Domain_Preference>cs_always</SS_Domain_Preference>
          <SS_PS_Control_Preference>xcap</SS_PS_Control_Preference>
          <SS_CSFBwithIMSerror>true</SS_CSFBwithIMSerror>
          <USSD_Domain_Preference>cs</USSD_Domain_Preference>
          <EnableSMSoverIP>false</EnableSMSoverIP>
        </VoLTE>
        <RCS>
          <EnableRCS>true</EnableRCS>
          <EnableRCSchat>true</EnableRCSchat>
        </RCS>
      </Setting>
      <Setting>
        <NetworkName>Orange LUX</NetworkName>
        <Version>3.0</Version>
        <EnableIMS>true</EnableIMS>
        <VoLTE>
          <EnableVoLTE>true</EnableVoLTE>
          <EnableVoiceoverWIFI>true</EnableVoiceoverWIFI>
          <EnableVideocall>false</EnableVideocall>
          <EnableVoLTEindicator>true</EnableVoLTEindicator>
          <Voice_Domain_Preference_EUTRAN>imspsvoicepreferred</Voice_Domain_Preference_EUTRAN>
          <Emregencycall_Domain>ps</Emregencycall_Domain>
          <SRVCCversion>10</SRVCCversion>
          <SS_Domain_Preference>cs_always</SS_Domain_Preference>
          <SS_PS_Control_Preference>xcap</SS_PS_Control_Preference>
          <SS_CSFBwithIMSerror>true</SS_CSFBwithIMSerror>
          <USSD_Domain_Preference>cs</USSD_Domain_Preference>
          <EnableSMSoverIP>false</EnableSMSoverIP>
        </VoLTE>
      </Setting>
      <Setting>
        <NetworkName>POST</NetworkName>
        <Version>3.0</Version>
        <EnableIMS>true</EnableIMS>
        <VoLTE>
          <EnableVoLTE>true</EnableVoLTE>
          <EnableVoiceoverWIFI>true</EnableVoiceoverWIFI>
          <EnableVideocall>false</EnableVideocall>
          <EnableVoLTEindicator>true</EnableVoLTEindicator>
          <Voice_Domain_Preference_EUTRAN>imspsvoicepreferred</Voice_Domain_Preference_EUTRAN>
          <Emregencycall_Domain>cs</Emregencycall_Domain>
          <SRVCCversion>10</SRVCCversion>
          <SS_Domain_Preference>ps_only_volteregied</SS_Domain_Preference>
          <SS_PS_Control_Preference>xcap</SS_PS_Control_Preference>
          <SS_CSFBwithIMSerror>true</SS_CSFBwithIMSerror>
          <USSD_Domain_Preference>cs</USSD_Domain_Preference>
          <EnableSMSoverIP>false</EnableSMSoverIP>
        </VoLTE>
      </Setting>
    </IMSSetting>
  </Settings>
</CustomerData>