<?xml version="1.0" encoding="UTF-8"?>
<CustomerData>
  <GeneralInfo>
    <CSCEdition>ED0004</CSCEdition>
    <Country>POLAND</Country>
    <CountryISO>PL</CountryISO>
    <Region>EUR</Region>
    <SalesCode>OPV</SalesCode>
    <NbNetworkInfo>1</NbNetworkInfo>
    <NetworkInfo>
      <MCCMNC>26003</MCCMNC>
      <NetworkName>Orange</NetworkName>
      <NWID>NW00958</NWID>
      <SPName>Orange</SPName>
    </NetworkInfo>
  </GeneralInfo>
  <Settings>
    <Main>
      <Security>
        <OneSIMLock>none</OneSIMLock>
        <SeparateLock>none</SeparateLock>
      </Security>
      <Network>
        <NbMaxPDP>1</NbMaxPDP>
        <MaxPDP>
          <NetworkName>Orange</NetworkName>
        </MaxPDP>
        <NbFastDormancy>2</NbFastDormancy>
        <FastDormancy>
          <NetworkName>Orange</NetworkName>
          <FastDormancyEnableStatus>on</FastDormancyEnableStatus>
          <LCDStatus>off</LCDStatus>
        </FastDormancy>
        <FastDormancy>
          <NetworkName>Orange</NetworkName>
          <FastDormancyEnableStatus>on</FastDormancyEnableStatus>
          <LCDStatus>on</LCDStatus>
        </FastDormancy>
        <NbWbAmr>1</NbWbAmr>
        <WbAmr>
          <NetworkName>Orange</NetworkName>
          <WbAmrCodec>on</WbAmrCodec>
        </WbAmr>
        <NbSOSNumber>2</NbSOSNumber>
        <SOSNumber>112</SOSNumber>
        <SOSNumber>911</SOSNumber>
        <NbSOSNumberNoSIM>3</NbSOSNumberNoSIM>
        <SOSNumberNoSIM>112</SOSNumberNoSIM>
        <SOSNumberNoSIM>999</SOSNumberNoSIM>
        <SOSNumberNoSIM>911</SOSNumberNoSIM>
        <AutoProfile>off</AutoProfile>
      </Network>
      <Sound>
        <RngVolume>6</RngVolume>
        <KeyTone>
          <KeyVolume>0</KeyVolume>
        </KeyTone>
        <ExtraSound>
          <ConnectTone>on</ConnectTone>
        </ExtraSound>
      </Sound>
      <Phone>
        <AlertOnCall>on</AlertOnCall>
        <DefLanguage>pl_PL</DefLanguage>
        <DefLanguageNoSIM>pl_PL</DefLanguageNoSIM>
        <DateTimeFormat>
          <DateFormat>ddmmyyyy</DateFormat>
          <TimeFormat>24h</TimeFormat>
        </DateTimeFormat>
        <AutoSyncCommon>on</AutoSyncCommon>
      </Phone>
    </Main>
    <Contact>
      <ContactSort>firstname</ContactSort>
    </Contact>
    <Calendar>
      <StartDay>monday</StartDay>
    </Calendar>
    <Messages>
      <NbVoicemail>1</NbVoicemail>
      <Voicemail>
        <NetworkName>Orange</NetworkName>
        <TelNum>*501</TelNum>
      </Voicemail>
      <PushMsg>
        <RecOption>on</RecOption>
        <PushLoading>prompt</PushLoading>
      </PushMsg>
      <SMS>
        <DeliveryReport>off</DeliveryReport>
        <MsgTypeThreshold>
          <ThresholdValue>13</ThresholdValue>
          <ThresholdType>pagecount</ThresholdType>
        </MsgTypeThreshold>
        <CharSupport>gsmalpha</CharSupport>
      </SMS>
      <MMS>
        <MmsSending>
          <ReqDeliveryRep>off</ReqDeliveryRep>
          <ReqReadRep>off</ReqReadRep>
          <CreationMode>warning</CreationMode>
        </MmsSending>
        <MmsReceiving>
          <Home>auto</Home>
          <Roaming>auto</Roaming>
        </MmsReceiving>
      </MMS>
      <Email>
        <NbAccount>1</NbAccount>
        <Account>
          <Incoming>
            <Secure>off</Secure>
          </Incoming>
        </Account>
      </Email>
    </Messages>
    <Wifi>
      <SleepPolicy>always</SleepPolicy>
    </Wifi>
    <Browser>
      <NbBookmark>8</NbBookmark>
      <Bookmark>
        <NetworkName>Orange</NetworkName>
        <Editable>no</Editable>
        <Index>1</Index>
        <BookmarkName>Orange</BookmarkName>
        <URL>https://www.orange.pl</URL>
      </Bookmark>
      <Bookmark>
        <NetworkName>Orange</NetworkName>
        <Editable>no</Editable>
        <Index>2</Index>
        <BookmarkName>CyberTarcza</BookmarkName>
        <URL>https://www.orange.pl/view/cybertarcza-dla-ciebie</URL>
      </Bookmark>
      <Bookmark>
        <NetworkName>Orange</NetworkName>
        <Editable>no</Editable>
        <Index>3</Index>
        <BookmarkName>Nawigacja Orange</BookmarkName>
        <URL>https://www.orange.pl/lp/nawigacja-orange</URL>
      </Bookmark>
      <Bookmark>
        <NetworkName>Orange</NetworkName>
        <Editable>no</Editable>
        <Index>4</Index>
        <BookmarkName>Chroń Dzieci w Sieci</BookmarkName>
        <URL>https://chrondzieciwsieci.pl/</URL>
      </Bookmark>
      <Bookmark>
        <NetworkName>Orange</NetworkName>
        <Editable>no</Editable>
        <Index>5</Index>
        <BookmarkName>Gdzie Jest Dziecko</BookmarkName>
        <URL>https://www.orange.pl/kid,4000377334,id,4000377368,title,Gdzie-Jest-Dziecko,article.html</URL>
      </Bookmark>
      <Bookmark>
        <NetworkName>Orange</NetworkName>
        <Editable>no</Editable>
        <Index>6</Index>
        <BookmarkName>WiFi Calling</BookmarkName>
        <URL>https://www.orange.pl/view/wificalling</URL>
      </Bookmark>
      <Bookmark>
        <NetworkName>default</NetworkName>
        <BookmarkName>Galaxy Shop</BookmarkName>
        <URL>https://www.samsung.com/pl/mobile/?cid=pl_owned_app_s-internet_none_none_bookmark_bookmark_202008_none</URL>
      </Bookmark>
      <Bookmark>
        <NetworkName>default</NetworkName>
        <Editable>yes</Editable>
        <BookmarkName>Galaxy Shop</BookmarkName>
        <URL>https://www.samsung.com/pl/mobile/?cid=pl_owned_app_s-internet_none_none_bookmark_bookmark_202008_none</URL>
      </Bookmark>
      <eManual>
        <URL>http://www.samsung.com/m-manual/orange</URL>
      </eManual>
    </Browser>
    <Connections>
      <NbProfileHandle>1</NbProfileHandle>
      <ProfileHandle>
        <NbNetProfile>4</NbNetProfile>
        <NetworkName>Orange</NetworkName>
        <ProfBrowser>Orange INTERNET</ProfBrowser>
        <ProfMMS>Orange MMS</ProfMMS>
        <ProfIMS>Orange IMS</ProfIMS>
        <ProfXCAP>Orange SERVICES</ProfXCAP>
      </ProfileHandle>
      <NbProfile>4</NbProfile>
      <Profile>
        <NetworkName>Orange</NetworkName>
        <Editable>no</Editable>
        <HiddenStatus>show</HiddenStatus>
        <ProfileName>Orange MMS</ProfileName>
        <URL>http://mms.orange.pl</URL>
        <Auth>none</Auth>
        <Bearer>ps</Bearer>
        <Protocol>http</Protocol>
        <Proxy>
          <EnableFlag>on</EnableFlag>
          <ServAddr>192.168.6.104</ServAddr>
          <Port>8080</Port>
        </Proxy>
        <PSparam>
          <APN>mms</APN>
          <UserId>mms</UserId>
          <Password>mms</Password>
        </PSparam>
      </Profile>
      <Profile>
        <NetworkName>Orange</NetworkName>
        <IpVersion>ipv6</IpVersion>
        <Editable>no</Editable>
        <HiddenStatus>show</HiddenStatus>
        <ProfileName>Orange INTERNET</ProfileName>
        <URL>http://m.orange.pl</URL>
        <Auth>none</Auth>
        <Bearer>ps</Bearer>
        <Protocol>http</Protocol>
        <Proxy>
          <EnableFlag>off</EnableFlag>
        </Proxy>
        <PSparam>
          <APN>internetipv6</APN>
          <UserId>internet</UserId>
          <Password>internet</Password>
        </PSparam>
      </Profile>
      <Profile>
        <NetworkName>Orange</NetworkName>
        <IpVersion>ipv6</IpVersion>
        <Editable>no</Editable>
        <HiddenStatus>hidden</HiddenStatus>
        <ProfileName>Orange IMS</ProfileName>
        <Auth>none</Auth>
        <Protocol>http</Protocol>
        <PSparam>
          <APN>ims</APN>
        </PSparam>
      </Profile>
      <Profile>
        <NetworkName>Orange</NetworkName>
        <IpVersion>ipv4v6</IpVersion>
        <Editable>no</Editable>
        <HiddenStatus>hidden</HiddenStatus>
        <ProfileName>Orange SERVICES</ProfileName>
        <Auth>none</Auth>
        <Protocol>http</Protocol>
        <PSparam>
          <APN>hos</APN>
        </PSparam>
      </Profile>
    </Connections>
    <IMSSetting>
      <NbSetting>1</NbSetting>
      <Setting>
        <NetworkName>Orange</NetworkName>
        <Version>3.0</Version>
        <EnableIMS>true</EnableIMS>
        <VoLTE>
          <EnableVoLTE>true</EnableVoLTE>
          <EnableVoiceoverWIFI>true</EnableVoiceoverWIFI>
          <EnableVideocall>false</EnableVideocall>
          <EnableVoLTEindicator>false</EnableVoLTEindicator>
          <Voice_Domain_Preference_EUTRAN>imspsvoicepreferred</Voice_Domain_Preference_EUTRAN>
          <Emregencycall_Domain>ps</Emregencycall_Domain>
          <SRVCCversion>10</SRVCCversion>
          <SS_Domain_Preference>cs_always</SS_Domain_Preference>
          <SS_CSFBwithIMSerror>false</SS_CSFBwithIMSerror>
          <USSD_Domain_Preference>cs</USSD_Domain_Preference>
          <EnableSMSoverIP>false</EnableSMSoverIP>
        </VoLTE>
      </Setting>
    </IMSSetting>
  </Settings>
</CustomerData>