<?xml version="1.0" encoding="UTF-8"?>
<CustomerData>
  <GeneralInfo>
    <CSCEdition>ED0003</CSCEdition>
    <Country>AUSTRIA</Country>
    <CountryISO>AT</CountryISO>
    <Region>EUR</Region>
    <SalesCode>MAX</SalesCode>
    <NbNetworkInfo>8</NbNetworkInfo>
    <NetworkInfo>
      <MCCMNC>23203</MCCMNC>
      <NetworkName>T-Mobile A</NetworkName>
      <NWID>NW01333</NWID>
    </NetworkInfo>
    <NetworkInfo>
      <MCCMNC>23203</MCCMNC>
      <NetworkName>T-Mobile A</NetworkName>
      <NWID>NW01333</NWID>
      <CodeType>HEX</CodeType>
      <SubsetCode>01</SubsetCode>
    </NetworkInfo>
    <NetworkInfo>
      <MCCMNC>23203</MCCMNC>
      <NetworkName>T-Mobile A</NetworkName>
      <NWID>NW01333</NWID>
      <CodeType>HEX</CodeType>
      <SubsetCode>31</SubsetCode>
    </NetworkInfo>
    <NetworkInfo>
      <MCCMNC>23203</MCCMNC>
      <NetworkName>T-Mobile A</NetworkName>
      <NWID>NW01333</NWID>
      <CodeType>HEX</CodeType>
      <SubsetCode>32</SubsetCode>
    </NetworkInfo>
    <NetworkInfo>
      <MCCMNC>23207</MCCMNC>
      <NetworkName>T-Mobile A</NetworkName>
      <NWID>NW01333</NWID>
    </NetworkInfo>
    <NetworkInfo>
      <MCCMNC>23207</MCCMNC>
      <NetworkName>T-Mobile A</NetworkName>
      <NWID>NW01333</NWID>
      <CodeType>HEX</CodeType>
      <SubsetCode>07</SubsetCode>
    </NetworkInfo>
    <NetworkInfo>
      <MCCMNC>23207</MCCMNC>
      <NetworkName>T-Mobile A</NetworkName>
      <NWID>NW01333</NWID>
      <CodeType>HEX</CodeType>
      <SubsetCode>30</SubsetCode>
    </NetworkInfo>
    <NetworkInfo>
      <MCCMNC>23207</MCCMNC>
      <NetworkName>T-Mobile A</NetworkName>
      <NWID>NW01333</NWID>
      <CodeType>HEX</CodeType>
      <SubsetCode>FF</SubsetCode>
    </NetworkInfo>
  </GeneralInfo>
  <Settings>
    <Main>
      <Security>
        <OneSIMLock>none</OneSIMLock>
        <SeparateLock>none</SeparateLock>
      </Security>
      <Network>
        <NbFastDormancy>4</NbFastDormancy>
        <FastDormancy>
          <NetworkName>T-Mobile A</NetworkName>
          <FastDormancyEnableStatus>off</FastDormancyEnableStatus>
          <LCDStatus>on</LCDStatus>
        </FastDormancy>
        <FastDormancy>
          <NetworkName>T-Mobile A</NetworkName>
          <FastDormancyEnableStatus>on</FastDormancyEnableStatus>
          <TimeoutValue>3</TimeoutValue>
          <LCDStatus>off</LCDStatus>
        </FastDormancy>
        <FastDormancy>
          <NetworkName>T-Mobile A</NetworkName>
          <FastDormancyEnableStatus>on</FastDormancyEnableStatus>
          <TimeoutValue>5</TimeoutValue>
          <LCDStatus>on</LCDStatus>
          <Version>rel8</Version>
        </FastDormancy>
        <FastDormancy>
          <NetworkName>T-Mobile A</NetworkName>
          <FastDormancyEnableStatus>on</FastDormancyEnableStatus>
          <TimeoutValue>3</TimeoutValue>
          <LCDStatus>off</LCDStatus>
          <Version>rel8</Version>
        </FastDormancy>
        <NbWbAmr>1</NbWbAmr>
        <WbAmr>
          <NetworkName>T-Mobile A</NetworkName>
          <WbAmrCodec>on</WbAmrCodec>
        </WbAmr>
        <NbSOSNumber>2</NbSOSNumber>
        <SOSNumber>112</SOSNumber>
        <SOSNumber>911</SOSNumber>
      </Network>
      <Sound>
        <RngToneAlertType>vibmelody</RngToneAlertType>
        <RngVolume>4</RngVolume>
        <KeyTone>
          <KeyVolume>1</KeyVolume>
        </KeyTone>
        <MsgToneAlertType>melody</MsgToneAlertType>
        <MsgToneVolume>4</MsgToneVolume>
        <TouchTone>off</TouchTone>
        <ExtraSound>
          <ConnectTone>off</ConnectTone>
        </ExtraSound>
      </Sound>
      <Phone>
        <DefLanguage>de_AT</DefLanguage>
        <DefLanguageNoSIM>de_AT</DefLanguageNoSIM>
        <T9Enabling>enable</T9Enabling>
        <T9Language>german</T9Language>
        <DateTimeFormat>
          <DateFormat>ddmmyyyy</DateFormat>
          <TimeFormat>24h</TimeFormat>
          <TimezoneUpdate>on</TimezoneUpdate>
        </DateTimeFormat>
      </Phone>
    </Main>
    <Contact>
      <ContactSort>lastname</ContactSort>
    </Contact>
    <Messages>
      <NbVoicemail>1</NbVoicemail>
      <Voicemail>
        <NetworkName>T-Mobile A</NetworkName>
        <TelNum>+436762200</TelNum>
      </Voicemail>
      <PushMsg>
        <PushLoading>never</PushLoading>
      </PushMsg>
      <SMS>
        <DeliveryReport>off</DeliveryReport>
        <MsgTypeThreshold>
          <ThresholdValue>5</ThresholdValue>
          <ThresholdType>pagecount</ThresholdType>
        </MsgTypeThreshold>
        <CharSupport>gsmalpha</CharSupport>
      </SMS>
      <MMS>
        <MmsSending>
          <ReqDeliveryRep>off</ReqDeliveryRep>
          <ReqReadRep>off</ReqReadRep>
          <MessageSize>300</MessageSize>
          <CreationMode>free</CreationMode>
        </MmsSending>
        <MmsReceiving>
          <Home>auto</Home>
          <Roaming>manual</Roaming>
        </MmsReceiving>
        <NbMMSView>1</NbMMSView>
        <MMSView>
          <MessageUaProfUrl>http://wap.samsungmobile.com/uaprof/uaprof.rdf</MessageUaProfUrl>
        </MMSView>
      </MMS>
      <Email>
        <EmailReceiving>
          <PollTime>off</PollTime>
        </EmailReceiving>
      </Email>
    </Messages>
    <Browser>
      <NbBookmark>8</NbBookmark>
      <Bookmark>
        <NetworkName>T-Mobile A</NetworkName>
        <BookmarkName>web'n'walk</BookmarkName>
        <URL>https://www.magenta.at/wnw/bm2wnw</URL>
      </Bookmark>
      <Bookmark>
        <NetworkName>T-Mobile A</NetworkName>
        <BookmarkName>Downloads</BookmarkName>
        <URL>https://www.magenta.at/wnw/bm2downloads</URL>
      </Bookmark>
      <Bookmark>
        <NetworkName>T-Mobile A</NetworkName>
        <BookmarkName>Videos</BookmarkName>
        <URL>https://www.magenta.at/wnw/bm2videos</URL>
      </Bookmark>
      <Bookmark>
        <NetworkName>T-Mobile A</NetworkName>
        <BookmarkName>Musik</BookmarkName>
        <URL>https://www.magenta.at/wnw/bm2music</URL>
      </Bookmark>
      <Bookmark>
        <NetworkName>T-Mobile A</NetworkName>
        <BookmarkName>Spiele</BookmarkName>
        <URL>https://www.magenta.at/wnw/bm2games</URL>
      </Bookmark>
      <Bookmark>
        <NetworkName>T-Mobile A</NetworkName>
        <BookmarkName>Freizeichentöne</BookmarkName>
        <URL>https://www.magenta.at/wnw/bm2soundlogo</URL>
      </Bookmark>
      <Bookmark>
        <NetworkName>T-Mobile A</NetworkName>
        <BookmarkName>Infodienste</BookmarkName>
        <URL>https://www.magenta.at/wnw/bm2infodienste</URL>
      </Bookmark>
      <Bookmark>
        <NetworkName>T-Mobile A</NetworkName>
        <Editable>yes</Editable>
        <BookmarkName>Galaxy Shop</BookmarkName>
        <URL>https://www.samsung.com/at/mobile/?cid=at_owned_app_s-internet_none_none_bookmark_bookmark_202008_none</URL>
      </Bookmark>
      <eManual>
        <URL>http://www.samsung.com/m-manual/tmobile_eu</URL>
      </eManual>
    </Browser>
    <Connections>
      <NbProfileHandle>1</NbProfileHandle>
      <ProfileHandle>
        <NbNetProfile>3</NbNetProfile>
        <NetworkName>T-Mobile A</NetworkName>
        <ProfBrowser>T Internet</ProfBrowser>
        <ProfMMS>HOS</ProfMMS>
        <ProfIMS>IMS</ProfIMS>
        <ProfXCAP>HOS</ProfXCAP>
      </ProfileHandle>
      <NbProfile>3</NbProfile>
      <Profile>
        <NetworkName>T-Mobile A</NetworkName>
        <IpVersion>ipv4v6</IpVersion>
        <RoamingIpVersion>ipv4</RoamingIpVersion>
        <Editable>yes</Editable>
        <ProfileName>T Internet</ProfileName>
        <URL>http://www.magenta.at/favoriten</URL>
        <Auth>normal</Auth>
        <Bearer>ps</Bearer>
        <Protocol>http</Protocol>
        <MTUSize>1500</MTUSize>
        <Proxy>
          <EnableFlag>off</EnableFlag>
        </Proxy>
        <PSparam>
          <APN>internet.t-mobile.at</APN>
          <UserId>T</UserId>
          <Password>tm</Password>
        </PSparam>
      </Profile>
      <Profile>
        <NetworkName>T-Mobile A</NetworkName>
        <IpVersion>ipv4v6</IpVersion>
        <RoamingIpVersion>ipv4</RoamingIpVersion>
        <Editable>no</Editable>
        <HiddenStatus>hidden</HiddenStatus>
        <ProfileName>HOS</ProfileName>
        <URL>http://mmsc.t-mobile.at/servlets/mms</URL>
        <Auth>normal</Auth>
        <Bearer>ps</Bearer>
        <Protocol>http</Protocol>
        <MTUSize>1500</MTUSize>
        <Proxy>
          <EnableFlag>on</EnableFlag>
          <ServAddr>10.12.0.20</ServAddr>
          <Port>80</Port>
        </Proxy>
        <PSparam>
          <APN>hos</APN>
          <UserId>t-mobile</UserId>
          <Password>tm</Password>
        </PSparam>
      </Profile>
      <Profile>
        <NetworkName>T-Mobile A</NetworkName>
        <IpVersion>ipv4v6</IpVersion>
        <RoamingIpVersion>ipv4</RoamingIpVersion>
        <Editable>no</Editable>
        <HiddenStatus>hidden</HiddenStatus>
        <ProfileName>IMS</ProfileName>
        <Auth>none</Auth>
        <Protocol>http</Protocol>
        <MTUSize>1500</MTUSize>
        <PSparam>
          <APN>IMS</APN>
        </PSparam>
      </Profile>
    </Connections>
    <IMSSetting>
      <NbSetting>1</NbSetting>
      <Setting>
        <NetworkName>T-Mobile A</NetworkName>
        <Version>3.0</Version>
        <EnableIMS>true</EnableIMS>
        <VoLTE>
          <EnableVoLTE>true</EnableVoLTE>
          <EnableVoiceoverWIFI>true</EnableVoiceoverWIFI>
          <EnableVideocall>false</EnableVideocall>
          <EnableVoLTEindicator>false</EnableVoLTEindicator>
          <Voice_Domain_Preference_EUTRAN>imspsvoicepreferred</Voice_Domain_Preference_EUTRAN>
          <Emregencycall_Domain>ps</Emregencycall_Domain>
          <SRVCCversion>10</SRVCCversion>
          <SS_Domain_Preference>ps_only_psregied</SS_Domain_Preference>
          <SS_PS_Control_Preference>xcap</SS_PS_Control_Preference>
          <SS_CSFBwithIMSerror>false</SS_CSFBwithIMSerror>
          <USSD_Domain_Preference>cs</USSD_Domain_Preference>
          <EnableSMSoverIP>true</EnableSMSoverIP>
        </VoLTE>
      </Setting>
    </IMSSetting>
  </Settings>
</CustomerData>