<?xml version="1.0" encoding="UTF-8"?>
<CustomerData>
  <GeneralInfo>
    <CSCEdition>ED0001</CSCEdition>
    <Country>Ireland</Country>
    <CountryISO>IE</CountryISO>
    <Region>EUR</Region>
    <SalesCode>TSI</SalesCode>
    <NbNetworkInfo>2</NbNetworkInfo>
    <NetworkInfo>
      <MCCMNC>27211</MCCMNC>
      <NetworkName>Tesco Mobile Ireland</NetworkName>
      <NWID>NW01287</NWID>
    </NetworkInfo>
    <NetworkInfo>
      <MCCMNC>20601</MCCMNC>
      <NetworkName>Tesco Mobile Ireland</NetworkName>
      <NWID>NW01287</NWID>
    </NetworkInfo>
  </GeneralInfo>
  <Settings>
    <Main>
      <Security>
        <OneSIMLock>none</OneSIMLock>
        <SeparateLock>none</SeparateLock>
      </Security>
      <Network>
        <NbSOSNumber>2</NbSOSNumber>
        <SOSNumber>112</SOSNumber>
        <SOSNumber>999</SOSNumber>
        <NbSOSNumberNoSIM>2</NbSOSNumberNoSIM>
        <SOSNumberNoSIM>112</SOSNumberNoSIM>
        <SOSNumberNoSIM>999</SOSNumberNoSIM>
      </Network>
      <Sound>
        <ExtraSound>
          <ConnectTone>on</ConnectTone>
        </ExtraSound>
      </Sound>
      <Phone>
        <DefLanguage>en_IE</DefLanguage>
        <DefLanguageNoSIM>en_IE</DefLanguageNoSIM>
        <T9Enabling>enable</T9Enabling>
        <DateTimeFormat>
          <TimeFormat>24h</TimeFormat>
        </DateTimeFormat>
      </Phone>
    </Main>
    <Messages>
      <NbVoicemail>1</NbVoicemail>
      <Voicemail>
        <NetworkName>Tesco Mobile Ireland</NetworkName>
        <VoicemailName>Voicemail</VoicemailName>
        <TelNum>171</TelNum>
      </Voicemail>
      <SMS>
        <DeliveryReport>off</DeliveryReport>
        <CharSupport>gsmalpha</CharSupport>
        <SSMS>off</SSMS>
      </SMS>
      <MMS>
        <MmsSending>
          <ReqDeliveryRep>off</ReqDeliveryRep>
          <ReqReadRep>off</ReqReadRep>
          <MessageSize>300</MessageSize>
          <CreationMode>free</CreationMode>
        </MmsSending>
        <MmsReceiving>
          <Home>auto</Home>
          <Roaming>auto</Roaming>
        </MmsReceiving>
      </MMS>
    </Messages>
    <Browser>
      <NbBookmark>2</NbBookmark>
      <Bookmark>
        <NetworkName>Tesco Mobile Ireland</NetworkName>
        <Editable>yes</Editable>
        <BookmarkName>Games</BookmarkName>
        <URL>http://wap.uk.samsungmobile.com/bm/games</URL>
      </Bookmark>
      <Bookmark>
        <NetworkName>default</NetworkName>
        <BookmarkName>Google</BookmarkName>
        <URL>http://www.google.com/m?client={CID}&amp;source=android-home</URL>
      </Bookmark>
      <eManual>
        <URL>http://www.samsung.com/m-manual/common</URL>
      </eManual>
    </Browser>
    <Connections>
      <NbProfileHandle>1</NbProfileHandle>
      <ProfileHandle>
        <NbNetProfile>2</NbNetProfile>
        <NetworkName>Tesco Mobile Ireland</NetworkName>
        <ProfBrowser>Tesco Mobile Internet</ProfBrowser>
        <ProfMMS>Tesco MMS</ProfMMS>
      </ProfileHandle>
      <NbProfile>2</NbProfile>
      <Profile>
        <NetworkName>Tesco Mobile Ireland</NetworkName>
        <Editable>yes</Editable>
        <ProfileName>Tesco Mobile Internet</ProfileName>
        <URL>http://www.google.ie</URL>
        <Bearer>ps</Bearer>
        <Protocol>http</Protocol>
        <PSparam>
          <APN>tescomobile.liffeytelecom.com</APN>
        </PSparam>
      </Profile>
      <Profile>
        <NetworkName>Tesco Mobile Ireland</NetworkName>
        <Editable>yes</Editable>
        <ProfileName>Tesco MMS</ProfileName>
        <URL>http://10.1.11.68/servlets/mms</URL>
        <Bearer>ps</Bearer>
        <Protocol>http</Protocol>
        <Proxy>
          <EnableFlag>on</EnableFlag>
          <ServAddr>10.1.11.19</ServAddr>
          <Port>8080</Port>
        </Proxy>
        <PSparam>
          <APN>tescomobile.liffeytelecom.com</APN>
        </PSparam>
      </Profile>
    </Connections>
  </Settings>
</CustomerData>