<?xml version="1.0" encoding="UTF-8"?>
<CustomerData>
  <GeneralInfo>
    <CSCEdition>ED0002</CSCEdition>
    <Country>Romania</Country>
    <CountryISO>RO</CountryISO>
    <Region>EUR</Region>
    <SalesCode>CNX</SalesCode>
    <NbNetworkInfo>1</NbNetworkInfo>
    <NetworkInfo>
      <MCCMNC>22601</MCCMNC>
      <NetworkName>Vodafone RO</NetworkName>
      <NWID>NW01507</NWID>
    </NetworkInfo>
  </GeneralInfo>
  <Settings>
    <Main>
      <Security>
        <OneSIMLock>none</OneSIMLock>
        <SeparateLock>none</SeparateLock>
      </Security>
      <Network>
        <NbFastDormancy>4</NbFastDormancy>
        <FastDormancy>
          <NetworkName>Vodafone RO</NetworkName>
          <FastDormancyEnableStatus>off</FastDormancyEnableStatus>
          <LCDStatus>on</LCDStatus>
        </FastDormancy>
        <FastDormancy>
          <NetworkName>Vodafone RO</NetworkName>
          <FastDormancyEnableStatus>on</FastDormancyEnableStatus>
          <TimeoutValue>5</TimeoutValue>
          <LCDStatus>off</LCDStatus>
        </FastDormancy>
        <FastDormancy>
          <NetworkName>Vodafone RO</NetworkName>
          <FastDormancyEnableStatus>off</FastDormancyEnableStatus>
          <LCDStatus>on</LCDStatus>
          <Version>rel8</Version>
        </FastDormancy>
        <FastDormancy>
          <NetworkName>Vodafone RO</NetworkName>
          <FastDormancyEnableStatus>on</FastDormancyEnableStatus>
          <TimeoutValue>5</TimeoutValue>
          <LCDStatus>off</LCDStatus>
          <Version>rel8</Version>
        </FastDormancy>
        <NbWbAmr>1</NbWbAmr>
        <WbAmr>
          <NetworkName>Vodafone RO</NetworkName>
          <WbAmrCodec>on</WbAmrCodec>
        </WbAmr>
      </Network>
      <Sound>
        <ExtraSound>
          <ConnectTone>off</ConnectTone>
        </ExtraSound>
      </Sound>
      <Phone>
        <DefLanguage>ro_RO</DefLanguage>
        <DefLanguageNoSIM>ro_RO</DefLanguageNoSIM>
        <DateTimeFormat>
          <DateFormat>ddmmyyyy</DateFormat>
          <TimeFormat>24h</TimeFormat>
        </DateTimeFormat>
      </Phone>
    </Main>
    <Messages>
      <NbVoicemail>1</NbVoicemail>
      <Voicemail>
        <NetworkName>default</NetworkName>
        <TelNum>+40722033334</TelNum>
      </Voicemail>
      <PushMsg>
        <PushLoading>prompt</PushLoading>
      </PushMsg>
      <SMS>
        <MsgTypeThreshold>
          <ThresholdValue>10</ThresholdValue>
          <ThresholdType>pagecount</ThresholdType>
        </MsgTypeThreshold>
      </SMS>
      <MMS>
        <MmsSending>
          <ReqDeliveryRep>on</ReqDeliveryRep>
          <ReqReadRep>on</ReqReadRep>
          <MessageSize>300</MessageSize>
          <CreationMode>restricted</CreationMode>
        </MmsSending>
        <MmsReceiving>
          <Home>auto</Home>
          <Roaming>manual</Roaming>
        </MmsReceiving>
      </MMS>
      <Email>
        <NbAccount>3</NbAccount>
        <Account>
          <NetworkName>default</NetworkName>
          <AccountName>Yahoo! Mail</AccountName>
          <Incoming>
            <MailboxType>pop3</MailboxType>
            <ServAddr>plus.pop.mail.yahoo.com</ServAddr>
            <Port>995</Port>
            <Secure>ssl</Secure>
          </Incoming>
          <Outgoing>
            <ServAddr>plus.smtp.mail.yahoo.com</ServAddr>
            <Port>465</Port>
            <Secure>ssl</Secure>
          </Outgoing>
        </Account>
        <Account>
          <NetworkName>default</NetworkName>
          <AccountName>Gmail</AccountName>
          <Incoming>
            <MailboxType>pop3</MailboxType>
            <ServAddr>pop.gmail.com</ServAddr>
            <Port>995</Port>
            <Secure>ssl</Secure>
          </Incoming>
          <Outgoing>
            <ServAddr>smtp.gmail.com</ServAddr>
            <Port>465</Port>
            <Secure>ssl</Secure>
          </Outgoing>
        </Account>
        <Account>
          <NetworkName>default</NetworkName>
          <AccountName>Hotmail</AccountName>
          <Incoming>
            <MailboxType>pop3</MailboxType>
            <ServAddr>pop3.live.com</ServAddr>
            <Port>995</Port>
            <Secure>ssl</Secure>
          </Incoming>
          <Outgoing>
            <ServAddr>smtp.live.com</ServAddr>
            <Port>587</Port>
            <Secure>ssl</Secure>
          </Outgoing>
        </Account>
      </Email>
    </Messages>
    <Browser>
      <NbBookmark>2</NbBookmark>
      <Bookmark>
        <NetworkName>default</NetworkName>
        <Editable>no</Editable>
        <BookmarkName>Vodafone Start</BookmarkName>
        <URL>http://start.vodafone.com/ssp/homepage/RO</URL>
      </Bookmark>
      <Bookmark>
        <NetworkName>default</NetworkName>
        <BookmarkName>Galaxy Shop</BookmarkName>
        <URL>https://www.samsung.com/ro/mobile/?cid=ro_owned_app_s-internet_none_none_bookmark_bookmark_202008_none</URL>
      </Bookmark>
      <eManual>
        <URL>http://www.samsung.com/m-manual/voda</URL>
      </eManual>
    </Browser>
    <GPS>
      <NbAGPS>1</NbAGPS>
      <AGPS>
        <TLS>on</TLS>
        <ServAddr>supl.vodafone.com</ServAddr>
        <Port>7275</Port>
      </AGPS>
    </GPS>
    <Connections>
      <NbProfileHandle>1</NbProfileHandle>
      <ProfileHandle>
        <NbNetProfile>3</NbNetProfile>
        <NetworkName>Vodafone RO</NetworkName>
        <ProfBrowser>Vodafone live!</ProfBrowser>
        <ProfMMS>Vodafone MMS</ProfMMS>
        <ProfAGPS>Vodafone live!</ProfAGPS>
        <ProfIntSharing>Vodafone live!</ProfIntSharing>
        <ProfIMS>IMS</ProfIMS>
        <ProfXCAP>Vodafone live!</ProfXCAP>
      </ProfileHandle>
      <NbProfile>3</NbProfile>
      <Profile>
        <NetworkName>Vodafone RO</NetworkName>
        <Editable>yes</Editable>
        <ProfileName>Vodafone live!</ProfileName>
        <URL>http://start.vodafone.com/ssp/homepage/RO</URL>
        <Auth>normal</Auth>
        <Bearer>ps</Bearer>
        <Protocol>http</Protocol>
        <PSparam>
          <APN>live.vodafone.com</APN>
          <UserId>live</UserId>
          <Password>vodafone</Password>
        </PSparam>
      </Profile>
      <Profile>
        <NetworkName>Vodafone RO</NetworkName>
        <Editable>yes</Editable>
        <ProfileName>Vodafone MMS</ProfileName>
        <URL>http://multimedia/servlets/mms</URL>
        <Auth>normal</Auth>
        <Bearer>ps</Bearer>
        <Protocol>http</Protocol>
        <Proxy>
          <EnableFlag>on</EnableFlag>
          <ServAddr>193.230.161.231</ServAddr>
          <Port>8080</Port>
        </Proxy>
        <PSparam>
          <APN>mms.vodafone.ro</APN>
          <UserId>mms</UserId>
          <Password>vodafone</Password>
        </PSparam>
      </Profile>
      <Profile>
        <NetworkName>Vodafone RO</NetworkName>
        <IpVersion>ipv4v6</IpVersion>
        <Editable>no</Editable>
        <HiddenStatus>hidden</HiddenStatus>
        <ProfileName>IMS</ProfileName>
        <Protocol>http</Protocol>
        <PSparam>
          <APN>ims</APN>
        </PSparam>
      </Profile>
    </Connections>
    <IMSSetting>
      <NbSetting>1</NbSetting>
      <Setting>
        <NetworkName>Vodafone RO</NetworkName>
        <Version>3.0</Version>
        <EnableIMS>true</EnableIMS>
        <VoLTE>
          <EnableVoLTE>true</EnableVoLTE>
          <EnableVoiceoverWIFI>true</EnableVoiceoverWIFI>
          <EnableVideocall>true</EnableVideocall>
          <EnableVoLTEindicator>false</EnableVoLTEindicator>
          <Voice_Domain_Preference_EUTRAN>imspsvoicepreferred</Voice_Domain_Preference_EUTRAN>
          <Emregencycall_Domain>cs</Emregencycall_Domain>
          <SRVCCversion>10</SRVCCversion>
          <SS_Domain_Preference>ps_always</SS_Domain_Preference>
          <SS_PS_Control_Preference>xcap</SS_PS_Control_Preference>
          <USSD_Domain_Preference>cs</USSD_Domain_Preference>
          <EnableSMSoverIP>true</EnableSMSoverIP>
        </VoLTE>
        <RCS>
          <EnableRCS>true</EnableRCS>
          <EnableRCSchat>true</EnableRCSchat>
        </RCS>
      </Setting>
    </IMSSetting>
  </Settings>
</CustomerData>