<?xml version="1.0" encoding="UTF-8"?>
<CustomerData>
  <GeneralInfo>
    <CSCEdition>ED0001</CSCEdition>
    <Country>Bulgaria</Country>
    <CountryISO>BG</CountryISO>
    <Region>EUR</Region>
    <SalesCode>BGL</SalesCode>
    <NbNetworkInfo>3</NbNetworkInfo>
    <NetworkInfo>
      <MCCMNC>28401</MCCMNC>
      <NetworkName>A1 BG</NetworkName>
      <NWID>NW01657</NWID>
    </NetworkInfo>
    <NetworkInfo>
      <MCCMNC>28405</MCCMNC>
      <NetworkName>Telenor BG</NetworkName>
      <NWID>NW01260</NWID>
    </NetworkInfo>
    <NetworkInfo>
      <MCCMNC>28403</MCCMNC>
      <NetworkName>vivacom</NetworkName>
      <NWID>NW01448</NWID>
    </NetworkInfo>
  </GeneralInfo>
  <Settings>
    <Main>
      <Security>
        <OneSIMLock>none</OneSIMLock>
        <SeparateLock>none</SeparateLock>
      </Security>
      <Network>
        <AutoProfile>on</AutoProfile>
        <AutoVoicemail>off</AutoVoicemail>
        <AutoEmailAccount>off</AutoEmailAccount>
        <AutoBookmark>off</AutoBookmark>
        <AutoLink>off</AutoLink>
        <AutoSyncML>off</AutoSyncML>
        <AutoFastDormancy>off</AutoFastDormancy>
        <AutoWbAmr>off</AutoWbAmr>
        <AutoFOTA>off</AutoFOTA>
      </Network>
      <Sound>
        <ExtraSound>
          <ConnectTone>on</ConnectTone>
        </ExtraSound>
      </Sound>
      <Phone>
        <DefLanguage>bg_BG</DefLanguage>
        <DefLanguageNoSIM>bg_BG</DefLanguageNoSIM>
        <T9Enabling>enable</T9Enabling>
        <T9Language>bulgarian</T9Language>
        <DateTimeFormat>
          <DateFormat>ddmmyyyy</DateFormat>
          <TimeFormat>24h</TimeFormat>
        </DateTimeFormat>
      </Phone>
    </Main>
    <Messages>
      <SMS>
        <DeliveryReport>off</DeliveryReport>
        <SSMS>off</SSMS>
      </SMS>
      <MMS>
        <MmsSending>
          <ReqDeliveryRep>off</ReqDeliveryRep>
          <ReqReadRep>off</ReqReadRep>
          <MessageSize>300</MessageSize>
          <CreationMode>free</CreationMode>
        </MmsSending>
        <MmsReceiving>
          <Home>auto</Home>
          <Roaming>manual</Roaming>
        </MmsReceiving>
      </MMS>
    </Messages>
    <Browser>
      <NbBookmark>1</NbBookmark>
      <Bookmark>
        <NetworkName>default</NetworkName>
        <Editable>no</Editable>
        <Index>1</Index>
        <BookmarkName>Google</BookmarkName>
        <URL>http://www.google.com/m?client={CID}&amp;source=android-home</URL>
      </Bookmark>
      <eManual>
        <URL>http://www.samsung.com/m-manual/common</URL>
      </eManual>
    </Browser>
    <Connections>
      <NbProfileHandle>3</NbProfileHandle>
      <ProfileHandle>
        <NbNetProfile>2</NbNetProfile>
        <NetworkName>A1 BG</NetworkName>
        <ProfBrowser>A1</ProfBrowser>
        <ProfMMS>A1 MMS</ProfMMS>
      </ProfileHandle>
      <ProfileHandle>
        <NbNetProfile>3</NbNetProfile>
        <NetworkName>Telenor BG</NetworkName>
        <ProfBrowser>Telenor Internet</ProfBrowser>
        <ProfMMS>Telenor MMS</ProfMMS>
        <ProfIMS>Telenor IMS</ProfIMS>
      </ProfileHandle>
      <ProfileHandle>
        <NbNetProfile>4</NbNetProfile>
        <NetworkName>vivacom</NetworkName>
        <ProfBrowser>Internet Vivacom</ProfBrowser>
        <ProfMMS>Vivacom MMS</ProfMMS>
        <ProfIMS>Vivacom IMS</ProfIMS>
        <ProfXCAP>hos</ProfXCAP>
      </ProfileHandle>
      <NbProfile>9</NbProfile>
      <Profile>
        <NetworkName>A1 BG</NetworkName>
        <Editable>yes</Editable>
        <ProfileName>A1</ProfileName>
        <URL>https://a1.bg</URL>
        <Auth>none</Auth>
        <Bearer>ps</Bearer>
        <Protocol>http</Protocol>
        <PSparam>
          <APN>internet.a1.bg</APN>
        </PSparam>
      </Profile>
      <Profile>
        <NetworkName>A1 BG</NetworkName>
        <Editable>yes</Editable>
        <ProfileName>A1 MMS</ProfileName>
        <URL>http://mmsc</URL>
        <Auth>none</Auth>
        <Bearer>ps</Bearer>
        <Protocol>http</Protocol>
        <Proxy>
          <EnableFlag>on</EnableFlag>
          <ServAddr>010.150.000.033</ServAddr>
          <Port>8080</Port>
        </Proxy>
        <PSparam>
          <APN>mms.a1.bg</APN>
        </PSparam>
      </Profile>
      <Profile>
        <NetworkName>Telenor BG</NetworkName>
        <Editable>yes</Editable>
        <ProfileName>Telenor Internet</ProfileName>
        <URL>www.telenor.bg</URL>
        <Auth>none</Auth>
        <Bearer>ps</Bearer>
        <Protocol>http</Protocol>
        <PSparam>
          <APN>telenorbg</APN>
        </PSparam>
      </Profile>
      <Profile>
        <NetworkName>Telenor BG</NetworkName>
        <Editable>yes</Editable>
        <ProfileName>Telenor MMS</ProfileName>
        <URL>http://mmsc</URL>
        <Auth>none</Auth>
        <Bearer>ps</Bearer>
        <Protocol>http</Protocol>
        <Proxy>
          <EnableFlag>on</EnableFlag>
          <ServAddr>192.168.087.011</ServAddr>
          <Port>8004</Port>
        </Proxy>
        <PSparam>
          <APN>mms</APN>
          <UserId>mms</UserId>
        </PSparam>
      </Profile>
      <Profile>
        <NetworkName>vivacom</NetworkName>
        <Editable>yes</Editable>
        <ProfileName>Internet Vivacom</ProfileName>
        <URL>www.vivacom.bg</URL>
        <Auth>none</Auth>
        <Bearer>ps</Bearer>
        <Protocol>http</Protocol>
        <Proxy>
          <EnableFlag>off</EnableFlag>
        </Proxy>
        <PSparam>
          <APN>internet.vivacom.bg</APN>
          <UserId>VIVACOM</UserId>
          <Password>VIVACOM</Password>
        </PSparam>
      </Profile>
      <Profile>
        <NetworkName>vivacom</NetworkName>
        <Editable>yes</Editable>
        <ProfileName>Vivacom MMS</ProfileName>
        <URL>http://mmsc.vivacom.bg</URL>
        <Auth>none</Auth>
        <Bearer>ps</Bearer>
        <Protocol>http</Protocol>
        <Proxy>
          <EnableFlag>on</EnableFlag>
          <ServAddr>192.168.123.123</ServAddr>
          <Port>8080</Port>
        </Proxy>
        <PSparam>
          <APN>mms.vivacom.bg</APN>
          <UserId>mms</UserId>
          <Password>mms</Password>
        </PSparam>
      </Profile>
      <Profile>
        <NetworkName>Telenor BG</NetworkName>
        <Editable>yes</Editable>
        <ProfileName>Telenor IMS</ProfileName>
        <Auth>none</Auth>
        <Protocol>http</Protocol>
        <PSparam>
          <APN>ims</APN>
        </PSparam>
      </Profile>
      <Profile>
        <NetworkName>vivacom</NetworkName>
        <IpVersion>ipv4v6</IpVersion>
        <Editable>yes</Editable>
        <ProfileName>Vivacom IMS</ProfileName>
        <Auth>none</Auth>
        <Protocol>http</Protocol>
        <MTUSize>1400</MTUSize>
        <PSparam>
          <APN>ims</APN>
        </PSparam>
      </Profile>
      <Profile>
        <NetworkName>vivacom</NetworkName>
        <IpVersion>ipv4v6</IpVersion>
        <Editable>yes</Editable>
        <ProfileName>hos</ProfileName>
        <Auth>none</Auth>
        <Protocol>http</Protocol>
        <MTUSize>1400</MTUSize>
        <Proxy>
          <ServAddr>xcap.ims.mnc003.mcc284.pub.3gppnetwork.org</ServAddr>
          <Port>8090</Port>
        </Proxy>
        <PSparam>
          <APN>hos</APN>
        </PSparam>
      </Profile>
    </Connections>
    <IMSSetting>
      <NbSetting>2</NbSetting>
      <Setting>
        <NetworkName>Telenor BG</NetworkName>
        <Version>3.0</Version>
        <EnableIMS>true</EnableIMS>
        <VoLTE>
          <EnableVoLTE>true</EnableVoLTE>
          <EnableVoiceoverWIFI>false</EnableVoiceoverWIFI>
          <EnableVideocall>true</EnableVideocall>
          <EnableVoLTEindicator>true</EnableVoLTEindicator>
          <Voice_Domain_Preference_EUTRAN>imspsvoicepreferred</Voice_Domain_Preference_EUTRAN>
          <Emregencycall_Domain>cs</Emregencycall_Domain>
          <SRVCCversion>10</SRVCCversion>
          <SS_Domain_Preference>cs_always</SS_Domain_Preference>
          <USSD_Domain_Preference>cs</USSD_Domain_Preference>
          <EnableSMSoverIP>false</EnableSMSoverIP>
        </VoLTE>
      </Setting>
      <Setting>
        <NetworkName>vivacom</NetworkName>
        <Version>3.0</Version>
        <EnableIMS>true</EnableIMS>
        <VoLTE>
          <EnableVoLTE>true</EnableVoLTE>
          <EnableVoiceoverWIFI>true</EnableVoiceoverWIFI>
          <EnableVideocall>false</EnableVideocall>
          <EnableVoLTEindicator>true</EnableVoLTEindicator>
          <Voice_Domain_Preference_EUTRAN>imspsvoicepreferred</Voice_Domain_Preference_EUTRAN>
          <Emregencycall_Domain>cs</Emregencycall_Domain>
          <SRVCCversion>10</SRVCCversion>
          <SS_Domain_Preference>ps_only_psregied</SS_Domain_Preference>
          <SS_PS_Control_Preference>xcap</SS_PS_Control_Preference>
          <SS_CSFBwithIMSerror>false</SS_CSFBwithIMSerror>
          <USSD_Domain_Preference>cs</USSD_Domain_Preference>
          <EnableSMSoverIP>false</EnableSMSoverIP>
        </VoLTE>
      </Setting>
    </IMSSetting>
  </Settings>
</CustomerData>