<?xml version="1.0" encoding="UTF-8"?>
<CustomerData>
  <GeneralInfo>
    <CSCEdition>ED0002</CSCEdition>
    <Country>Spain</Country>
    <CountryISO>ES</CountryISO>
    <Region>EUR</Region>
    <SalesCode>ATL</SalesCode>
    <NbNetworkInfo>2</NbNetworkInfo>
    <NetworkInfo>
      <MCCMNC>21401</MCCMNC>
      <NetworkName>vodafone ES</NetworkName>
      <NWID>NW01469</NWID>
    </NetworkInfo>
    <NetworkInfo>
      <MCCMNC>21406</MCCMNC>
      <NetworkName>Eroski Movil</NetworkName>
      <NWID>NW00479</NWID>
      <SPName>Eroski Movil</SPName>
    </NetworkInfo>
  </GeneralInfo>
  <Settings>
    <Main>
      <Security>
        <OneSIMLock>none</OneSIMLock>
        <SeparateLock>none</SeparateLock>
      </Security>
      <Network>
        <NbFastDormancy>4</NbFastDormancy>
        <FastDormancy>
          <NetworkName>vodafone ES</NetworkName>
          <FastDormancyEnableStatus>off</FastDormancyEnableStatus>
          <LCDStatus>on</LCDStatus>
        </FastDormancy>
        <FastDormancy>
          <NetworkName>vodafone ES</NetworkName>
          <FastDormancyEnableStatus>on</FastDormancyEnableStatus>
          <TimeoutValue>5</TimeoutValue>
          <LCDStatus>off</LCDStatus>
        </FastDormancy>
        <FastDormancy>
          <NetworkName>vodafone ES</NetworkName>
          <FastDormancyEnableStatus>off</FastDormancyEnableStatus>
          <LCDStatus>on</LCDStatus>
          <Version>rel8</Version>
        </FastDormancy>
        <FastDormancy>
          <NetworkName>vodafone ES</NetworkName>
          <FastDormancyEnableStatus>on</FastDormancyEnableStatus>
          <TimeoutValue>5</TimeoutValue>
          <LCDStatus>off</LCDStatus>
          <Version>rel8</Version>
        </FastDormancy>
        <NbWbAmr>1</NbWbAmr>
        <WbAmr>
          <NetworkName>vodafone ES</NetworkName>
          <WbAmrCodec>on</WbAmrCodec>
        </WbAmr>
      </Network>
      <Sound>
        <ExtraSound>
          <ConnectTone>off</ConnectTone>
          <CallEndTone>off</CallEndTone>
        </ExtraSound>
      </Sound>
      <Phone>
        <DefLanguage>automatic</DefLanguage>
        <DefLanguageNoSIM>es_ES</DefLanguageNoSIM>
        <DateTimeFormat>
          <DateFormat>ddmmyyyy</DateFormat>
          <TimeFormat>24h</TimeFormat>
        </DateTimeFormat>
      </Phone>
    </Main>
    <Calendar>
      <StartDay>monday</StartDay>
    </Calendar>
    <Messages>
      <NbVoicemail>1</NbVoicemail>
      <Voicemail>
        <NetworkName>vodafone ES</NetworkName>
        <TelNum>22177</TelNum>
      </Voicemail>
      <PushMsg>
        <PushLoading>prompt</PushLoading>
      </PushMsg>
      <SMS>
        <DeliveryReport>off</DeliveryReport>
        <MsgTypeThreshold>
          <ThresholdValue>5</ThresholdValue>
          <ThresholdType>pagecount</ThresholdType>
        </MsgTypeThreshold>
        <MaxRecipient>20</MaxRecipient>
        <CharSupport>gsmalpha</CharSupport>
        <NbTextTemplate>5</NbTextTemplate>
        <TextTemplate>Llego tarde</TextTemplate>
        <TextTemplate>Estoy ocupado, luego te llamo</TextTemplate>
        <TextTemplate>Estoy reunido</TextTemplate>
        <TextTemplate>Estoy en un atasco</TextTemplate>
        <TextTemplate>Ahora te llamo</TextTemplate>
      </SMS>
      <MMS>
        <MmsSending>
          <ReqDeliveryRep>off</ReqDeliveryRep>
          <ReqReadRep>off</ReqReadRep>
          <MessageSize>300</MessageSize>
          <CreationMode>free</CreationMode>
        </MmsSending>
        <MmsReceiving>
          <Home>auto</Home>
          <Roaming>manual</Roaming>
        </MmsReceiving>
      </MMS>
      <Email>
        <EmailReceiving>
          <PollTime>off</PollTime>
        </EmailReceiving>
        <NbAccount>3</NbAccount>
        <Account>
          <NetworkName>vodafone ES</NetworkName>
          <AccountName>Gmail</AccountName>
          <EmailAddr>@gmail.com</EmailAddr>
          <Incoming>
            <MailboxType>imap4</MailboxType>
            <ServAddr>imap.gmail.com</ServAddr>
            <Port>993</Port>
            <Secure>ssl</Secure>
          </Incoming>
          <Outgoing>
            <ServAddr>smtp.gmail.com</ServAddr>
            <Port>465</Port>
            <SmtpAuth>on</SmtpAuth>
            <Secure>ssl</Secure>
          </Outgoing>
        </Account>
        <Account>
          <NetworkName>vodafone ES</NetworkName>
          <AccountName>Yahoo! Mail</AccountName>
          <EmailAddr>@yahoo.es</EmailAddr>
          <Incoming>
            <MailboxType>pop3</MailboxType>
            <ServAddr>pop.mail.yahoo.com</ServAddr>
            <Port>995</Port>
            <Secure>ssl</Secure>
          </Incoming>
          <Outgoing>
            <ServAddr>smtp.mail.yahoo.com</ServAddr>
            <Port>465</Port>
            <SmtpAuth>on</SmtpAuth>
            <Secure>ssl</Secure>
          </Outgoing>
        </Account>
        <Account>
          <NetworkName>vodafone ES</NetworkName>
          <AccountName>Hotmail</AccountName>
          <EmailAddr>@hotmail.com</EmailAddr>
          <LoginType>domain_type</LoginType>
          <Incoming>
            <MailboxType>imap4</MailboxType>
            <ServAddr>imap-mail.outlook.com</ServAddr>
            <Port>993</Port>
            <Secure>ssl</Secure>
          </Incoming>
          <Outgoing>
            <ServAddr>smtp-mail.outlook.com</ServAddr>
            <Port>587</Port>
            <SmtpAuth>on</SmtpAuth>
            <Secure>tls</Secure>
          </Outgoing>
        </Account>
      </Email>
    </Messages>
    <ActiveSync>
      <EasEmail>
        <SizeEmail>headersonly</SizeEmail>
      </EasEmail>
    </ActiveSync>
    <Browser>
      <NbBookmark>4</NbBookmark>
      <Bookmark>
        <NetworkName>vodafone ES</NetworkName>
        <Index>1</Index>
        <BookmarkName>Mi Vodafone</BookmarkName>
        <URL>https://m.vodafone.es</URL>
      </Bookmark>
      <Bookmark>
        <NetworkName>vodafone ES</NetworkName>
        <Index>2</Index>
        <BookmarkName>Contenidos</BookmarkName>
        <URL>http://offers.vodafone.com/es</URL>
      </Bookmark>
      <Bookmark>
        <NetworkName>vodafone ES</NetworkName>
        <Index>3</Index>
        <BookmarkName>V by Vodafone</BookmarkName>
        <URL>https://eshop.v.vodafone.com/es</URL>
      </Bookmark>
      <Bookmark>
        <NetworkName>default</NetworkName>
        <Editable>yes</Editable>
        <BookmarkName>Galaxy Shop</BookmarkName>
        <URL>https://www.samsung.com/galaxy-shop/?cid=global_owned_app_s-internet_none_none_bookmark_bookmark_202008_none</URL>
      </Bookmark>
      <eManual>
        <URL>http://www.samsung.com/m-manual/common</URL>
      </eManual>
    </Browser>
    <NbWifiProfile>1</NbWifiProfile>
    <WifiProfile>
      <WifiSSID>VodafoneWiFi</WifiSSID>
      <WifiKeyMgmt>WPA-EAP IEEE8021X</WifiKeyMgmt>
      <WifiEAPMethod>sim</WifiEAPMethod>
      <WifiPriority>1</WifiPriority>
    </WifiProfile>
    <GPS>
      <NbAGPS>1</NbAGPS>
      <AGPS>
        <TLS>on</TLS>
        <ServAddr>supl.vodafone.com</ServAddr>
        <Port>7275</Port>
      </AGPS>
    </GPS>
    <Connections>
      <NbProfileHandle>2</NbProfileHandle>
      <ProfileHandle>
        <NbNetProfile>5</NbNetProfile>
        <NetworkName>vodafone ES</NetworkName>
        <ProfBrowser>Internet móvil</ProfBrowser>
        <ProfMMS>MMS</ProfMMS>
        <ProfEmail>Internet móvil</ProfEmail>
        <ProfIntSharing>INTERNET</ProfIntSharing>
        <ProfIMS>IMS</ProfIMS>
        <ProfXCAP>ut.es</ProfXCAP>
      </ProfileHandle>
      <ProfileHandle>
        <NbNetProfile>2</NbNetProfile>
        <NetworkName>Eroski Movil</NetworkName>
        <ProfBrowser>LOWI_data</ProfBrowser>
        <ProfMMS>LOWI_MMS</ProfMMS>
      </ProfileHandle>
      <NbProfile>7</NbProfile>
      <Profile>
        <NetworkName>vodafone ES</NetworkName>
        <Editable>yes</Editable>
        <ProfileName>Internet móvil</ProfileName>
        <URL>https://www.vodafone.es/c/start/</URL>
        <Auth>normal</Auth>
        <Bearer>ps</Bearer>
        <Protocol>http</Protocol>
        <Proxy>
          <EnableFlag>off</EnableFlag>
        </Proxy>
        <PSparam>
          <APN>airtelwap.es</APN>
          <UserId>wap@wap</UserId>
          <Password>wap125</Password>
        </PSparam>
      </Profile>
      <Profile>
        <NetworkName>vodafone ES</NetworkName>
        <Editable>yes</Editable>
        <ProfileName>MMS</ProfileName>
        <URL>http://mmsc.vodafone.es/servlets/mms</URL>
        <Auth>normal</Auth>
        <Bearer>ps</Bearer>
        <Protocol>http</Protocol>
        <Proxy>
          <EnableFlag>on</EnableFlag>
          <ServAddr>212.73.32.10</ServAddr>
          <Port>80</Port>
        </Proxy>
        <PSparam>
          <APN>mms.vodafone.net</APN>
          <UserId>wap@wap</UserId>
          <Password>wap125</Password>
        </PSparam>
      </Profile>
      <Profile>
        <NetworkName>vodafone ES</NetworkName>
        <Editable>yes</Editable>
        <ProfileName>INTERNET</ProfileName>
        <Auth>normal</Auth>
        <Bearer>ps</Bearer>
        <Protocol>http</Protocol>
        <Proxy>
          <EnableFlag>off</EnableFlag>
        </Proxy>
        <PSparam>
          <APN>airtelnet.es</APN>
          <UserId>vodafone</UserId>
          <Password>vodafone</Password>
        </PSparam>
      </Profile>
      <Profile>
        <NetworkName>vodafone ES</NetworkName>
        <Editable>yes</Editable>
        <ProfileName>ut.es</ProfileName>
        <Auth>none</Auth>
        <Protocol>http</Protocol>
        <PSparam>
          <APN>ut.es</APN>
        </PSparam>
      </Profile>
      <Profile>
        <NetworkName>vodafone ES</NetworkName>
        <Editable>no</Editable>
        <ProfileName>IMS</ProfileName>
        <Auth>none</Auth>
        <Protocol>http</Protocol>
        <PSparam>
          <APN>ims</APN>
        </PSparam>
      </Profile>
      <Profile>
        <NetworkName>Eroski Movil</NetworkName>
        <Editable>yes</Editable>
        <ProfileName>LOWI_data</ProfileName>
        <URL>http://www.google.com/m?client={CID}&amp;source=android-home</URL>
        <Auth>normal</Auth>
        <Bearer>ps</Bearer>
        <Protocol>http</Protocol>
        <PSparam>
          <APN>lowi.private.omv.es</APN>
        </PSparam>
      </Profile>
      <Profile>
        <NetworkName>Eroski Movil</NetworkName>
        <Editable>yes</Editable>
        <ProfileName>LOWI_MMS</ProfileName>
        <URL>http://mms.lowi.omv.es/servlets/mms</URL>
        <Auth>normal</Auth>
        <Bearer>ps</Bearer>
        <Protocol>http</Protocol>
        <Proxy>
          <EnableFlag>on</EnableFlag>
          <ServAddr>212.73.32.10</ServAddr>
          <Port>80</Port>
        </Proxy>
        <PSparam>
          <APN>mms.lowi.omv.es</APN>
          <UserId>wap@wap</UserId>
          <Password>wap125</Password>
        </PSparam>
      </Profile>
    </Connections>
    <IMSSetting>
      <NbSetting>1</NbSetting>
      <Setting>
        <NetworkName>vodafone ES</NetworkName>
        <Version>3.0</Version>
        <EnableIMS>true</EnableIMS>
        <VoLTE>
          <EnableVoLTE>true</EnableVoLTE>
          <EnableVoiceoverWIFI>false</EnableVoiceoverWIFI>
          <EnableVideocall>false</EnableVideocall>
          <EnableVoLTEindicator>false</EnableVoLTEindicator>
          <Voice_Domain_Preference_EUTRAN>imspsvoicepreferred</Voice_Domain_Preference_EUTRAN>
          <Emregencycall_Domain>cs</Emregencycall_Domain>
          <SRVCCversion>10</SRVCCversion>
          <SS_Domain_Preference>ps_always</SS_Domain_Preference>
          <SS_PS_Control_Preference>xcap</SS_PS_Control_Preference>
          <SS_CSFBwithIMSerror>true</SS_CSFBwithIMSerror>
          <USSD_Domain_Preference>cs</USSD_Domain_Preference>
          <EnableSMSoverIP>false</EnableSMSoverIP>
        </VoLTE>
        <RCS>
          <EnableRCS>true</EnableRCS>
          <EnableRCSchat>true</EnableRCSchat>
        </RCS>
      </Setting>
    </IMSSetting>
  </Settings>
</CustomerData>