<?xml version="1.0" encoding="UTF-8"?>
<CustomerData>
  <GeneralInfo>
    <CSCEdition>ED0003</CSCEdition>
    <Country>New Zealand</Country>
    <CountryISO>NZ</CountryISO>
    <Region>SEA</Region>
    <SalesCode>XNZ</SalesCode>
    <NbNetworkInfo>22</NbNetworkInfo>
    <NetworkInfo>
      <MCCMNC>51403</MCCMNC>
      <NetworkName>TELEMOR</NetworkName>
      <NWID>NW01599</NWID>
      <SPName>TELEMOR</SPName>
    </NetworkInfo>
    <NetworkInfo>
      <MCCMNC>54301</MCCMNC>
      <NetworkName>MANUIA</NetworkName>
      <NWID>NW01594</NWID>
      <SPName>MANUIA</SPName>
    </NetworkInfo>
    <NetworkInfo>
      <MCCMNC>53001</MCCMNC>
      <NetworkName>Vodafone NZ</NetworkName>
      <NWID>NW01503</NWID>
      <SPName>vodafone NZ</SPName>
    </NetworkInfo>
    <NetworkInfo>
      <MCCMNC>53005</MCCMNC>
      <NetworkName>Spark NZ</NetworkName>
      <NWID>NW01158</NWID>
    </NetworkInfo>
    <NetworkInfo>
      <MCCMNC>53005</MCCMNC>
      <NetworkName>Skinny</NetworkName>
      <NWID>NW01139</NWID>
      <SPCode>204</SPCode>
      <SPName>Skinny</SPName>
    </NetworkInfo>
    <NetworkInfo>
      <MCCMNC>53024</MCCMNC>
      <NetworkName>2degrees</NetworkName>
      <NWID>NW00013</NWID>
      <SPName>2degrees</SPName>
    </NetworkInfo>
    <NetworkInfo>
      <MCCMNC>54201</MCCMNC>
      <NetworkName>Vodafone Fiji</NetworkName>
      <NWID>NW01479</NWID>
    </NetworkInfo>
    <NetworkInfo>
      <MCCMNC>53703</MCCMNC>
      <NetworkName>Digicel PNG</NetworkName>
      <NWID>NW00381</NWID>
      <SPName>DIGICEL</SPName>
    </NetworkInfo>
    <NetworkInfo>
      <MCCMNC>54202</MCCMNC>
      <NetworkName>Digicel Fiji</NetworkName>
      <NWID>NW00404</NWID>
    </NetworkInfo>
    <NetworkInfo>
      <MCCMNC>54202</MCCMNC>
      <NetworkName>Digicel Nauru</NetworkName>
      <NWID>NW00379</NWID>
    </NetworkInfo>
    <NetworkInfo>
      <MCCMNC>54900</MCCMNC>
      <NetworkName>Digicel Samoa</NetworkName>
      <NWID>NW00414</NWID>
      <SPName>DIGICEL</SPName>
    </NetworkInfo>
    <NetworkInfo>
      <MCCMNC>53988</MCCMNC>
      <NetworkName>Digicel Tonga</NetworkName>
      <NWID>NW00418</NWID>
    </NetworkInfo>
    <NetworkInfo>
      <MCCMNC>54105</MCCMNC>
      <NetworkName>Digicel Vanuatu</NetworkName>
      <NWID>NW00420</NWID>
      <SPName>DIGICEL</SPName>
    </NetworkInfo>
    <NetworkInfo>
      <MCCMNC>54601</MCCMNC>
      <NetworkName>OPT-NC</NetworkName>
      <NWID>NW00957</NWID>
      <SPName>MOBILIS</SPName>
    </NetworkInfo>
    <NetworkInfo>
      <MCCMNC>54720</MCCMNC>
      <NetworkName>VINI</NetworkName>
      <NWID>NW01437</NWID>
    </NetworkInfo>
    <NetworkInfo>
      <MCCMNC>54501</MCCMNC>
      <NetworkName>ATHKL</NetworkName>
      <NWID>NW00166</NWID>
    </NetworkInfo>
    <NetworkInfo>
      <MCCMNC>51402</MCCMNC>
      <NetworkName>Timor Telecom</NetworkName>
      <NWID>NW01300</NWID>
    </NetworkInfo>
    <NetworkInfo>
      <MCCMNC>54927</MCCMNC>
      <NetworkName>BlueSky Samoa</NetworkName>
      <NWID>NW00220</NWID>
    </NetworkInfo>
    <NetworkInfo>
      <MCCMNC>54801</MCCMNC>
      <NetworkName>Bluesky Cook Islands</NetworkName>
      <NWID>NW00219</NWID>
    </NetworkInfo>
    <NetworkInfo>
      <MCCMNC>51401</MCCMNC>
      <NetworkName>Timor Telkomcel</NetworkName>
      <NWID>NW01301</NWID>
    </NetworkInfo>
    <NetworkInfo>
      <MCCMNC>54101</MCCMNC>
      <NetworkName>SMILE</NetworkName>
      <NWID>NW01142</NWID>
    </NetworkInfo>
    <NetworkInfo>
      <MCCMNC>544110</MCCMNC>
      <NetworkName>Bluesky American Samoa</NetworkName>
      <NWID>NW01666</NWID>
      <SPName>Bluesky</SPName>
    </NetworkInfo>
  </GeneralInfo>
  <Settings>
    <Main>
      <Security>
        <OneSIMLock>none</OneSIMLock>
        <SeparateLock>none</SeparateLock>
      </Security>
      <Network>
        <NbFastDormancy>1</NbFastDormancy>
        <FastDormancy>
          <NetworkName>default</NetworkName>
          <FastDormancyEnableStatus>off</FastDormancyEnableStatus>
        </FastDormancy>
        <NbWbAmr>1</NbWbAmr>
        <WbAmr>
          <NetworkName>default</NetworkName>
          <WbAmrCodec>on</WbAmrCodec>
        </WbAmr>
      </Network>
      <Phone>
        <DefLanguage>en_NZ</DefLanguage>
        <DefLanguageNoSIM>en_NZ</DefLanguageNoSIM>
        <T9Language>english</T9Language>
      </Phone>
    </Main>
    <Calendar>
      <StartDay>sunday</StartDay>
    </Calendar>
    <Messages>
      <NbVoicemail>4</NbVoicemail>
      <Voicemail>
        <NetworkName>Vodafone NZ</NetworkName>
        <VoicemailName>Voicemail</VoicemailName>
        <TelNum>+6421700700</TelNum>
      </Voicemail>
      <Voicemail>
        <NetworkName>Spark NZ</NetworkName>
        <VoicemailName>Voicemail</VoicemailName>
        <TelNum>+6483083210</TelNum>
      </Voicemail>
      <Voicemail>
        <NetworkName>Skinny</NetworkName>
        <VoicemailName>Voicemail</VoicemailName>
        <TelNum>+64204864236</TelNum>
      </Voicemail>
      <Voicemail>
        <NetworkName>2degrees</NetworkName>
        <VoicemailName>Voicemail</VoicemailName>
        <TelNum>+64222022002</TelNum>
      </Voicemail>
      <PushMsg>
        <RecOption>on</RecOption>
        <PushLoading>prompt</PushLoading>
      </PushMsg>
      <SMS>
        <MsgTypeThreshold>
          <ThresholdValue>5</ThresholdValue>
          <ThresholdType>pagecount</ThresholdType>
        </MsgTypeThreshold>
        <PreviewMessage>on</PreviewMessage>
      </SMS>
      <MMS>
        <MmsSending>
          <ReqDeliveryRep>off</ReqDeliveryRep>
          <ReqReadRep>off</ReqReadRep>
          <MessageSize>300</MessageSize>
          <CreationMode>warning</CreationMode>
        </MmsSending>
        <MmsReceiving>
          <Home>auto</Home>
          <Roaming>auto</Roaming>
        </MmsReceiving>
      </MMS>
    </Messages>
    <Browser>
      <NbBookmark>2</NbBookmark>
      <Bookmark>
        <NetworkName>default</NetworkName>
        <Index>1</Index>
        <BookmarkName>Google</BookmarkName>
        <URL>http://www.google.com/m?client={CID}&amp;source=android-home</URL>
      </Bookmark>
      <Bookmark>
        <NetworkName>default</NetworkName>
        <Editable>yes</Editable>
        <BookmarkName>Galaxy Shop</BookmarkName>
        <URL>https://www.samsung.com/nz/mobile/?cid=nz_owned_app_s-internet_none_none_bookmark_bookmark_202008_none</URL>
      </Bookmark>
    </Browser>
    <Connections>
      <NbProfileHandle>22</NbProfileHandle>
      <ProfileHandle>
        <NbNetProfile>4</NbNetProfile>
        <NetworkName>Vodafone NZ</NetworkName>
        <ProfBrowser>VFNZ Internet</ProfBrowser>
        <ProfMMS>VFNZ PXT</ProfMMS>
        <ProfEmail>VFNZ Internet</ProfEmail>
        <ProfIM>VFNZ Internet</ProfIM>
        <ProfStreaming>VFNZ Internet</ProfStreaming>
        <ProfSyncDS>VFNZ Internet</ProfSyncDS>
        <ProfActiveSync>VFNZ Internet</ProfActiveSync>
        <ProfSyncDM>VFNZ Internet</ProfSyncDM>
        <ProfSGPS>VFNZ Internet</ProfSGPS>
        <ProfWidget>VFNZ Internet</ProfWidget>
        <ProfIntSharing>VFNZ Internet</ProfIntSharing>
        <ProfRCS>VFNZ Internet</ProfRCS>
        <ProfIMS>IMS</ProfIMS>
        <ProfXCAP>XCAP</ProfXCAP>
      </ProfileHandle>
      <ProfileHandle>
        <NbNetProfile>3</NbNetProfile>
        <NetworkName>Spark NZ</NetworkName>
        <ProfBrowser>Data</ProfBrowser>
        <ProfMMS>MMS</ProfMMS>
        <ProfEmail>Data</ProfEmail>
        <ProfIM>Data</ProfIM>
        <ProfStreaming>Data</ProfStreaming>
        <ProfSyncDS>Data</ProfSyncDS>
        <ProfActiveSync>Data</ProfActiveSync>
        <ProfSyncDM>Data</ProfSyncDM>
        <ProfSGPS>Data</ProfSGPS>
        <ProfWidget>Data</ProfWidget>
        <ProfIntSharing>Data</ProfIntSharing>
        <ProfRCS>Data</ProfRCS>
        <ProfIMS>ims</ProfIMS>
      </ProfileHandle>
      <ProfileHandle>
        <NbNetProfile>2</NbNetProfile>
        <NetworkName>Skinny</NetworkName>
        <ProfBrowser>Data</ProfBrowser>
        <ProfMMS>MMS</ProfMMS>
        <ProfEmail>Data</ProfEmail>
        <ProfIM>Data</ProfIM>
        <ProfStreaming>Data</ProfStreaming>
        <ProfSyncDS>Data</ProfSyncDS>
        <ProfActiveSync>Data</ProfActiveSync>
        <ProfSyncDM>Data</ProfSyncDM>
        <ProfSGPS>Data</ProfSGPS>
        <ProfWidget>Data</ProfWidget>
        <ProfIntSharing>Data</ProfIntSharing>
        <ProfRCS>Data</ProfRCS>
      </ProfileHandle>
      <ProfileHandle>
        <NbNetProfile>3</NbNetProfile>
        <NetworkName>2degrees</NetworkName>
        <ProfBrowser>Internet</ProfBrowser>
        <ProfMMS>MMS</ProfMMS>
        <ProfEmail>Internet</ProfEmail>
        <ProfIM>Internet</ProfIM>
        <ProfStreaming>Internet</ProfStreaming>
        <ProfSyncDS>Internet</ProfSyncDS>
        <ProfActiveSync>Internet</ProfActiveSync>
        <ProfSyncDM>Internet</ProfSyncDM>
        <ProfSGPS>Internet</ProfSGPS>
        <ProfWidget>Internet</ProfWidget>
        <ProfIntSharing>Internet</ProfIntSharing>
        <ProfRCS>Internet</ProfRCS>
        <ProfIMS>IMS</ProfIMS>
      </ProfileHandle>
      <ProfileHandle>
        <NbNetProfile>2</NbNetProfile>
        <NetworkName>Vodafone Fiji</NetworkName>
        <ProfBrowser>VF Fiji Internet</ProfBrowser>
        <ProfMMS>VF Fiji MMS</ProfMMS>
        <ProfEmail>VF Fiji Internet</ProfEmail>
        <ProfIM>VF Fiji Internet</ProfIM>
        <ProfStreaming>VF Fiji Internet</ProfStreaming>
        <ProfSyncDS>VF Fiji Internet</ProfSyncDS>
        <ProfActiveSync>VF Fiji Internet</ProfActiveSync>
        <ProfSyncDM>VF Fiji Internet</ProfSyncDM>
        <ProfSGPS>VF Fiji Internet</ProfSGPS>
        <ProfWidget>VF Fiji Internet</ProfWidget>
        <ProfIntSharing>VF Fiji Internet</ProfIntSharing>
        <ProfRCS>VF Fiji Internet</ProfRCS>
      </ProfileHandle>
      <ProfileHandle>
        <NbNetProfile>1</NbNetProfile>
        <NetworkName>Digicel PNG</NetworkName>
        <ProfBrowser>PNG Internet</ProfBrowser>
      </ProfileHandle>
      <ProfileHandle>
        <NbNetProfile>2</NbNetProfile>
        <NetworkName>Digicel Fiji</NetworkName>
        <ProfBrowser>Fiji Internet</ProfBrowser>
        <ProfMMS>Fiji MMS</ProfMMS>
        <ProfIntSharing>Fiji Internet</ProfIntSharing>
      </ProfileHandle>
      <ProfileHandle>
        <NbNetProfile>2</NbNetProfile>
        <NetworkName>Digicel Nauru</NetworkName>
        <ProfBrowser>Nauru Internet</ProfBrowser>
        <ProfMMS>Nauru MMS</ProfMMS>
        <ProfIntSharing>Nauru Internet</ProfIntSharing>
      </ProfileHandle>
      <ProfileHandle>
        <NbNetProfile>2</NbNetProfile>
        <NetworkName>Digicel Samoa</NetworkName>
        <ProfBrowser>Samoa Internet</ProfBrowser>
        <ProfMMS>Samoa MMS</ProfMMS>
        <ProfIntSharing>Samoa Internet</ProfIntSharing>
      </ProfileHandle>
      <ProfileHandle>
        <NbNetProfile>2</NbNetProfile>
        <NetworkName>Digicel Tonga</NetworkName>
        <ProfBrowser>Tonga Internet</ProfBrowser>
        <ProfMMS>Tonga MMS</ProfMMS>
        <ProfIntSharing>Tonga Internet</ProfIntSharing>
      </ProfileHandle>
      <ProfileHandle>
        <NbNetProfile>2</NbNetProfile>
        <NetworkName>Digicel Vanuatu</NetworkName>
        <ProfBrowser>Vanuatu Internet</ProfBrowser>
        <ProfMMS>Vanuatu MMS</ProfMMS>
        <ProfIntSharing>Vanuatu Internet</ProfIntSharing>
      </ProfileHandle>
      <ProfileHandle>
        <NbNetProfile>1</NbNetProfile>
        <NetworkName>OPT-NC</NetworkName>
        <ProfBrowser>MOBILIS</ProfBrowser>
      </ProfileHandle>
      <ProfileHandle>
        <NbNetProfile>1</NbNetProfile>
        <NetworkName>VINI</NetworkName>
        <ProfBrowser>internet</ProfBrowser>
        <ProfEmail>internet</ProfEmail>
      </ProfileHandle>
      <ProfileHandle>
        <NbNetProfile>1</NbNetProfile>
        <NetworkName>ATHKL</NetworkName>
        <ProfBrowser>ATHKL</ProfBrowser>
      </ProfileHandle>
      <ProfileHandle>
        <NbNetProfile>1</NbNetProfile>
        <NetworkName>Timor Telecom</NetworkName>
        <ProfBrowser>Timor Telecom</ProfBrowser>
      </ProfileHandle>
      <ProfileHandle>
        <NbNetProfile>1</NbNetProfile>
        <NetworkName>Bluesky Cook Islands</NetworkName>
        <ProfBrowser>Bluesky CK</ProfBrowser>
      </ProfileHandle>
      <ProfileHandle>
        <NbNetProfile>1</NbNetProfile>
        <NetworkName>BlueSky Samoa</NetworkName>
        <ProfBrowser>BlueSky Samoa</ProfBrowser>
      </ProfileHandle>
      <ProfileHandle>
        <NbNetProfile>1</NbNetProfile>
        <NetworkName>Timor Telkomcel</NetworkName>
        <ProfBrowser>TCEL INTERNET</ProfBrowser>
      </ProfileHandle>
      <ProfileHandle>
        <NbNetProfile>2</NbNetProfile>
        <NetworkName>SMILE</NetworkName>
        <ProfBrowser>TVL</ProfBrowser>
        <ProfMMS>SMILE MMS</ProfMMS>
      </ProfileHandle>
      <ProfileHandle>
        <NbNetProfile>1</NbNetProfile>
        <NetworkName>Bluesky American Samoa</NetworkName>
        <ProfBrowser>Bluesky AS</ProfBrowser>
      </ProfileHandle>
      <ProfileHandle>
        <NbNetProfile>1</NbNetProfile>
        <NetworkName>TELEMOR</NetworkName>
        <ProfBrowser>Telemor</ProfBrowser>
      </ProfileHandle>
      <ProfileHandle>
        <NbNetProfile>1</NbNetProfile>
        <NetworkName>MANUIA</NetworkName>
        <ProfBrowser>MANUIA</ProfBrowser>
      </ProfileHandle>
      <NbProfile>37</NbProfile>
      <Profile>
        <NetworkName>Vodafone NZ</NetworkName>
        <Editable>yes</Editable>
        <HiddenStatus>show</HiddenStatus>
        <ProfileName>VFNZ PXT</ProfileName>
        <URL>http://pxt.vodafone.net.nz/pxtsend</URL>
        <Auth>normal</Auth>
        <Bearer>ps</Bearer>
        <Protocol>http</Protocol>
        <Proxy>
          <EnableFlag>on</EnableFlag>
          <ServAddr>172.030.038.003</ServAddr>
          <Port>8080</Port>
        </Proxy>
        <PSparam>
          <APN>live.vodafone.com</APN>
        </PSparam>
      </Profile>
      <Profile>
        <NetworkName>Vodafone NZ</NetworkName>
        <Editable>yes</Editable>
        <HiddenStatus>show</HiddenStatus>
        <ProfileName>VFNZ Internet</ProfileName>
        <URL>http://www.vodafone.co.nz</URL>
        <Auth>normal</Auth>
        <Bearer>ps</Bearer>
        <Protocol>http</Protocol>
        <Proxy>
          <EnableFlag>off</EnableFlag>
        </Proxy>
        <PSparam>
          <APN>vodafone</APN>
        </PSparam>
      </Profile>
      <Profile>
        <NetworkName>Spark NZ</NetworkName>
        <Editable>yes</Editable>
        <HiddenStatus>show</HiddenStatus>
        <ProfileName>MMS</ProfileName>
        <URL>http://lsmmsc.xtra.co.nz</URL>
        <Auth>normal</Auth>
        <Bearer>ps</Bearer>
        <Protocol>http</Protocol>
        <Proxy>
          <EnableFlag>on</EnableFlag>
          <ServAddr>210.55.11.73</ServAddr>
          <Port>80</Port>
        </Proxy>
        <PSparam>
          <APN>internet</APN>
        </PSparam>
      </Profile>
      <Profile>
        <NetworkName>Spark NZ</NetworkName>
        <Editable>yes</Editable>
        <HiddenStatus>show</HiddenStatus>
        <ProfileName>Data</ProfileName>
        <URL>http://m.spark.co.nz</URL>
        <Auth>normal</Auth>
        <Bearer>ps</Bearer>
        <Protocol>other</Protocol>
        <Proxy>
          <EnableFlag>off</EnableFlag>
        </Proxy>
        <PSparam>
          <APN>internet</APN>
        </PSparam>
      </Profile>
      <Profile>
        <NetworkName>Skinny</NetworkName>
        <Editable>yes</Editable>
        <HiddenStatus>show</HiddenStatus>
        <ProfileName>MMS</ProfileName>
        <URL>http://mms.mmsaccess.co.nz</URL>
        <Auth>normal</Auth>
        <Bearer>ps</Bearer>
        <Protocol>http</Protocol>
        <Proxy>
          <EnableFlag>on</EnableFlag>
          <ServAddr>210.55.11.73</ServAddr>
          <Port>80</Port>
        </Proxy>
        <PSparam>
          <APN>wapaccess.co.nz</APN>
        </PSparam>
      </Profile>
      <Profile>
        <NetworkName>Skinny</NetworkName>
        <Editable>yes</Editable>
        <HiddenStatus>show</HiddenStatus>
        <ProfileName>Data</ProfileName>
        <URL>http://skinny.co.nz</URL>
        <Auth>normal</Auth>
        <Bearer>ps</Bearer>
        <Protocol>other</Protocol>
        <Proxy>
          <EnableFlag>off</EnableFlag>
        </Proxy>
        <PSparam>
          <APN>wapaccess.co.nz</APN>
        </PSparam>
      </Profile>
      <Profile>
        <NetworkName>2degrees</NetworkName>
        <Editable>yes</Editable>
        <HiddenStatus>show</HiddenStatus>
        <ProfileName>MMS</ProfileName>
        <URL>http://mms.2degreesmobile.net.nz:48090</URL>
        <Auth>normal</Auth>
        <Bearer>ps</Bearer>
        <Protocol>http</Protocol>
        <Proxy>
          <EnableFlag>on</EnableFlag>
          <ServAddr>118.148.1.118</ServAddr>
          <Port>8080</Port>
        </Proxy>
        <PSparam>
          <APN>mms</APN>
        </PSparam>
      </Profile>
      <Profile>
        <NetworkName>2degrees</NetworkName>
        <Editable>yes</Editable>
        <HiddenStatus>show</HiddenStatus>
        <ProfileName>Internet</ProfileName>
        <URL>http://m.2degreesmobile.co.nz</URL>
        <Auth>normal</Auth>
        <Bearer>ps</Bearer>
        <Protocol>http</Protocol>
        <Proxy>
          <EnableFlag>off</EnableFlag>
        </Proxy>
        <PSparam>
          <APN>internet</APN>
        </PSparam>
      </Profile>
      <Profile>
        <NetworkName>Vodafone Fiji</NetworkName>
        <Editable>yes</Editable>
        <HiddenStatus>show</HiddenStatus>
        <ProfileName>VF Fiji MMS</ProfileName>
        <URL>http://pxt.vodafone.net.fj/pxtsend</URL>
        <Auth>normal</Auth>
        <Bearer>ps</Bearer>
        <Protocol>http</Protocol>
        <Proxy>
          <EnableFlag>on</EnableFlag>
          <ServAddr>010.202.002.040</ServAddr>
          <Port>8080</Port>
        </Proxy>
        <PSparam>
          <APN>live.vodafone.com.fj</APN>
        </PSparam>
      </Profile>
      <Profile>
        <NetworkName>Vodafone Fiji</NetworkName>
        <Editable>yes</Editable>
        <HiddenStatus>show</HiddenStatus>
        <ProfileName>VF Fiji Internet</ProfileName>
        <URL>http://www.vodafone.com.fj</URL>
        <Auth>normal</Auth>
        <Bearer>ps</Bearer>
        <Protocol>http</Protocol>
        <Proxy>
          <EnableFlag>off</EnableFlag>
        </Proxy>
        <PSparam>
          <APN>live.vodafone.com.fj</APN>
        </PSparam>
      </Profile>
      <Profile>
        <NetworkName>Digicel PNG</NetworkName>
        <Editable>yes</Editable>
        <HiddenStatus>show</HiddenStatus>
        <ProfileName>PNG Internet</ProfileName>
        <URL>https://www.digicelgroup.com</URL>
        <Auth>normal</Auth>
        <Bearer>ps</Bearer>
        <Protocol>http</Protocol>
        <Proxy>
          <EnableFlag>off</EnableFlag>
        </Proxy>
        <PSparam>
          <APN>internet.digicelpng.com</APN>
        </PSparam>
      </Profile>
      <Profile>
        <NetworkName>Digicel Fiji</NetworkName>
        <Editable>yes</Editable>
        <HiddenStatus>show</HiddenStatus>
        <ProfileName>Fiji MMS</ProfileName>
        <URL>http://mms.digicelpacific.com:8990</URL>
        <Auth>normal</Auth>
        <Bearer>ps</Bearer>
        <Protocol>http</Protocol>
        <Proxy>
          <EnableFlag>on</EnableFlag>
          <ServAddr>10.150.122.12</ServAddr>
          <Port>8080</Port>
        </Proxy>
        <PSparam>
          <APN>wap.digicelpacific.com</APN>
        </PSparam>
      </Profile>
      <Profile>
        <NetworkName>Digicel Fiji</NetworkName>
        <Editable>yes</Editable>
        <HiddenStatus>show</HiddenStatus>
        <ProfileName>Fiji Internet</ProfileName>
        <URL>https://www.digicelgroup.com</URL>
        <Auth>normal</Auth>
        <Bearer>ps</Bearer>
        <Protocol>http</Protocol>
        <Proxy>
          <EnableFlag>off</EnableFlag>
        </Proxy>
        <PSparam>
          <APN>web.digicelpacific.com</APN>
        </PSparam>
      </Profile>
      <Profile>
        <NetworkName>Digicel Nauru</NetworkName>
        <Editable>yes</Editable>
        <HiddenStatus>show</HiddenStatus>
        <ProfileName>Nauru MMS</ProfileName>
        <URL>http://mms.digicelpacific.com:8990</URL>
        <Auth>normal</Auth>
        <Bearer>ps</Bearer>
        <Protocol>http</Protocol>
        <Proxy>
          <EnableFlag>on</EnableFlag>
          <ServAddr>10.150.122.12</ServAddr>
          <Port>8080</Port>
        </Proxy>
        <PSparam>
          <APN>wap.digicelpacific.com</APN>
        </PSparam>
      </Profile>
      <Profile>
        <NetworkName>Digicel Nauru</NetworkName>
        <Editable>yes</Editable>
        <HiddenStatus>show</HiddenStatus>
        <ProfileName>Nauru Internet</ProfileName>
        <URL>https://www.digicelgroup.com</URL>
        <Auth>normal</Auth>
        <Bearer>ps</Bearer>
        <Protocol>http</Protocol>
        <Proxy>
          <EnableFlag>off</EnableFlag>
        </Proxy>
        <PSparam>
          <APN>web.digicelpacific.com</APN>
        </PSparam>
      </Profile>
      <Profile>
        <NetworkName>Digicel Samoa</NetworkName>
        <Editable>yes</Editable>
        <HiddenStatus>show</HiddenStatus>
        <ProfileName>Samoa MMS</ProfileName>
        <URL>http://mms.digicelsamoa.net:8990</URL>
        <Auth>normal</Auth>
        <Bearer>ps</Bearer>
        <Protocol>http</Protocol>
        <Proxy>
          <EnableFlag>on</EnableFlag>
          <ServAddr>10.148.122.12</ServAddr>
          <Port>8080</Port>
        </Proxy>
        <PSparam>
          <APN>wap.digicelsamoa.ws</APN>
        </PSparam>
      </Profile>
      <Profile>
        <NetworkName>Digicel Samoa</NetworkName>
        <Editable>yes</Editable>
        <HiddenStatus>show</HiddenStatus>
        <ProfileName>Samoa Internet</ProfileName>
        <URL>https://www.digicelgroup.com</URL>
        <Auth>normal</Auth>
        <Bearer>ps</Bearer>
        <Protocol>http</Protocol>
        <Proxy>
          <EnableFlag>off</EnableFlag>
        </Proxy>
        <PSparam>
          <APN>web.digicelsamoa.ws</APN>
        </PSparam>
      </Profile>
      <Profile>
        <NetworkName>Digicel Tonga</NetworkName>
        <Editable>yes</Editable>
        <HiddenStatus>show</HiddenStatus>
        <ProfileName>Tonga MMS</ProfileName>
        <URL>http://mms.digicelpacific.com:8990</URL>
        <Auth>normal</Auth>
        <Bearer>ps</Bearer>
        <Protocol>http</Protocol>
        <Proxy>
          <EnableFlag>on</EnableFlag>
          <ServAddr>10.150.122.12</ServAddr>
          <Port>8080</Port>
        </Proxy>
        <PSparam>
          <APN>wap.digicelpacific.com</APN>
        </PSparam>
      </Profile>
      <Profile>
        <NetworkName>Digicel Tonga</NetworkName>
        <Editable>yes</Editable>
        <HiddenStatus>show</HiddenStatus>
        <ProfileName>Tonga Internet</ProfileName>
        <URL>https://www.digicelgroup.com</URL>
        <Auth>normal</Auth>
        <Bearer>ps</Bearer>
        <Protocol>http</Protocol>
        <Proxy>
          <EnableFlag>off</EnableFlag>
        </Proxy>
        <PSparam>
          <APN>web.digicelpacific.com</APN>
        </PSparam>
      </Profile>
      <Profile>
        <NetworkName>Digicel Vanuatu</NetworkName>
        <Editable>yes</Editable>
        <HiddenStatus>show</HiddenStatus>
        <ProfileName>Vanuatu MMS</ProfileName>
        <URL>http://mms.digicelpacific.com:8990</URL>
        <Auth>normal</Auth>
        <Bearer>ps</Bearer>
        <Protocol>http</Protocol>
        <Proxy>
          <EnableFlag>on</EnableFlag>
          <ServAddr>10.150.122.12</ServAddr>
          <Port>8080</Port>
        </Proxy>
        <PSparam>
          <APN>wap.digicelpacific.com</APN>
        </PSparam>
      </Profile>
      <Profile>
        <NetworkName>Digicel Vanuatu</NetworkName>
        <Editable>yes</Editable>
        <HiddenStatus>show</HiddenStatus>
        <ProfileName>Vanuatu Internet</ProfileName>
        <URL>https://www.digicelgroup.com</URL>
        <Auth>normal</Auth>
        <Bearer>ps</Bearer>
        <Protocol>http</Protocol>
        <Proxy>
          <EnableFlag>off</EnableFlag>
        </Proxy>
        <PSparam>
          <APN>web.digicelpacific.com</APN>
        </PSparam>
      </Profile>
      <Profile>
        <NetworkName>OPT-NC</NetworkName>
        <Editable>yes</Editable>
        <HiddenStatus>show</HiddenStatus>
        <ProfileName>MOBILIS</ProfileName>
        <URL>www.opt.nc</URL>
        <Auth>normal</Auth>
        <Bearer>ps</Bearer>
        <Protocol>http</Protocol>
        <Proxy>
          <EnableFlag>off</EnableFlag>
        </Proxy>
        <PSparam>
          <APN>IM</APN>
        </PSparam>
      </Profile>
      <Profile>
        <NetworkName>VINI</NetworkName>
        <Editable>yes</Editable>
        <HiddenStatus>show</HiddenStatus>
        <ProfileName>internet</ProfileName>
        <URL>http://www.vini.pf</URL>
        <Auth>normal</Auth>
        <Bearer>ps</Bearer>
        <Protocol>http</Protocol>
        <Proxy>
          <EnableFlag>off</EnableFlag>
        </Proxy>
        <PSparam>
          <APN>internet</APN>
        </PSparam>
      </Profile>
      <Profile>
        <NetworkName>ATHKL</NetworkName>
        <HiddenStatus>show</HiddenStatus>
        <ProfileName>ATHKL</ProfileName>
        <URL>www.google.com</URL>
        <Auth>normal</Auth>
        <Bearer>ps</Bearer>
        <Protocol>http</Protocol>
        <Proxy>
          <EnableFlag>off</EnableFlag>
        </Proxy>
        <PSparam>
          <APN>wap.athkl</APN>
        </PSparam>
      </Profile>
      <Profile>
        <NetworkName>Timor Telecom</NetworkName>
        <Editable>yes</Editable>
        <HiddenStatus>show</HiddenStatus>
        <ProfileName>Timor Telecom</ProfileName>
        <URL>www.timortelecom.tl</URL>
        <Auth>normal</Auth>
        <Bearer>ps</Bearer>
        <Protocol>http</Protocol>
        <Proxy>
          <EnableFlag>off</EnableFlag>
        </Proxy>
        <PSparam>
          <APN>Internet</APN>
        </PSparam>
      </Profile>
      <Profile>
        <NetworkName>BlueSky Samoa</NetworkName>
        <Editable>yes</Editable>
        <HiddenStatus>show</HiddenStatus>
        <ProfileName>BlueSky Samoa</ProfileName>
        <URL>http://blueskysamoa.ws/</URL>
        <Auth>normal</Auth>
        <Bearer>ps</Bearer>
        <Protocol>http</Protocol>
        <Proxy>
          <EnableFlag>off</EnableFlag>
        </Proxy>
        <PSparam>
          <APN>4g.bluesky</APN>
        </PSparam>
      </Profile>
      <Profile>
        <NetworkName>Bluesky American Samoa</NetworkName>
        <Editable>yes</Editable>
        <HiddenStatus>show</HiddenStatus>
        <ProfileName>Bluesky AS</ProfileName>
        <URL>www.bluesky.as</URL>
        <Auth>normal</Auth>
        <Bearer>ps</Bearer>
        <Protocol>http</Protocol>
        <Proxy>
          <EnableFlag>off</EnableFlag>
        </Proxy>
        <PSparam>
          <APN>4g.bluesky</APN>
        </PSparam>
      </Profile>
      <Profile>
        <NetworkName>Bluesky Cook Islands</NetworkName>
        <Editable>yes</Editable>
        <HiddenStatus>show</HiddenStatus>
        <ProfileName>Bluesky CK</ProfileName>
        <URL>http://www.bluesky.co.ck/</URL>
        <Auth>normal</Auth>
        <Bearer>ps</Bearer>
        <Protocol>http</Protocol>
        <Proxy>
          <EnableFlag>off</EnableFlag>
        </Proxy>
        <PSparam>
          <APN>4g.bluesky</APN>
        </PSparam>
      </Profile>
      <Profile>
        <NetworkName>Timor Telkomcel</NetworkName>
        <Editable>yes</Editable>
        <HiddenStatus>show</HiddenStatus>
        <ProfileName>TCEL INTERNET</ProfileName>
        <URL>WWW.TELKOMCEL.TL</URL>
        <Auth>normal</Auth>
        <Bearer>ps</Bearer>
        <Protocol>http</Protocol>
        <Proxy>
          <EnableFlag>off</EnableFlag>
        </Proxy>
        <PSparam>
          <APN>internet</APN>
        </PSparam>
      </Profile>
      <Profile>
        <NetworkName>SMILE</NetworkName>
        <Editable>yes</Editable>
        <HiddenStatus>show</HiddenStatus>
        <ProfileName>SMILE MMS</ProfileName>
        <URL>http://tvlmms.net.vu</URL>
        <Auth>normal</Auth>
        <Bearer>ps</Bearer>
        <Protocol>http</Protocol>
        <Proxy>
          <EnableFlag>on</EnableFlag>
          <ServAddr>202.80.32.254</ServAddr>
          <Port>8080</Port>
        </Proxy>
        <PSparam>
          <APN>tvlmms.net.vu</APN>
        </PSparam>
      </Profile>
      <Profile>
        <NetworkName>SMILE</NetworkName>
        <Editable>yes</Editable>
        <HiddenStatus>show</HiddenStatus>
        <ProfileName>TVL</ProfileName>
        <URL>www.tvl.vu</URL>
        <Auth>normal</Auth>
        <Bearer>ps</Bearer>
        <Protocol>http</Protocol>
        <Proxy>
          <EnableFlag>off</EnableFlag>
        </Proxy>
        <PSparam>
          <APN>tvlweb.net.vu</APN>
        </PSparam>
      </Profile>
      <Profile>
        <NetworkName>TELEMOR</NetworkName>
        <Editable>yes</Editable>
        <HiddenStatus>show</HiddenStatus>
        <ProfileName>Telemor</ProfileName>
        <URL>http://telemor.tl</URL>
        <Auth>normal</Auth>
        <Bearer>ps</Bearer>
        <Protocol>http</Protocol>
        <Proxy>
          <EnableFlag>off</EnableFlag>
        </Proxy>
        <PSparam>
          <APN>t-internet</APN>
        </PSparam>
      </Profile>
      <Profile>
        <NetworkName>MANUIA</NetworkName>
        <Editable>yes</Editable>
        <HiddenStatus>show</HiddenStatus>
        <ProfileName>MANUIA</ProfileName>
        <URL>www.spt.wf</URL>
        <Auth>normal</Auth>
        <Bearer>ps</Bearer>
        <Protocol>http</Protocol>
        <Proxy>
          <EnableFlag>off</EnableFlag>
        </Proxy>
        <PSparam>
          <APN>MANUIA</APN>
        </PSparam>
      </Profile>
      <Profile>
        <NetworkName>Spark NZ</NetworkName>
        <IpVersion>ipv6</IpVersion>
        <Editable>yes</Editable>
        <ProfileName>ims</ProfileName>
        <Bearer>ps</Bearer>
        <Proxy>
          <EnableFlag>off</EnableFlag>
        </Proxy>
        <PSparam>
          <APN>ims</APN>
        </PSparam>
      </Profile>
      <Profile>
        <NetworkName>2degrees</NetworkName>
        <IpVersion>ipv4</IpVersion>
        <Editable>yes</Editable>
        <ProfileName>IMS</ProfileName>
        <PSparam>
          <APN>ims</APN>
        </PSparam>
      </Profile>
      <Profile>
        <NetworkName>Vodafone NZ</NetworkName>
        <IpVersion>ipv4v6</IpVersion>
        <Editable>no</Editable>
        <ProfileName>IMS</ProfileName>
        <Auth>normal</Auth>
        <Bearer>ps</Bearer>
        <Protocol>http</Protocol>
        <Proxy>
          <EnableFlag>off</EnableFlag>
        </Proxy>
        <PSparam>
          <APN>IMS</APN>
        </PSparam>
      </Profile>
      <Profile>
        <NetworkName>Vodafone NZ</NetworkName>
        <IpVersion>ipv4v6</IpVersion>
        <ProfileName>XCAP</ProfileName>
        <Auth>normal</Auth>
        <Bearer>ps</Bearer>
        <Protocol>http</Protocol>
        <Proxy>
          <EnableFlag>off</EnableFlag>
        </Proxy>
        <PSparam>
          <APN>xcap</APN>
        </PSparam>
      </Profile>
    </Connections>
    <IMSSetting>
      <NbSetting>3</NbSetting>
      <Setting>
        <NetworkName>Spark NZ</NetworkName>
        <Version>3.0</Version>
        <EnableIMS>true</EnableIMS>
        <VoLTE>
          <EnableVoLTE>true</EnableVoLTE>
          <EnableVoiceoverWIFI>false</EnableVoiceoverWIFI>
          <EnableVideocall>true</EnableVideocall>
          <EnableVoLTEindicator>true</EnableVoLTEindicator>
          <Voice_Domain_Preference_EUTRAN>imspsvoicepreferred</Voice_Domain_Preference_EUTRAN>
          <Emregencycall_Domain>ps</Emregencycall_Domain>
          <SRVCCversion>0</SRVCCversion>
          <SS_Domain_Preference>cs_always</SS_Domain_Preference>
          <SS_CSFBwithIMSerror>false</SS_CSFBwithIMSerror>
          <USSD_Domain_Preference>cs</USSD_Domain_Preference>
          <EnableSMSoverIP>false</EnableSMSoverIP>
        </VoLTE>
      </Setting>
      <Setting>
        <NetworkName>Vodafone NZ</NetworkName>
        <Version>3.0</Version>
        <EnableIMS>true</EnableIMS>
        <VoLTE>
          <EnableVoLTE>true</EnableVoLTE>
          <EnableVoiceoverWIFI>false</EnableVoiceoverWIFI>
          <EnableVideocall>true</EnableVideocall>
          <EnableVoLTEindicator>true</EnableVoLTEindicator>
          <Voice_Domain_Preference_EUTRAN>imspsvoicepreferred</Voice_Domain_Preference_EUTRAN>
          <Emregencycall_Domain>ps</Emregencycall_Domain>
          <SRVCCversion>10</SRVCCversion>
          <SS_Domain_Preference>ps_always</SS_Domain_Preference>
          <SS_PS_Control_Preference>xcap</SS_PS_Control_Preference>
          <SS_CSFBwithIMSerror>false</SS_CSFBwithIMSerror>
          <USSD_Domain_Preference>pscs</USSD_Domain_Preference>
          <EnableSMSoverIP>false</EnableSMSoverIP>
        </VoLTE>
      </Setting>
      <Setting>
        <NetworkName>2degrees</NetworkName>
        <Version>3.0</Version>
        <EnableIMS>true</EnableIMS>
        <VoLTE>
          <EnableVoLTE>true</EnableVoLTE>
          <EnableVoiceoverWIFI>true</EnableVoiceoverWIFI>
          <EnableVideocall>false</EnableVideocall>
          <EnableVoLTEindicator>true</EnableVoLTEindicator>
          <Voice_Domain_Preference_EUTRAN>imspsvoicepreferred</Voice_Domain_Preference_EUTRAN>
          <Emregencycall_Domain>ps</Emregencycall_Domain>
          <SRVCCversion>10</SRVCCversion>
          <SS_Domain_Preference>cs_always</SS_Domain_Preference>
          <SS_PS_Control_Preference>xcap</SS_PS_Control_Preference>
          <SS_CSFBwithIMSerror>true</SS_CSFBwithIMSerror>
          <USSD_Domain_Preference>cs</USSD_Domain_Preference>
          <EnableSMSoverIP>true</EnableSMSoverIP>
        </VoLTE>
      </Setting>
    </IMSSetting>
  </Settings>
</CustomerData>