<?xml version="1.0" encoding="UTF-8"?>
<SamsungMobileFeature>
  <Version>ED00006</Version>
  <Country>UNITED KINGDOM</Country>
  <CountryISO>GB</CountryISO>
  <SalesCode>BTE</SalesCode>
  <FeatureSet>
    <CscFeature_Audio_SupportSafeMediaVolumeDialog>TRUE</CscFeature_Audio_SupportSafeMediaVolumeDialog>
    <CscFeature_Common_ConfigEmergencyModePackages>com.ipsec.service,com.sec.android.providers.iwlansettings,com.sec.android.providers.mapcon</CscFeature_Common_ConfigEmergencyModePackages>
    <CscFeature_Common_ConfigOpBrandingForWFC>EE</CscFeature_Common_ConfigOpBrandingForWFC>
    <CscFeature_Common_ConfigSvcProviderForUnknownNumber>whitepages,whitepages,whitepages</CscFeature_Common_ConfigSvcProviderForUnknownNumber>
    <CscFeature_Common_DisableLTEFallbackAtLowThroughput>TRUE</CscFeature_Common_DisableLTEFallbackAtLowThroughput>
    <CscFeature_Common_Vibration4NotiDuringCall>TRUE</CscFeature_Common_Vibration4NotiDuringCall>
    <CscFeature_Contact_ConfigImsOpStyle>BTE</CscFeature_Contact_ConfigImsOpStyle>
    <CscFeature_Contact_SupportDuoVideoCall>TRUE</CscFeature_Contact_SupportDuoVideoCall>
    <CscFeature_Email_DisableAutoDomainGenerationDuringManualSetup>TRUE</CscFeature_Email_DisableAutoDomainGenerationDuringManualSetup>
    <CscFeature_Email_UseFixedSmtpPortAs>25</CscFeature_Email_UseFixedSmtpPortAs>
    <CscFeature_Framework_AddProductRoField>BRAND1-orange</CscFeature_Framework_AddProductRoField>
    <CscFeature_GMS_DisableSetupWizard>TRUE</CscFeature_GMS_DisableSetupWizard>
    <CscFeature_GMS_SetClientIDBaseMs>android-ee-uk-revc</CscFeature_GMS_SetClientIDBaseMs>
    <CscFeature_GMS_SupportSTSTool>FALSE</CscFeature_GMS_SupportSTSTool>
    <CscFeature_Graphics_DisableGameToolsPublicWIFI>TRUE</CscFeature_Graphics_DisableGameToolsPublicWIFI>
    <CscFeature_Launcher_DefaultPageNumber>0</CscFeature_Launcher_DefaultPageNumber>
    <CscFeature_Message_DisableSmsToMmsConversionByTextInput>TRUE</CscFeature_Message_DisableSmsToMmsConversionByTextInput>
    <CscFeature_Message_ReplaceLabelOnRequestedStatus>TRUE</CscFeature_Message_ReplaceLabelOnRequestedStatus>
    <CscFeature_Message_SupportSuggestedCategory>TRUE</CscFeature_Message_SupportSuggestedCategory>
    <CscFeature_NFC_DefStatus>ON</CscFeature_NFC_DefStatus>
    <CscFeature_NFC_StatusBarIconType>DEFAULT</CscFeature_NFC_StatusBarIconType>
    <CscFeature_RIL_ConfigSpecialPdpFlag>im_cn</CscFeature_RIL_ConfigSpecialPdpFlag>
    <CscFeature_RIL_RemoveToastDuringBipOperation>TRUE</CscFeature_RIL_RemoveToastDuringBipOperation>
    <CscFeature_RIL_RemoveToastDuringStkRefresh>TRUE</CscFeature_RIL_RemoveToastDuringStkRefresh>
    <CscFeature_RIL_SupportEsim>TRUE</CscFeature_RIL_SupportEsim>
    <CscFeature_Setting_BlockToSelectDunApnType>TRUE</CscFeature_Setting_BlockToSelectDunApnType>
    <CscFeature_Setting_EditOption4ApnType>List</CscFeature_Setting_EditOption4ApnType>
    <CscFeature_Setting_EnableDataServicePopup>TRUE</CscFeature_Setting_EnableDataServicePopup>
    <CscFeature_Setting_EnablePromptPopupWhenActivatingDataConnection>TRUE</CscFeature_Setting_EnablePromptPopupWhenActivatingDataConnection>
    <CscFeature_SetupWizard_DisablePrivacyPolicyAgreement>TRUE</CscFeature_SetupWizard_DisablePrivacyPolicyAgreement>
    <CscFeature_SystemUI_ConfigOpBranding5GIcon>5GAvailable</CscFeature_SystemUI_ConfigOpBranding5GIcon>
    <CscFeature_VT_ConfigBearer>-CSVT</CscFeature_VT_ConfigBearer>
    <CscFeature_VoiceCall_ConfigOpStyleForHdIcon>EVR_HD</CscFeature_VoiceCall_ConfigOpStyleForHdIcon>
    <CscFeature_VoiceCall_ConfigOpStyleForVolte>EVR_VOLTE</CscFeature_VoiceCall_ConfigOpStyleForVolte>
    <CscFeature_VoiceCall_DisableUssdCancelPopup>TRUE</CscFeature_VoiceCall_DisableUssdCancelPopup>
    <CscFeature_VoiceCall_EnableBeepVibration4UssdAlert>TRUE</CscFeature_VoiceCall_EnableBeepVibration4UssdAlert>
    <CscFeature_VoiceCall_EnableCallButtonInFdnList>TRUE</CscFeature_VoiceCall_EnableCallButtonInFdnList>
    <CscFeature_VoiceCall_KeypadTypeToDigit4UssdInput>TRUE</CscFeature_VoiceCall_KeypadTypeToDigit4UssdInput>
    <CscFeature_VoiceCall_RemoveKeypadDuringVmsCall>TRUE</CscFeature_VoiceCall_RemoveKeypadDuringVmsCall>
    <CscFeature_VoiceCall_SupportShowVowifiEndCall>TRUE</CscFeature_VoiceCall_SupportShowVowifiEndCall>
    <CscFeature_Weather_ConfigCpType>TWC</CscFeature_Weather_ConfigCpType>
    <CscFeature_Web_ConfigSyncSource>TRUE</CscFeature_Web_ConfigSyncSource>
    <CscFeature_Web_DisableChooser4>application/sdp,application/x-mpegurl</CscFeature_Web_DisableChooser4>
    <CscFeature_Wifi_ConfigSnsStatus>DEFAULT_ON</CscFeature_Wifi_ConfigSnsStatus>
    <CscFeature_Wifi_EnableWarningPopup4DataBatteryUsage>TRUE</CscFeature_Wifi_EnableWarningPopup4DataBatteryUsage>
    
    <!-- Additions -->
    <CscFeature_Camera_ShutterSoundMenu>TRUE</CscFeature_Camera_ShutterSoundMenu>
    <CscFeature_Setting_EnableMenuBlockCallMsg>TRUE</CscFeature_Setting_EnableMenuBlockCallMsg>
    <CscFeature_SystemUI_SupportRecentAppProtection>TRUE</CscFeature_SystemUI_SupportRecentAppProtection>
    <CscFeature_VoiceCall_ConfigRecording>RecordingAllowed</CscFeature_VoiceCall_ConfigRecording>
    <CscFeature_Message_SupportAntiPhishing>TRUE</CscFeature_Message_SupportAntiPhishing>
    <CscFeature_Message_DisableSpam>TRUE</CscFeature_Message_DisableSpam>
    <CscFeature_Music_SupportPlaybackDuringCall>TRUE</CscFeature_Music_SupportPlaybackDuringCall>
    <CscFeature_Video_SupportPlayDuringCall>TRUE</CscFeature_Video_SupportPlayDuringCall>
    <CscFeature_Camera_EnableCameraDuringCall>TRUE</CscFeature_Camera_EnableCameraDuringCall>
  </FeatureSet>
</SamsungMobileFeature>
