<?xml version="1.0" encoding="UTF-8"?>
<CustomerData>
  <GeneralInfo>
    <CSCEdition>ED0002</CSCEdition>
    <Country>ITALY</Country>
    <CountryISO>IT</CountryISO>
    <Region>EUR</Region>
    <SalesCode>OMN</SalesCode>
    <NbNetworkInfo>3</NbNetworkInfo>
    <NetworkInfo>
      <MCCMNC>22210</MCCMNC>
      <NetworkName>vodafone IT</NetworkName>
      <NWID>NW01500</NWID>
    </NetworkInfo>
    <NetworkInfo>
      <MCCMNC>22210</MCCMNC>
      <NetworkName>ho.</NetworkName>
      <NWID>NW01590</NWID>
      <SPName>ho.</SPName>
    </NetworkInfo>
    <NetworkInfo>
      <MCCMNC>27801</MCCMNC>
      <NetworkName>vodafone MT</NetworkName>
      <NWID>NW01493</NWID>
    </NetworkInfo>
  </GeneralInfo>
  <Settings>
    <Main>
      <Security>
        <OneSIMLock>none</OneSIMLock>
        <SeparateLock>none</SeparateLock>
      </Security>
      <Network>
        <NbMaxPDP>1</NbMaxPDP>
        <MaxPDP>
          <NetworkName>vodafone IT</NetworkName>
          <MaxPDP2G>3</MaxPDP2G>
        </MaxPDP>
        <NbFastDormancy>4</NbFastDormancy>
        <FastDormancy>
          <NetworkName>vodafone IT</NetworkName>
          <FastDormancyEnableStatus>off</FastDormancyEnableStatus>
          <LCDStatus>on</LCDStatus>
        </FastDormancy>
        <FastDormancy>
          <NetworkName>vodafone IT</NetworkName>
          <FastDormancyEnableStatus>on</FastDormancyEnableStatus>
          <TimeoutValue>5</TimeoutValue>
          <LCDStatus>off</LCDStatus>
        </FastDormancy>
        <FastDormancy>
          <NetworkName>vodafone IT</NetworkName>
          <FastDormancyEnableStatus>off</FastDormancyEnableStatus>
          <LCDStatus>on</LCDStatus>
          <Version>rel8</Version>
        </FastDormancy>
        <FastDormancy>
          <NetworkName>vodafone IT</NetworkName>
          <FastDormancyEnableStatus>on</FastDormancyEnableStatus>
          <TimeoutValue>5</TimeoutValue>
          <LCDStatus>off</LCDStatus>
          <Version>rel8</Version>
        </FastDormancy>
        <NbWbAmr>1</NbWbAmr>
        <WbAmr>
          <NetworkName>vodafone IT</NetworkName>
          <WbAmrCodec>on</WbAmrCodec>
        </WbAmr>
        <NbSOSNumber>2</NbSOSNumber>
        <SOSNumber>112</SOSNumber>
        <SOSNumber>911</SOSNumber>
        <NbSOSNumberNoSIM>8</NbSOSNumberNoSIM>
        <SOSNumberNoSIM>112</SOSNumberNoSIM>
        <SOSNumberNoSIM>911</SOSNumberNoSIM>
        <SOSNumberNoSIM>999</SOSNumberNoSIM>
        <SOSNumberNoSIM>000</SOSNumberNoSIM>
        <SOSNumberNoSIM>08</SOSNumberNoSIM>
        <SOSNumberNoSIM>110</SOSNumberNoSIM>
        <SOSNumberNoSIM>119</SOSNumberNoSIM>
        <SOSNumberNoSIM>118</SOSNumberNoSIM>
      </Network>
      <Sound>
        <ExtraSound>
          <ConnectTone>off</ConnectTone>
        </ExtraSound>
      </Sound>
      <Phone>
        <DefLanguage>it_IT</DefLanguage>
        <DefLanguageNoSIM>it_IT</DefLanguageNoSIM>
        <DateTimeFormat>
          <DateFormat>ddmmyyyy</DateFormat>
          <TimeFormat>24h</TimeFormat>
        </DateTimeFormat>
        <AutoSyncCommon>on</AutoSyncCommon>
        <VisiblePassword>off</VisiblePassword>
      </Phone>
    </Main>
    <Messages>
      <NbVoicemail>1</NbVoicemail>
      <Voicemail>
        <NetworkName>vodafone IT</NetworkName>
        <TelNum>42020</TelNum>
      </Voicemail>
      <PushMsg>
        <PushLoading>prompt</PushLoading>
      </PushMsg>
      <SMS>
        <DeliveryReport>off</DeliveryReport>
        <MsgTypeThreshold>
          <ThresholdValue>10</ThresholdValue>
        </MsgTypeThreshold>
        <CharSupport>gsmalpha</CharSupport>
        <DeleteOldMessage>off</DeleteOldMessage>
      </SMS>
      <MMS>
        <MmsSending>
          <MessageSize>300</MessageSize>
          <CreationMode>warning</CreationMode>
        </MmsSending>
        <MmsReceiving>
          <Home>auto</Home>
          <Roaming>auto</Roaming>
        </MmsReceiving>
      </MMS>
      <Email>
        <NbAccount>8</NbAccount>
        <Account>
          <NetworkName>vodafone IT</NetworkName>
          <AccountName>Gmail</AccountName>
          <EmailAddr>@gmail.com</EmailAddr>
          <LoginType>domain_type</LoginType>
          <Incoming>
            <MailboxType>imap4</MailboxType>
            <ServAddr>imap.gmail.com</ServAddr>
            <Port>993</Port>
            <Secure>ssl</Secure>
          </Incoming>
          <Outgoing>
            <ServAddr>smtp.gmail.com</ServAddr>
            <Port>465</Port>
            <SmtpAuth>on</SmtpAuth>
            <Secure>ssl</Secure>
          </Outgoing>
        </Account>
        <Account>
          <NetworkName>vodafone IT</NetworkName>
          <AccountName>Google Mail</AccountName>
          <EmailAddr>@gmail.com</EmailAddr>
          <LoginType>domain_type</LoginType>
          <Incoming>
            <MailboxType>imap4</MailboxType>
            <ServAddr>imap.gmail.com</ServAddr>
            <Port>993</Port>
            <Secure>ssl</Secure>
          </Incoming>
          <Outgoing>
            <ServAddr>smtp.gmail.com</ServAddr>
            <Port>465</Port>
            <SmtpAuth>on</SmtpAuth>
            <Secure>ssl</Secure>
          </Outgoing>
        </Account>
        <Account>
          <NetworkName>vodafone IT</NetworkName>
          <AccountName>Vodafone.it</AccountName>
          <EmailAddr>@vodafone.it</EmailAddr>
          <LoginType>domain_type</LoginType>
          <Incoming>
            <MailboxType>imap4</MailboxType>
            <ServAddr>imap.vodafone.it</ServAddr>
            <Port>993</Port>
            <Secure>ssl</Secure>
          </Incoming>
          <Outgoing>
            <ServAddr>smtp.vodafone.it</ServAddr>
            <Port>465</Port>
            <SmtpAuth>on</SmtpAuth>
            <Secure>ssl</Secure>
          </Outgoing>
        </Account>
        <Account>
          <NetworkName>vodafone IT</NetworkName>
          <AccountName>Hotmail.com</AccountName>
          <EmailAddr>@hotmail.com</EmailAddr>
          <LoginType>domain_type</LoginType>
          <Incoming>
            <MailboxType>pop3</MailboxType>
            <ServAddr>pop3.live.com</ServAddr>
            <Port>995</Port>
            <Secure>ssl</Secure>
          </Incoming>
          <Outgoing>
            <ServAddr>smtp.live.com</ServAddr>
            <Port>587</Port>
            <SmtpAuth>on</SmtpAuth>
            <Secure>tls</Secure>
          </Outgoing>
        </Account>
        <Account>
          <NetworkName>vodafone IT</NetworkName>
          <AccountName>Hotmail.it</AccountName>
          <EmailAddr>@hotmail.it</EmailAddr>
          <LoginType>domain_type</LoginType>
          <Incoming>
            <MailboxType>pop3</MailboxType>
            <ServAddr>pop3.live.com</ServAddr>
            <Port>995</Port>
            <Secure>ssl</Secure>
          </Incoming>
          <Outgoing>
            <ServAddr>smtp.live.com</ServAddr>
            <Port>587</Port>
            <SmtpAuth>on</SmtpAuth>
            <Secure>tls</Secure>
          </Outgoing>
        </Account>
        <Account>
          <NetworkName>vodafone IT</NetworkName>
          <AccountName>Yahoo.it</AccountName>
          <EmailAddr>@yahoo.it</EmailAddr>
          <LoginType>domain_type</LoginType>
          <Incoming>
            <MailboxType>imap4</MailboxType>
            <ServAddr>imap.mail.yahoo.com</ServAddr>
            <Port>993</Port>
            <Secure>ssl</Secure>
          </Incoming>
          <Outgoing>
            <ServAddr>smtp.mail.yahoo.com</ServAddr>
            <Port>465</Port>
            <SmtpAuth>on</SmtpAuth>
            <Secure>ssl</Secure>
          </Outgoing>
        </Account>
        <Account>
          <NetworkName>vodafone IT</NetworkName>
          <AccountName>Yahoo.com</AccountName>
          <EmailAddr>@yahoo.com</EmailAddr>
          <LoginType>domain_type</LoginType>
          <Incoming>
            <MailboxType>imap4</MailboxType>
            <ServAddr>imap.mail.yahoo.com</ServAddr>
            <Port>993</Port>
            <Secure>ssl</Secure>
          </Incoming>
          <Outgoing>
            <ServAddr>smtp.mail.yahoo.com</ServAddr>
            <Port>465</Port>
            <SmtpAuth>on</SmtpAuth>
            <Secure>ssl</Secure>
          </Outgoing>
        </Account>
        <Account>
          <NetworkName>vodafone IT</NetworkName>
          <AccountName>Email.it</AccountName>
          <EmailAddr>@email.it</EmailAddr>
          <LoginType>domain_type</LoginType>
          <Incoming>
            <MailboxType>imap4</MailboxType>
            <ServAddr>imapmail.email.it</ServAddr>
            <Port>143</Port>
          </Incoming>
          <Outgoing>
            <ServAddr>smtp.email.it</ServAddr>
            <Port>587</Port>
            <SmtpAuth>on</SmtpAuth>
          </Outgoing>
        </Account>
      </Email>
    </Messages>
    <ActiveSync>
      <AcceptAllSSLCert>on</AcceptAllSSLCert>
      <SyncCalendar>on</SyncCalendar>
      <SyncContacts>on</SyncContacts>
      <RoamingSetting>use_sync_setting</RoamingSetting>
      <SyncSchedule>
        <PeakDuration>push</PeakDuration>
        <OffPeakDuration>push</OffPeakDuration>
        <PeakDayStart>monday</PeakDayStart>
        <PeakDayEnd>friday</PeakDayEnd>
        <PeakTimeStart>09:00</PeakTimeStart>
        <PeakTimeEnd>18:00</PeakTimeEnd>
      </SyncSchedule>
      <EasEmail>
        <PeriodEmail>1w</PeriodEmail>
        <SizeEmail>50k</SizeEmail>
      </EasEmail>
      <EasCalendar>
        <PeriodCalendar>1m</PeriodCalendar>
      </EasCalendar>
    </ActiveSync>
    <Browser>
      <NbBookmark>6</NbBookmark>
      <Bookmark>
        <NetworkName>vodafone IT</NetworkName>
        <Editable>no</Editable>
        <Index>1</Index>
        <BookmarkName>Homepage</BookmarkName>
        <URL>https://m.vodafone.it/pages/home</URL>
      </Bookmark>
      <Bookmark>
        <NetworkName>vodafone IT</NetworkName>
        <Editable>no</Editable>
        <Index>2</Index>
        <BookmarkName>My Vodafone</BookmarkName>
        <URL>http://my190.vodafone.it</URL>
      </Bookmark>
      <Bookmark>
        <NetworkName>vodafone IT</NetworkName>
        <Editable>no</Editable>
        <Index>3</Index>
        <BookmarkName>Vodafone Apps</BookmarkName>
        <URL>http://m.vodafone.it/pages/apps</URL>
      </Bookmark>
      <Bookmark>
        <NetworkName>vodafone IT</NetworkName>
        <Editable>no</Editable>
        <Index>4</Index>
        <BookmarkName>Vodafone</BookmarkName>
        <URL>http://m.vodafone.it</URL>
      </Bookmark>
      <Bookmark>
        <NetworkName>vodafone IT</NetworkName>
        <Editable>yes</Editable>
        <Index>5</Index>
        <BookmarkName>Google</BookmarkName>
        <URL>http://www.google.com/m?client={CID}&amp;source=android-home</URL>
      </Bookmark>
      <Bookmark>
        <NetworkName>vodafone IT</NetworkName>
        <Editable>yes</Editable>
        <Index>6</Index>
        <BookmarkName>Galaxy Shop</BookmarkName>
        <URL>https://www.samsung.com/it/mobile/?cid=it_owned_app_s-internet_none_none_bookmark_bookmark_202008_none</URL>
      </Bookmark>
      <eManual>
        <URL>http://www.samsung.com/m-manual/common</URL>
      </eManual>
    </Browser>
    <GPS>
      <NbAGPS>1</NbAGPS>
      <AGPS>
        <TLS>on</TLS>
        <ServAddr>supl.vodafone.com</ServAddr>
        <Port>7275</Port>
        <SuplVer>2.0</SuplVer>
      </AGPS>
    </GPS>
    <Connections>
      <NbProfileHandle>3</NbProfileHandle>
      <ProfileHandle>
        <NbNetProfile>4</NbNetProfile>
        <NetworkName>vodafone IT</NetworkName>
        <ProfBrowser>Acc. Internet da cell</ProfBrowser>
        <ProfMMS>MMS Vodafone</ProfMMS>
        <ProfAGPS>Acc. Internet da cell</ProfAGPS>
        <ProfIntSharing>Tethering Internet</ProfIntSharing>
        <ProfIMS>IMS</ProfIMS>
        <ProfXCAP>Acc. Internet da cell</ProfXCAP>
      </ProfileHandle>
      <ProfileHandle>
        <NbNetProfile>3</NbNetProfile>
        <NetworkName>ho.</NetworkName>
        <ProfBrowser>Web Ho Mobile</ProfBrowser>
        <ProfAGPS>Web Ho Mobile</ProfAGPS>
        <ProfIntSharing>Internet Ho Mobile</ProfIntSharing>
        <ProfIMS>IMS</ProfIMS>
      </ProfileHandle>
      <ProfileHandle>
        <NbNetProfile>2</NbNetProfile>
        <NetworkName>vodafone MT</NetworkName>
        <ProfBrowser>Vodafone MT-Connect</ProfBrowser>
        <ProfMMS>Vodafone MT-MMS</ProfMMS>
        <ProfEmail>Vodafone MT-Connect</ProfEmail>
        <ProfIM>Vodafone MT-Connect</ProfIM>
        <ProfStreaming>Vodafone MT-Connect</ProfStreaming>
        <ProfSyncDS>Vodafone MT-Connect</ProfSyncDS>
        <ProfActiveSync>Vodafone MT-Connect</ProfActiveSync>
        <ProfAGPS>Vodafone MT-Connect</ProfAGPS>
        <ProfWidget>Vodafone MT-Connect</ProfWidget>
        <ProfIntSharing>Vodafone MT-Connect</ProfIntSharing>
      </ProfileHandle>
      <NbProfile>9</NbProfile>
      <Profile>
        <NetworkName>vodafone IT</NetworkName>
        <Editable>yes</Editable>
        <ProfileName>Acc. Internet da cell</ProfileName>
        <URL>https://m.vodafone.it/pages/home</URL>
        <Auth>none</Auth>
        <Bearer>ps</Bearer>
        <Protocol>http</Protocol>
        <MTUSize>1350</MTUSize>
        <Proxy>
          <EnableFlag>off</EnableFlag>
        </Proxy>
        <PSparam>
          <APN>mobile.vodafone.it</APN>
        </PSparam>
        <CSparam>
          <TelNum>+393492002821</TelNum>
          <CallType>analog</CallType>
        </CSparam>
      </Profile>
      <Profile>
        <NetworkName>vodafone IT</NetworkName>
        <Editable>yes</Editable>
        <ProfileName>MMS Vodafone</ProfileName>
        <URL>http://mms.vodafone.it/servlets/mms</URL>
        <Auth>none</Auth>
        <Bearer>ps</Bearer>
        <Protocol>http</Protocol>
        <MTUSize>1350</MTUSize>
        <Proxy>
          <EnableFlag>on</EnableFlag>
          <ServAddr>10.128.224.10</ServAddr>
          <Port>80</Port>
        </Proxy>
        <PSparam>
          <APN>mms.vodafone.it</APN>
        </PSparam>
        <CSparam>
          <TelNum>+393482002024</TelNum>
          <CallType>analog</CallType>
        </CSparam>
      </Profile>
      <Profile>
        <NetworkName>vodafone IT</NetworkName>
        <Editable>yes</Editable>
        <ProfileName>Tethering Internet</ProfileName>
        <URL>https://m.vodafone.it/pages/home</URL>
        <Auth>none</Auth>
        <Bearer>ps</Bearer>
        <MTUSize>1350</MTUSize>
        <Proxy>
          <EnableFlag>off</EnableFlag>
        </Proxy>
        <PSparam>
          <APN>web.omnitel.it</APN>
        </PSparam>
      </Profile>
      <Profile>
        <NetworkName>vodafone IT</NetworkName>
        <IpVersion>ipv4v6</IpVersion>
        <RoamingIpVersion>ipv4v6</RoamingIpVersion>
        <Editable>yes</Editable>
        <HiddenStatus>hidden</HiddenStatus>
        <ProfileName>IMS</ProfileName>
        <Auth>normal</Auth>
        <Protocol>other</Protocol>
        <MTUSize>1350</MTUSize>
        <PSparam>
          <APN>ims</APN>
        </PSparam>
      </Profile>
      <Profile>
        <NetworkName>ho.</NetworkName>
        <Editable>yes</Editable>
        <ProfileName>Web Ho Mobile</ProfileName>
        <URL>https://www.ho-mobile.it</URL>
        <Auth>none</Auth>
        <Bearer>ps</Bearer>
        <MTUSize>1350</MTUSize>
        <Proxy>
          <EnableFlag>off</EnableFlag>
        </Proxy>
        <PSparam>
          <APN>web.ho-mobile.it</APN>
        </PSparam>
      </Profile>
      <Profile>
        <NetworkName>ho.</NetworkName>
        <Editable>yes</Editable>
        <ProfileName>Internet Ho Mobile</ProfileName>
        <URL>https://www.ho-mobile.it</URL>
        <Auth>none</Auth>
        <Bearer>ps</Bearer>
        <Protocol>http</Protocol>
        <MTUSize>1350</MTUSize>
        <Proxy>
          <EnableFlag>off</EnableFlag>
        </Proxy>
        <PSparam>
          <APN>internet.ho-mobile.it</APN>
        </PSparam>
      </Profile>
      <Profile>
        <NetworkName>ho.</NetworkName>
        <IpVersion>ipv4v6</IpVersion>
        <RoamingIpVersion>ipv4v6</RoamingIpVersion>
        <Editable>no</Editable>
        <HiddenStatus>hidden</HiddenStatus>
        <ProfileName>IMS</ProfileName>
        <Auth>normal</Auth>
        <Protocol>other</Protocol>
        <MTUSize>1350</MTUSize>
        <PSparam>
          <APN>IMS</APN>
        </PSparam>
      </Profile>
      <Profile>
        <NetworkName>vodafone MT</NetworkName>
        <RoamingIpVersion>ipv4</RoamingIpVersion>
        <Editable>yes</Editable>
        <ProfileName>Vodafone MT-Connect</ProfileName>
        <URL>www.vodafone.com.mt</URL>
        <Auth>none</Auth>
        <Bearer>ps</Bearer>
        <Protocol>http</Protocol>
        <MTUSize>1350</MTUSize>
        <Proxy>
          <EnableFlag>off</EnableFlag>
        </Proxy>
        <PSparam>
          <APN>connect</APN>
          <UserId>connect</UserId>
          <Password>connect</Password>
        </PSparam>
        <CSparam>
          <CallType>analog</CallType>
        </CSparam>
      </Profile>
      <Profile>
        <NetworkName>vodafone MT</NetworkName>
        <IpVersion>ipv4v6</IpVersion>
        <RoamingIpVersion>ipv4v6</RoamingIpVersion>
        <Editable>yes</Editable>
        <ProfileName>Vodafone MT-MMS</ProfileName>
        <URL>http://mms.vodafone.com.mt/servlets/mms</URL>
        <Auth>none</Auth>
        <Bearer>ps</Bearer>
        <Protocol>http</Protocol>
        <MTUSize>1350</MTUSize>
        <Proxy>
          <EnableFlag>on</EnableFlag>
          <ServAddr>10.12.0.3</ServAddr>
          <Port>8080</Port>
        </Proxy>
        <PSparam>
          <APN>mms.vodafone.com.mt</APN>
          <UserId>mms</UserId>
          <Password>mms</Password>
        </PSparam>
        <CSparam>
          <CallType>analog</CallType>
        </CSparam>
      </Profile>
    </Connections>
    <IMSSetting>
      <NbSetting>2</NbSetting>
      <Setting>
        <NetworkName>vodafone IT</NetworkName>
        <Version>3.0</Version>
        <EnableIMS>true</EnableIMS>
        <VoLTE>
          <EnableVoLTE>true</EnableVoLTE>
          <EnableVoiceoverWIFI>false</EnableVoiceoverWIFI>
          <EnableVideocall>false</EnableVideocall>
          <EnableVoLTEindicator>false</EnableVoLTEindicator>
          <Voice_Domain_Preference_EUTRAN>imspsvoicepreferred</Voice_Domain_Preference_EUTRAN>
          <Emregencycall_Domain>cs</Emregencycall_Domain>
          <SRVCCversion>10</SRVCCversion>
          <SS_Domain_Preference>cs_always</SS_Domain_Preference>
          <SS_PS_Control_Preference>xcap</SS_PS_Control_Preference>
          <SS_CSFBwithIMSerror>true</SS_CSFBwithIMSerror>
          <USSD_Domain_Preference>cs</USSD_Domain_Preference>
          <EnableSMSoverIP>true</EnableSMSoverIP>
        </VoLTE>
        <RCS>
          <EnableRCS>true</EnableRCS>
          <EnableRCSchat>true</EnableRCSchat>
        </RCS>
      </Setting>
      <Setting>
        <NetworkName>ho.</NetworkName>
        <Version>3.0</Version>
        <EnableIMS>true</EnableIMS>
        <VoLTE>
          <EnableVoLTE>true</EnableVoLTE>
          <EnableVoiceoverWIFI>false</EnableVoiceoverWIFI>
          <EnableVideocall>false</EnableVideocall>
          <EnableVoLTEindicator>false</EnableVoLTEindicator>
          <Voice_Domain_Preference_EUTRAN>imspsvoicepreferred</Voice_Domain_Preference_EUTRAN>
          <Emregencycall_Domain>cs</Emregencycall_Domain>
          <SRVCCversion>10</SRVCCversion>
          <SS_Domain_Preference>cs_always</SS_Domain_Preference>
          <SS_PS_Control_Preference>xcap</SS_PS_Control_Preference>
          <SS_CSFBwithIMSerror>true</SS_CSFBwithIMSerror>
          <USSD_Domain_Preference>cs</USSD_Domain_Preference>
          <EnableSMSoverIP>true</EnableSMSoverIP>
        </VoLTE>
        <RCS>
          <EnableRCS>false</EnableRCS>
        </RCS>
      </Setting>
    </IMSSetting>
  </Settings>
</CustomerData>