<?xml version="1.0" encoding="UTF-8"?>
<CustomerData>
  <GeneralInfo>
    <CSCEdition>ED0003</CSCEdition>
    <Country>Germany</Country>
    <CountryISO>DE</CountryISO>
    <Region>EUR</Region>
    <SalesCode>VD2</SalesCode>
    <NbNetworkInfo>2</NbNetworkInfo>
    <NetworkInfo>
      <MCCMNC>26202</MCCMNC>
      <NetworkName>vodafone.de</NetworkName>
      <NWID>NW01517</NWID>
    </NetworkInfo>
    <NetworkInfo>
      <MCCMNC>26209</MCCMNC>
      <NetworkName>vodafone.de.lab</NetworkName>
      <NWID>NW01894</NWID>
    </NetworkInfo>
  </GeneralInfo>
  <Settings>
    <Main>
      <Security>
        <OneSIMLock>none</OneSIMLock>
        <SeparateLock>none</SeparateLock>
      </Security>
      <Network>
        <NbFastDormancy>8</NbFastDormancy>
        <FastDormancy>
          <NetworkName>vodafone.de</NetworkName>
          <FastDormancyEnableStatus>off</FastDormancyEnableStatus>
          <LCDStatus>on</LCDStatus>
        </FastDormancy>
        <FastDormancy>
          <NetworkName>vodafone.de</NetworkName>
          <FastDormancyEnableStatus>on</FastDormancyEnableStatus>
          <TimeoutValue>5</TimeoutValue>
          <LCDStatus>off</LCDStatus>
        </FastDormancy>
        <FastDormancy>
          <NetworkName>vodafone.de</NetworkName>
          <FastDormancyEnableStatus>off</FastDormancyEnableStatus>
          <LCDStatus>on</LCDStatus>
          <Version>rel8</Version>
        </FastDormancy>
        <FastDormancy>
          <NetworkName>vodafone.de</NetworkName>
          <FastDormancyEnableStatus>on</FastDormancyEnableStatus>
          <TimeoutValue>5</TimeoutValue>
          <LCDStatus>off</LCDStatus>
          <Version>rel8</Version>
        </FastDormancy>
        <FastDormancy>
          <NetworkName>vodafone.de.lab</NetworkName>
          <FastDormancyEnableStatus>off</FastDormancyEnableStatus>
          <LCDStatus>on</LCDStatus>
        </FastDormancy>
        <FastDormancy>
          <NetworkName>vodafone.de.lab</NetworkName>
          <FastDormancyEnableStatus>on</FastDormancyEnableStatus>
          <TimeoutValue>5</TimeoutValue>
          <LCDStatus>off</LCDStatus>
        </FastDormancy>
        <FastDormancy>
          <NetworkName>vodafone.de.lab</NetworkName>
          <FastDormancyEnableStatus>off</FastDormancyEnableStatus>
          <LCDStatus>on</LCDStatus>
          <Version>rel8</Version>
        </FastDormancy>
        <FastDormancy>
          <NetworkName>vodafone.de.lab</NetworkName>
          <FastDormancyEnableStatus>on</FastDormancyEnableStatus>
          <TimeoutValue>5</TimeoutValue>
          <LCDStatus>off</LCDStatus>
          <Version>rel8</Version>
        </FastDormancy>
        <NbWbAmr>1</NbWbAmr>
        <WbAmr>
          <NetworkName>default</NetworkName>
          <WbAmrCodec>on</WbAmrCodec>
        </WbAmr>
        <AutoProfile>off</AutoProfile>
      </Network>
      <Sound>
        <ExtraSound>
          <ConnectTone>on</ConnectTone>
        </ExtraSound>
      </Sound>
      <Phone>
        <DefLanguage>automatic</DefLanguage>
        <DefLanguageNoSIM>de_DE</DefLanguageNoSIM>
        <DateTimeFormat>
          <DateFormat>ddmmyyyy</DateFormat>
          <TimeFormat>24h</TimeFormat>
        </DateTimeFormat>
      </Phone>
    </Main>
    <Contact>
      <SavePosition>sim</SavePosition>
    </Contact>
    <Calendar>
      <StartDay>monday</StartDay>
    </Calendar>
    <Messages>
      <NbVoicemail>1</NbVoicemail>
      <Voicemail>
        <NetworkName>default</NetworkName>
        <TelNum>5500</TelNum>
      </Voicemail>
      <PushMsg>
        <PushLoading>prompt</PushLoading>
      </PushMsg>
      <SMS>
        <MsgTypeThreshold>
          <ThresholdValue>5</ThresholdValue>
        </MsgTypeThreshold>
      </SMS>
      <MMS>
        <MmsSending>
          <ReqDeliveryRep>off</ReqDeliveryRep>
          <ReqReadRep>off</ReqReadRep>
          <MessageSize>300</MessageSize>
          <CreationMode>warning</CreationMode>
        </MmsSending>
        <MmsReceiving>
          <Home>auto</Home>
          <Roaming>restricted</Roaming>
        </MmsReceiving>
      </MMS>
      <Email>
        <EmailReceiving>
          <PollTime>off</PollTime>
        </EmailReceiving>
        <NbAccount>2</NbAccount>
        <Account>
          <NetworkName>vodafone.de</NetworkName>
          <AccountName>Vodafone E-Mail</AccountName>
          <EmailAddr>@vodafone.de</EmailAddr>
          <LoginType>domain_type</LoginType>
          <Incoming>
            <MailboxType>imap4</MailboxType>
            <ServAddr>imap.vodafone.de</ServAddr>
            <Port>993</Port>
            <Secure>ssl</Secure>
          </Incoming>
          <Outgoing>
            <ServAddr>smtp.vodafone.de</ServAddr>
            <Port>465</Port>
            <SmtpAuth>on</SmtpAuth>
            <Secure>ssl</Secure>
          </Outgoing>
        </Account>
        <Account>
          <NetworkName>vodafone.de</NetworkName>
          <AccountName>Vodafone E-Mail</AccountName>
          <EmailAddr>@vodafone.de</EmailAddr>
          <LoginType>domain_type</LoginType>
          <Incoming>
            <MailboxType>pop3</MailboxType>
            <ServAddr>pop.vodafone.de</ServAddr>
            <Port>995</Port>
            <Secure>ssl</Secure>
          </Incoming>
          <Outgoing>
            <ServAddr>smtp.vodafone.de</ServAddr>
            <Port>465</Port>
            <SmtpAuth>on</SmtpAuth>
            <Secure>ssl</Secure>
          </Outgoing>
        </Account>
      </Email>
    </Messages>
    <ActiveSync>
      <EasEmail>
        <SizeEmail>300k</SizeEmail>
      </EasEmail>
    </ActiveSync>
    <Browser>
      <NbBookmark>6</NbBookmark>
      <Bookmark>
        <NetworkName>vodafone.de</NetworkName>
        <BookmarkName>News</BookmarkName>
        <URL>http://vflive.de/news</URL>
      </Bookmark>
      <Bookmark>
        <NetworkName>vodafone.de</NetworkName>
        <BookmarkName>MusicDownloads</BookmarkName>
        <URL>http://vflive.de/music</URL>
      </Bookmark>
      <Bookmark>
        <NetworkName>vodafone.de</NetworkName>
        <BookmarkName>Spiele</BookmarkName>
        <URL>http://vflive.de/games</URL>
      </Bookmark>
      <Bookmark>
        <NetworkName>vodafone.de</NetworkName>
        <BookmarkName>Logos &amp; Designs</BookmarkName>
        <URL>http://vflive.de/picturedownload</URL>
      </Bookmark>
      <Bookmark>
        <NetworkName>vodafone.de</NetworkName>
        <BookmarkName>Vodafone Webseite</BookmarkName>
        <URL>http://m.vodafone.de</URL>
      </Bookmark>
      <Bookmark>
        <NetworkName>default</NetworkName>
        <Editable>yes</Editable>
        <BookmarkName>Galaxy Shop</BookmarkName>
        <URL>https://www.samsung.com/galaxy-shop/?cid=global_owned_app_s-internet_none_none_bookmark_bookmark_202008_none</URL>
      </Bookmark>
      <eManual>
        <URL>http://www.samsung.com/m-manual/voda</URL>
      </eManual>
    </Browser>
    <GPS>
      <NbAGPS>1</NbAGPS>
      <AGPS>
        <TLS>on</TLS>
        <ServAddr>supl.vodafone.com</ServAddr>
        <Port>7275</Port>
        <SuplVer>2.0</SuplVer>
      </AGPS>
    </GPS>
    <Connections>
      <NbProfileHandle>2</NbProfileHandle>
      <ProfileHandle>
        <NbNetProfile>3</NbNetProfile>
        <NetworkName>vodafone.de</NetworkName>
        <ProfBrowser>VF DE Web</ProfBrowser>
        <ProfMMS>VF DE Event</ProfMMS>
        <ProfIMS>IMS</ProfIMS>
        <ProfXCAP>VF DE Web</ProfXCAP>
      </ProfileHandle>
      <ProfileHandle>
        <NbNetProfile>3</NbNetProfile>
        <NetworkName>vodafone.de.lab</NetworkName>
        <ProfBrowser>VF DE Web</ProfBrowser>
        <ProfMMS>VF DE Event</ProfMMS>
        <ProfIMS>IMS</ProfIMS>
        <ProfXCAP>VF DE Web</ProfXCAP>
      </ProfileHandle>
      <NbProfile>6</NbProfile>
      <Profile>
        <NetworkName>vodafone.de</NetworkName>
        <IpVersion>ipv4v6</IpVersion>
        <RoamingIpVersion>ipv4v6</RoamingIpVersion>
        <Editable>no</Editable>
        <ProfileName>VF DE Web</ProfileName>
        <URL>http://live.vodafone.de/dr/cc</URL>
        <Auth>normalorsecure</Auth>
        <Bearer>ps</Bearer>
        <Protocol>http</Protocol>
        <MTUSize>1500</MTUSize>
        <Proxy>
          <EnableFlag>off</EnableFlag>
        </Proxy>
        <PSparam>
          <APN>web.vodafone.de</APN>
        </PSparam>
      </Profile>
      <Profile>
        <NetworkName>vodafone.de</NetworkName>
        <IpVersion>ipv4v6</IpVersion>
        <RoamingIpVersion>ipv4v6</RoamingIpVersion>
        <Editable>no</Editable>
        <ProfileName>VF DE Event</ProfileName>
        <URL>http://139.7.24.1/servlets/mms</URL>
        <Auth>none</Auth>
        <Bearer>ps</Bearer>
        <Protocol>http</Protocol>
        <MTUSize>1500</MTUSize>
        <Proxy>
          <EnableFlag>on</EnableFlag>
          <ServAddr>139.007.029.017</ServAddr>
          <Port>80</Port>
        </Proxy>
        <PSparam>
          <APN>event.vodafone.de</APN>
        </PSparam>
      </Profile>
      <Profile>
        <NetworkName>vodafone.de</NetworkName>
        <IpVersion>ipv4v6</IpVersion>
        <Editable>no</Editable>
        <HiddenStatus>hidden</HiddenStatus>
        <ProfileName>IMS</ProfileName>
        <Auth>none</Auth>
        <Protocol>http</Protocol>
        <MTUSize>1500</MTUSize>
        <PSparam>
          <APN>IMS</APN>
        </PSparam>
      </Profile>
      <Profile>
        <NetworkName>vodafone.de.lab</NetworkName>
        <IpVersion>ipv4v6</IpVersion>
        <RoamingIpVersion>ipv4v6</RoamingIpVersion>
        <Editable>yes</Editable>
        <ProfileName>VF DE Web</ProfileName>
        <URL>http://live.vodafone.de/dr/cc</URL>
        <Auth>none</Auth>
        <Bearer>ps</Bearer>
        <Protocol>http</Protocol>
        <MTUSize>1500</MTUSize>
        <Proxy>
          <EnableFlag>off</EnableFlag>
        </Proxy>
        <PSparam>
          <APN>web.vodafone.de</APN>
        </PSparam>
      </Profile>
      <Profile>
        <NetworkName>vodafone.de.lab</NetworkName>
        <IpVersion>ipv4v6</IpVersion>
        <RoamingIpVersion>ipv4v6</RoamingIpVersion>
        <Editable>yes</Editable>
        <ProfileName>VF DE Event</ProfileName>
        <URL>http://139.7.24.1/servlets/mms</URL>
        <Auth>none</Auth>
        <Bearer>ps</Bearer>
        <Protocol>http</Protocol>
        <MTUSize>1500</MTUSize>
        <Proxy>
          <EnableFlag>on</EnableFlag>
          <ServAddr>139.007.029.017</ServAddr>
          <Port>80</Port>
        </Proxy>
        <PSparam>
          <APN>event.vodafone.de</APN>
        </PSparam>
      </Profile>
      <Profile>
        <NetworkName>vodafone.de.lab</NetworkName>
        <IpVersion>ipv4v6</IpVersion>
        <Editable>yes</Editable>
        <ProfileName>IMS</ProfileName>
        <Auth>none</Auth>
        <Protocol>http</Protocol>
        <MTUSize>1500</MTUSize>
        <PSparam>
          <APN>ims52.testnetz-vd2.de</APN>
        </PSparam>
      </Profile>
    </Connections>
    <IMSSetting>
      <NbSetting>2</NbSetting>
      <Setting>
        <NetworkName>vodafone.de</NetworkName>
        <Version>3.0</Version>
        <EnableIMS>true</EnableIMS>
        <VoLTE>
          <EnableVoLTE>true</EnableVoLTE>
          <EnableVoiceoverWIFI>true</EnableVoiceoverWIFI>
          <EnableVideocall>false</EnableVideocall>
          <EnableVoLTEindicator>false</EnableVoLTEindicator>
          <Voice_Domain_Preference_EUTRAN>imspsvoicepreferred</Voice_Domain_Preference_EUTRAN>
          <Emregencycall_Domain>cs</Emregencycall_Domain>
          <SRVCCversion>10</SRVCCversion>
          <SS_Domain_Preference>ps_always</SS_Domain_Preference>
          <SS_PS_Control_Preference>xcap</SS_PS_Control_Preference>
          <SS_CSFBwithIMSerror>true</SS_CSFBwithIMSerror>
          <USSD_Domain_Preference>cs</USSD_Domain_Preference>
          <EnableSMSoverIP>true</EnableSMSoverIP>
        </VoLTE>
        <RCS>
          <EnableRCS>true</EnableRCS>
          <EnableRCSchat>true</EnableRCSchat>
        </RCS>
      </Setting>
      <Setting>
        <NetworkName>vodafone.de.lab</NetworkName>
        <Version>3.0</Version>
        <EnableIMS>true</EnableIMS>
        <VoLTE>
          <EnableVoLTE>true</EnableVoLTE>
          <EnableVoiceoverWIFI>true</EnableVoiceoverWIFI>
          <EnableVideocall>false</EnableVideocall>
          <EnableVoLTEindicator>false</EnableVoLTEindicator>
          <Voice_Domain_Preference_EUTRAN>imspsvoicepreferred</Voice_Domain_Preference_EUTRAN>
          <Emregencycall_Domain>cs</Emregencycall_Domain>
          <SRVCCversion>10</SRVCCversion>
          <SS_Domain_Preference>ps_always</SS_Domain_Preference>
          <SS_PS_Control_Preference>xcap</SS_PS_Control_Preference>
          <SS_CSFBwithIMSerror>true</SS_CSFBwithIMSerror>
          <USSD_Domain_Preference>cs</USSD_Domain_Preference>
          <EnableSMSoverIP>true</EnableSMSoverIP>
        </VoLTE>
        <RCS>
          <EnableRCS>true</EnableRCS>
          <EnableRCSchat>true</EnableRCSchat>
        </RCS>
      </Setting>
    </IMSSetting>
  </Settings>
</CustomerData>