<?xml version="1.0" encoding="UTF-8"?>
<SamsungMobileFeature>
  <Version>ED00003</Version>
  <Country>AUSTRALIA</Country>
  <CountryISO>AU</CountryISO>
  <SalesCode>TEL</SalesCode>
  <FeatureSet>
    <CscFeature_Camera_CameraFlicker>50hz</CscFeature_Camera_CameraFlicker>
    <CscFeature_Camera_EnableCameraDuringCall>TRUE</CscFeature_Camera_EnableCameraDuringCall>
    <CscFeature_Common_AutoConfigurationType>NO_DFLT_CSC, SIMBASED_OMC</CscFeature_Common_AutoConfigurationType>
    <CscFeature_Common_ConfigAllowedPackagesDuringDataSaving>com.samsung.android.smartcallprovider</CscFeature_Common_ConfigAllowedPackagesDuringDataSaving>
    <CscFeature_Common_ConfigSvcProviderForUnknownNumber>whitepages,whitepages,whitepages</CscFeature_Common_ConfigSvcProviderForUnknownNumber>
    <CscFeature_Common_DisableLTEFallbackAtLowThroughput>TRUE</CscFeature_Common_DisableLTEFallbackAtLowThroughput>
    <CscFeature_Common_DisableManualTimeGuidePopup>TRUE</CscFeature_Common_DisableManualTimeGuidePopup>
    <CscFeature_Common_EulaVersion>2</CscFeature_Common_EulaVersion>
    <CscFeature_Contact_ConfigDuoVideoCall>ViLTE,</CscFeature_Contact_ConfigDuoVideoCall>
    <CscFeature_Contact_ConfigImsOpStyle>TEL</CscFeature_Contact_ConfigImsOpStyle>
    <CscFeature_Contact_ConfigOpStyleVariation>TEL</CscFeature_Contact_ConfigOpStyleVariation>
    <CscFeature_Contact_ConfigReplaceLabelSet>telstra</CscFeature_Contact_ConfigReplaceLabelSet>
    <CscFeature_Contact_ReplaceLabelEmergency4>TRUE</CscFeature_Contact_ReplaceLabelEmergency4>
    <CscFeature_Contact_SupportDuoVideoCall>TRUE</CscFeature_Contact_SupportDuoVideoCall>
    <CscFeature_Framework_ConfigLinkifyDigit>3;13</CscFeature_Framework_ConfigLinkifyDigit>
    <CscFeature_Framework_HyperLinkDigit>3</CscFeature_Framework_HyperLinkDigit>
    <CscFeature_GMS_SetClientIDBaseAm>android-telstra-au</CscFeature_GMS_SetClientIDBaseAm>
    <CscFeature_GMS_SetClientIDBaseCr>android-samsung-ss</CscFeature_GMS_SetClientIDBaseCr>
    <CscFeature_GMS_SetClientIDBaseMs>android-telstra-au-revc</CscFeature_GMS_SetClientIDBaseMs>
    <CscFeature_GMS_SetClientIDBaseWal>android-telstra-au</CscFeature_GMS_SetClientIDBaseWal>
    <CscFeature_GMS_SupportSTSTool>FALSE</CscFeature_GMS_SupportSTSTool>
    <CscFeature_LockScreen_DirectCallToEcc>TRUE</CscFeature_LockScreen_DirectCallToEcc>
    <CscFeature_LockScreen_DisplayPlmn>TRUE</CscFeature_LockScreen_DisplayPlmn>
    <CscFeature_Message_DisableOverlayInMsgList>TRUE</CscFeature_Message_DisableOverlayInMsgList>
    <CscFeature_Message_EnableMenuMmsExpiryDate>TRUE</CscFeature_Message_EnableMenuMmsExpiryDate>
    <CscFeature_Message_EnableReplyAll>TRUE</CscFeature_Message_EnableReplyAll>
    <CscFeature_Message_EnableSendingEmptySms>TRUE</CscFeature_Message_EnableSendingEmptySms>
    <CscFeature_Message_MmsModeCaptureVideoMaxSize>2042880</CscFeature_Message_MmsModeCaptureVideoMaxSize>
    <CscFeature_NFC_DefStatus>ON</CscFeature_NFC_DefStatus>
    <CscFeature_NFC_DefaultCardModeConfig>UICC</CscFeature_NFC_DefaultCardModeConfig>
    <CscFeature_RIL_ConfigDisplayTypeOnLteLimited>TRUE</CscFeature_RIL_ConfigDisplayTypeOnLteLimited>
    <CscFeature_RIL_ConfigSVNVersion>20</CscFeature_RIL_ConfigSVNVersion>
    <CscFeature_RIL_ConfigSpecialPdpFlag>im_cn</CscFeature_RIL_ConfigSpecialPdpFlag>
    <CscFeature_RIL_SupportEsim>TRUE</CscFeature_RIL_SupportEsim>
    <CscFeature_Security_DeleteCardApplet>deactivate</CscFeature_Security_DeleteCardApplet>
    <CscFeature_Setting_ConfigAboutDeviceItems>fcc=disabled;</CscFeature_Setting_ConfigAboutDeviceItems>
    <CscFeature_Setting_ConfigOperatorCallService>set_ssmode_only</CscFeature_Setting_ConfigOperatorCallService>
    <CscFeature_Setting_DisableELabelCeWeeeMarks>FALSE</CscFeature_Setting_DisableELabelCeWeeeMarks>
    <CscFeature_Setting_DisableMenuBearerInApnEdit>TRUE</CscFeature_Setting_DisableMenuBearerInApnEdit>
    <CscFeature_Setting_EnableEditingIpVersionTypeRoaming>TRUE</CscFeature_Setting_EnableEditingIpVersionTypeRoaming>
    <CscFeature_Setting_EnableMenuDownloadContents>Wallpaper,Ringtone</CscFeature_Setting_EnableMenuDownloadContents>
    <CscFeature_Setting_ManualSearchListWithDetailStatus>TRUE</CscFeature_Setting_ManualSearchListWithDetailStatus>
    <CscFeature_Setting_SkipWifiActvDuringSetupWizard>FALSE</CscFeature_Setting_SkipWifiActvDuringSetupWizard>
    <CscFeature_Setting_SupportEditableApnForEng>TRUE</CscFeature_Setting_SupportEditableApnForEng>
    <CscFeature_Setting_SupportHAC>FALSE</CscFeature_Setting_SupportHAC>
    <CscFeature_Setting_SupportRegulatoryInfo>TRUE</CscFeature_Setting_SupportRegulatoryInfo>
    <CscFeature_SetupWizard_ConfigStepSequenceType>RemoveEmergency</CscFeature_SetupWizard_ConfigStepSequenceType>
    <CscFeature_SmartSwitch_SupportAppIcon>TRUE</CscFeature_SmartSwitch_SupportAppIcon>
    <CscFeature_SystemUI_ConfigOpBranding5GIcon>5GAvailable</CscFeature_SystemUI_ConfigOpBranding5GIcon>
    <CscFeature_VT_ConfigBearer>-CSVT</CscFeature_VT_ConfigBearer>
    <CscFeature_VT_ConfigCapability>three_widget</CscFeature_VT_ConfigCapability>
    <CscFeature_VT_ConfigPrivacyPolicy>record,capture</CscFeature_VT_ConfigPrivacyPolicy>
    <CscFeature_VT_SupportAddCall>TRUE</CscFeature_VT_SupportAddCall>
    <CscFeature_VT_SupportMerge>TRUE</CscFeature_VT_SupportMerge>
    <CscFeature_VoiceCall_ConfigLabelForCallForward>TRUE</CscFeature_VoiceCall_ConfigLabelForCallForward>
    <CscFeature_VoiceCall_ConfigOpStyleForHdIcon>TEL_HD,TEL_CSHD</CscFeature_VoiceCall_ConfigOpStyleForHdIcon>
    <CscFeature_VoiceCall_ConfigOpStyleForLogs>CnapLog</CscFeature_VoiceCall_ConfigOpStyleForLogs>
    <CscFeature_VoiceCall_ConfigOpStyleForRingBackTone>TELSTRA</CscFeature_VoiceCall_ConfigOpStyleForRingBackTone>
    <CscFeature_VoiceCall_ConfigViLTESettingMenu>TELViLTE</CscFeature_VoiceCall_ConfigViLTESettingMenu>
    <CscFeature_VoiceCall_DisableCallTransfer>TRUE</CscFeature_VoiceCall_DisableCallTransfer>
    <CscFeature_VoiceCall_EnableDisplayVMTelNumDuringCall>TRUE</CscFeature_VoiceCall_EnableDisplayVMTelNumDuringCall>
    <CscFeature_VoiceCall_EnableSSC>TRUE</CscFeature_VoiceCall_EnableSSC>
    <CscFeature_VoiceCall_RemoveKeypadDuringVmsCall>TRUE</CscFeature_VoiceCall_RemoveKeypadDuringVmsCall>
    <CscFeature_VoiceCall_ReplaceGsmCharToAndroidFormat>TRUE</CscFeature_VoiceCall_ReplaceGsmCharToAndroidFormat>
    <CscFeature_VoiceCall_SupportSettingVoWifiRegiDuringAirplaneMode>SS</CscFeature_VoiceCall_SupportSettingVoWifiRegiDuringAirplaneMode>
    <CscFeature_VoiceCall_SupportVolteCallBarringPassword>TRUE</CscFeature_VoiceCall_SupportVolteCallBarringPassword>
    <CscFeature_VoiceCall_UseEccDialerInCaseOfNoInternalMemory>TRUE</CscFeature_VoiceCall_UseEccDialerInCaseOfNoInternalMemory>
    <CscFeature_Weather_ConfigCpType>TWC</CscFeature_Weather_ConfigCpType>
    <CscFeature_Web_ConfigSyncSource>TRUE</CscFeature_Web_ConfigSyncSource>
    <CscFeature_Web_SetHomepageURL>http://www.google.com.au </CscFeature_Web_SetHomepageURL>
    
    <!-- Additions -->
    <CscFeature_Camera_ShutterSoundMenu>TRUE</CscFeature_Camera_ShutterSoundMenu>
    <CscFeature_Setting_EnableMenuBlockCallMsg>TRUE</CscFeature_Setting_EnableMenuBlockCallMsg>
    <CscFeature_SystemUI_SupportRecentAppProtection>TRUE</CscFeature_SystemUI_SupportRecentAppProtection>
    <CscFeature_VoiceCall_ConfigRecording>RecordingAllowed</CscFeature_VoiceCall_ConfigRecording>
    <CscFeature_Message_SupportAntiPhishing>TRUE</CscFeature_Message_SupportAntiPhishing>
    <CscFeature_Message_DisableSpam>TRUE</CscFeature_Message_DisableSpam>
    <CscFeature_Music_SupportPlaybackDuringCall>TRUE</CscFeature_Music_SupportPlaybackDuringCall>
    <CscFeature_Video_SupportPlayDuringCall>TRUE</CscFeature_Video_SupportPlayDuringCall>
    <CscFeature_Camera_EnableCameraDuringCall>TRUE</CscFeature_Camera_EnableCameraDuringCall>
  </FeatureSet>
</SamsungMobileFeature>
