<?xml version="1.0" encoding="UTF-8"?>
<CustomerData>
  <GeneralInfo>
    <CSCEdition>ED0004</CSCEdition>
    <Country>Australia</Country>
    <CountryISO>AU</CountryISO>
    <Region>SEA</Region>
    <SalesCode>TEL</SalesCode>
    <NbNetworkInfo>3</NbNetworkInfo>
    <NetworkInfo>
      <MCCMNC>50501</MCCMNC>
      <NetworkName>Telstra</NetworkName>
      <NWID>NW01277</NWID>
    </NetworkInfo>
    <NetworkInfo>
      <MCCMNC>50571</MCCMNC>
      <NetworkName>Telstra</NetworkName>
      <NWID>NW01277</NWID>
    </NetworkInfo>
    <NetworkInfo>
      <MCCMNC>50572</MCCMNC>
      <NetworkName>Telstra</NetworkName>
      <NWID>NW01277</NWID>
    </NetworkInfo>
  </GeneralInfo>
  <Settings>
    <Main>
      <Security>
        <OneSIMLock>none</OneSIMLock>
        <SeparateLock>none</SeparateLock>
      </Security>
      <Network>
        <NbFastDormancy>2</NbFastDormancy>
        <FastDormancy>
          <NetworkName>Telstra</NetworkName>
          <FastDormancyEnableStatus>on</FastDormancyEnableStatus>
          <LCDStatus>on</LCDStatus>
        </FastDormancy>
        <FastDormancy>
          <NetworkName>Telstra</NetworkName>
          <FastDormancyEnableStatus>on</FastDormancyEnableStatus>
          <LCDStatus>off</LCDStatus>
        </FastDormancy>
        <NbWbAmr>1</NbWbAmr>
        <WbAmr>
          <NetworkName>Telstra</NetworkName>
          <WbAmrCodec>on</WbAmrCodec>
        </WbAmr>
        <NbSOSNumber>1</NbSOSNumber>
        <SOSNumber>000, 112, 911</SOSNumber>
        <NbSOSNumberNoSIM>1</NbSOSNumberNoSIM>
        <SOSNumberNoSIM>000, 112, 911, 999, 08, 110, 118, 119</SOSNumberNoSIM>
        <AutoProfile>off</AutoProfile>
      </Network>
      <Sound>
        <ExtraSound>
          <ConnectTone>off</ConnectTone>
          <CallEndTone>off</CallEndTone>
        </ExtraSound>
      </Sound>
      <Phone>
        <AlertOnCall>off</AlertOnCall>
        <DefLanguage>en_AU</DefLanguage>
        <DefLanguageNoSIM>en_AU</DefLanguageNoSIM>
        <ContinuousInput>enable</ContinuousInput>
        <T9Language>english</T9Language>
        <DateTimeFormat>
          <DateFormat>ddmmyyyy</DateFormat>
          <TimezoneUpdate>on</TimezoneUpdate>
        </DateTimeFormat>
      </Phone>
    </Main>
    <Contact>
      <NbSpeedDial>1</NbSpeedDial>
      <SpeedDial>
        <DialPosition>3</DialPosition>
        <TelName>International MessageBank</TelName>
        <TelNum>#101#</TelNum>
      </SpeedDial>
      <NbPreInstalledContact>2</NbPreInstalledContact>
      <PreInstalledContact>
        <TelName>MessageBank</TelName>
        <TelNum>+61101</TelNum>
      </PreInstalledContact>
      <PreInstalledContact>
        <TelName>Call 1234</TelName>
        <TelNum>1234</TelNum>
      </PreInstalledContact>
    </Contact>
    <Messages>
      <NbVoicemail>1</NbVoicemail>
      <Voicemail>
        <NetworkName>Telstra</NetworkName>
        <VoicemailName>MessageBank</VoicemailName>
        <TelNum>+61101</TelNum>
      </Voicemail>
      <SMS>
        <MsgTypeThreshold>
          <ThresholdValue>10</ThresholdValue>
          <ThresholdType>pagecount</ThresholdType>
        </MsgTypeThreshold>
        <DeleteOldMessage>off</DeleteOldMessage>
        <PreviewMessage>on</PreviewMessage>
        <MmsAlert>on</MmsAlert>
        <PromptToAccessLink>on</PromptToAccessLink>
      </SMS>
      <MMS>
        <MmsSending>
          <ReqDeliveryRep>off</ReqDeliveryRep>
          <ReqReadRep>off</ReqReadRep>
          <MessageSize>2m</MessageSize>
        </MmsSending>
        <MmsReceiving>
          <Home>auto</Home>
          <Roaming>manual</Roaming>
        </MmsReceiving>
        <NbMMSView>1</NbMMSView>
        <MMSView>
          <MessageUaProfUrl>http://wap.samsungmobile.com/uaprof/SAMSUNGUAPROFD.xml</MessageUaProfUrl>
        </MMSView>
      </MMS>
      <Email>
        <EmailReceiving>
          <AutoPoll>off</AutoPoll>
        </EmailReceiving>
        <NbAccount>6</NbAccount>
        <Account>
          <NetworkName>Telstra</NetworkName>
          <AccountName>bigpond.com</AccountName>
          <EmailAddr>bigpond.com</EmailAddr>
          <LoginType>domain_type</LoginType>
          <Incoming>
            <MailboxType>imap4</MailboxType>
            <ServAddr>imap.telstra.com</ServAddr>
            <Port>993</Port>
            <Secure>ssl</Secure>
          </Incoming>
          <Outgoing>
            <ServAddr>smtp.telstra.com</ServAddr>
            <Port>465</Port>
            <SmtpAuth>on</SmtpAuth>
            <Secure>ssl</Secure>
          </Outgoing>
        </Account>
        <Account>
          <NetworkName>Telstra</NetworkName>
          <AccountName>bigpond.com</AccountName>
          <EmailAddr>bigpond.com</EmailAddr>
          <LoginType>domain_type</LoginType>
          <Incoming>
            <MailboxType>pop3</MailboxType>
            <ServAddr>pop.telstra.com</ServAddr>
            <Port>995</Port>
            <Secure>ssl</Secure>
          </Incoming>
          <Outgoing>
            <ServAddr>smtp.telstra.com</ServAddr>
            <Port>465</Port>
            <SmtpAuth>on</SmtpAuth>
            <Secure>ssl</Secure>
          </Outgoing>
        </Account>
        <Account>
          <NetworkName>Telstra</NetworkName>
          <AccountName>bigpond.net.au</AccountName>
          <EmailAddr>bigpond.net.au</EmailAddr>
          <LoginType>domain_type</LoginType>
          <Incoming>
            <MailboxType>imap4</MailboxType>
            <ServAddr>imap.telstra.com</ServAddr>
            <Port>993</Port>
            <Secure>ssl</Secure>
          </Incoming>
          <Outgoing>
            <ServAddr>smtp.telstra.com</ServAddr>
            <Port>465</Port>
            <SmtpAuth>on</SmtpAuth>
            <Secure>ssl</Secure>
          </Outgoing>
        </Account>
        <Account>
          <NetworkName>Telstra</NetworkName>
          <AccountName>bigpond.net.au</AccountName>
          <EmailAddr>bigpond.net.au</EmailAddr>
          <LoginType>domain_type</LoginType>
          <Incoming>
            <MailboxType>pop3</MailboxType>
            <ServAddr>pop.telstra.com</ServAddr>
            <Port>995</Port>
            <Secure>ssl</Secure>
          </Incoming>
          <Outgoing>
            <ServAddr>smtp.telstra.com</ServAddr>
            <Port>465</Port>
            <SmtpAuth>on</SmtpAuth>
            <Secure>ssl</Secure>
          </Outgoing>
        </Account>
        <Account>
          <NetworkName>Telstra</NetworkName>
          <AccountName>telstra.com</AccountName>
          <EmailAddr>telstra.com</EmailAddr>
          <LoginType>domain_type</LoginType>
          <Incoming>
            <MailboxType>imap4</MailboxType>
            <ServAddr>imap.telstra.com</ServAddr>
            <Port>993</Port>
            <Secure>ssl</Secure>
          </Incoming>
          <Outgoing>
            <ServAddr>smtp.telstra.com</ServAddr>
            <Port>465</Port>
            <SmtpAuth>on</SmtpAuth>
            <Secure>ssl</Secure>
          </Outgoing>
        </Account>
        <Account>
          <NetworkName>Telstra</NetworkName>
          <AccountName>telstra.com</AccountName>
          <EmailAddr>telstra.com</EmailAddr>
          <LoginType>domain_type</LoginType>
          <Incoming>
            <MailboxType>pop3</MailboxType>
            <ServAddr>pop.telstra.com</ServAddr>
            <Port>995</Port>
            <Secure>ssl</Secure>
          </Incoming>
          <Outgoing>
            <ServAddr>smtp.telstra.com</ServAddr>
            <Port>465</Port>
            <SmtpAuth>on</SmtpAuth>
            <Secure>ssl</Secure>
          </Outgoing>
        </Account>
      </Email>
    </Messages>
    <Wifi>
      <WifiEnableStatus>on</WifiEnableStatus>
    </Wifi>
    <Multimedia>
      <Camera>
        <ShutterSound>off</ShutterSound>
      </Camera>
    </Multimedia>
    <Browser>
      <NbBookmark>1</NbBookmark>
      <Bookmark>
        <NetworkName>default</NetworkName>
        <Editable>yes</Editable>
        <BookmarkName>Galaxy Shop</BookmarkName>
        <URL>https://www.samsung.com/au/mobile/?cid=au_owned_app_s-internet_none_none_bookmark_bookmark_202008_none</URL>
      </Bookmark>
      <eManual>
        <URL>http://www.samsung.com/m-manual/common</URL>
      </eManual>
    </Browser>
    <Connections>
      <NbProfileHandle>1</NbProfileHandle>
      <ProfileHandle>
        <NbNetProfile>5</NbNetProfile>
        <NetworkName>Telstra</NetworkName>
        <ProfBrowser>Telstra Internet</ProfBrowser>
        <ProfMMS>Telstra MMS</ProfMMS>
        <ProfEmail>Telstra Internet</ProfEmail>
        <ProfStreaming>Telstra Internet</ProfStreaming>
        <ProfIntSharing>Telstra Broadband</ProfIntSharing>
        <ProfIMS>IMS</ProfIMS>
        <ProfXCAP>HOS</ProfXCAP>
      </ProfileHandle>
      <NbProfile>5</NbProfile>
      <Profile>
        <NetworkName>Telstra</NetworkName>
        <Editable>no</Editable>
        <ProfileName>Telstra Internet</ProfileName>
        <URL>http://www.google.com.au</URL>
        <Auth>none</Auth>
        <Bearer>ps</Bearer>
        <Protocol>http</Protocol>
        <MTUSize>1460</MTUSize>
        <Proxy>
          <EnableFlag>off</EnableFlag>
        </Proxy>
        <PSparam>
          <APN>telstra.wap</APN>
        </PSparam>
      </Profile>
      <Profile>
        <NetworkName>Telstra</NetworkName>
        <Editable>no</Editable>
        <ProfileName>Telstra MMS</ProfileName>
        <URL>http://mmsc.telstra.com:8002</URL>
        <Auth>none</Auth>
        <Bearer>ps</Bearer>
        <Protocol>http</Protocol>
        <MTUSize>1460</MTUSize>
        <Proxy>
          <EnableFlag>on</EnableFlag>
          <ServAddr>10.1.1.180</ServAddr>
          <Port>80</Port>
        </Proxy>
        <PSparam>
          <APN>telstra.mms</APN>
        </PSparam>
      </Profile>
      <Profile>
        <NetworkName>Telstra</NetworkName>
        <IpVersion>ipv4v6</IpVersion>
        <Editable>yes</Editable>
        <ProfileName>Telstra Broadband</ProfileName>
        <Auth>none</Auth>
        <Bearer>ps</Bearer>
        <Protocol>http</Protocol>
        <MTUSize>1460</MTUSize>
        <Proxy>
          <EnableFlag>off</EnableFlag>
        </Proxy>
        <PSparam>
          <APN>telstra.internet</APN>
        </PSparam>
      </Profile>
      <Profile>
        <NetworkName>Telstra</NetworkName>
        <IpVersion>ipv4v6</IpVersion>
        <RoamingIpVersion>ipv4v6</RoamingIpVersion>
        <Editable>no</Editable>
        <ProfileName>IMS</ProfileName>
        <Auth>none</Auth>
        <Bearer>ps</Bearer>
        <Protocol>http</Protocol>
        <MTUSize>1358</MTUSize>
        <Proxy>
          <EnableFlag>off</EnableFlag>
        </Proxy>
        <PSparam>
          <APN>ims</APN>
        </PSparam>
      </Profile>
      <Profile>
        <NetworkName>Telstra</NetworkName>
        <Editable>no</Editable>
        <ProfileName>HOS</ProfileName>
        <Auth>none</Auth>
        <Bearer>ps</Bearer>
        <Protocol>http</Protocol>
        <MTUSize>1460</MTUSize>
        <Proxy>
          <EnableFlag>off</EnableFlag>
        </Proxy>
        <PSparam>
          <APN>hos</APN>
        </PSparam>
      </Profile>
    </Connections>
    <IMSSetting>
      <NbSetting>1</NbSetting>
      <Setting>
        <NetworkName>Telstra</NetworkName>
        <Version>3.0</Version>
        <EnableIMS>true</EnableIMS>
        <VoLTE>
          <EnableVoLTE>true</EnableVoLTE>
          <EnableVoiceoverWIFI>true</EnableVoiceoverWIFI>
          <EnableVideocall>true</EnableVideocall>
          <EnableVoLTEindicator>true</EnableVoLTEindicator>
          <Voice_Domain_Preference_EUTRAN>imspsvoicepreferred</Voice_Domain_Preference_EUTRAN>
          <Emregencycall_Domain>ps</Emregencycall_Domain>
          <SRVCCversion>10</SRVCCversion>
          <SS_Domain_Preference>ps_only_psregied</SS_Domain_Preference>
          <SS_PS_Control_Preference>xcap</SS_PS_Control_Preference>
          <SS_CSFBwithIMSerror>true</SS_CSFBwithIMSerror>
          <USSD_Domain_Preference>cs</USSD_Domain_Preference>
          <EnableSMSoverIP>true</EnableSMSoverIP>
        </VoLTE>
        <RCS>
          <EnableRCS>true</EnableRCS>
          <EnableRCSchat>true</EnableRCSchat>
        </RCS>
      </Setting>
    </IMSSetting>
  </Settings>
</CustomerData>