<?xml version="1.0" encoding="UTF-8"?>
<CustomerData>
  <GeneralInfo>
    <CSCEdition>ED0002</CSCEdition>
    <Country>NETHERLANDS</Country>
    <CountryISO>NL</CountryISO>
    <Region>EUR</Region>
    <SalesCode>TNL</SalesCode>
    <NbNetworkInfo>4</NbNetworkInfo>
    <NetworkInfo>
      <MCCMNC>20416</MCCMNC>
      <NetworkName>T-Mobile NL</NetworkName>
      <NWID>NW01339</NWID>
      <CodeType>HEX</CodeType>
      <SubsetCode>FF</SubsetCode>
    </NetworkInfo>
    <NetworkInfo>
      <MCCMNC>20416</MCCMNC>
      <NetworkName>T-Mobile NL</NetworkName>
      <NWID>NW01339</NWID>
      <SPName>T-Mobile  NL</SPName>
    </NetworkInfo>
    <NetworkInfo>
      <MCCMNC>20420</MCCMNC>
      <NetworkName>T-Mobile NL</NetworkName>
      <NWID>NW01339</NWID>
      <CodeType>HEX</CodeType>
      <SubsetCode>FF</SubsetCode>
    </NetworkInfo>
    <NetworkInfo>
      <MCCMNC>20420</MCCMNC>
      <NetworkName>T-Mobile NL</NetworkName>
      <NWID>NW01339</NWID>
      <SPName>T-Mobile  NL</SPName>
    </NetworkInfo>
  </GeneralInfo>
  <Settings>
    <Main>
      <Security>
        <OneSIMLock>none</OneSIMLock>
        <SeparateLock>none</SeparateLock>
      </Security>
      <Network>
        <NbFastDormancy>4</NbFastDormancy>
        <FastDormancy>
          <NetworkName>T-Mobile NL</NetworkName>
          <FastDormancyEnableStatus>off</FastDormancyEnableStatus>
          <LCDStatus>on</LCDStatus>
        </FastDormancy>
        <FastDormancy>
          <NetworkName>T-Mobile NL</NetworkName>
          <FastDormancyEnableStatus>on</FastDormancyEnableStatus>
          <TimeoutValue>3</TimeoutValue>
          <LCDStatus>off</LCDStatus>
        </FastDormancy>
        <FastDormancy>
          <NetworkName>T-Mobile NL</NetworkName>
          <FastDormancyEnableStatus>on</FastDormancyEnableStatus>
          <TimeoutValue>5</TimeoutValue>
          <LCDStatus>on</LCDStatus>
          <Version>rel8</Version>
        </FastDormancy>
        <FastDormancy>
          <NetworkName>T-Mobile NL</NetworkName>
          <FastDormancyEnableStatus>on</FastDormancyEnableStatus>
          <TimeoutValue>3</TimeoutValue>
          <LCDStatus>off</LCDStatus>
          <Version>rel8</Version>
        </FastDormancy>
        <NbWbAmr>1</NbWbAmr>
        <WbAmr>
          <NetworkName>default</NetworkName>
          <WbAmrCodec>on</WbAmrCodec>
        </WbAmr>
        <NbSOSNumber>2</NbSOSNumber>
        <SOSNumber>112</SOSNumber>
        <SOSNumber>911</SOSNumber>
      </Network>
      <Sound>
        <RngToneAlertType>vibmelody</RngToneAlertType>
        <RngVolume>4</RngVolume>
        <KeyTone>
          <KeyVolume>1</KeyVolume>
        </KeyTone>
        <MsgToneAlertType>melody</MsgToneAlertType>
        <MsgToneVolume>4</MsgToneVolume>
        <TouchTone>off</TouchTone>
        <ExtraSound>
          <ConnectTone>off</ConnectTone>
        </ExtraSound>
      </Sound>
      <Phone>
        <DefLanguage>nl_NL</DefLanguage>
        <DefLanguageNoSIM>nl_NL</DefLanguageNoSIM>
        <T9Enabling>enable</T9Enabling>
        <ContinuousInput>enable</ContinuousInput>
        <T9Language>dutch</T9Language>
        <KeypadType>qwerty</KeypadType>
        <DateTimeFormat>
          <DateFormat>ddmmyyyy</DateFormat>
          <TimeFormat>24h</TimeFormat>
          <TimezoneUpdate>on</TimezoneUpdate>
        </DateTimeFormat>
      </Phone>
    </Main>
    <Contact>
      <ContactSort>firstname</ContactSort>
    </Contact>
    <Messages>
      <NbVoicemail>1</NbVoicemail>
      <Voicemail>
        <NetworkName>T-Mobile NL</NetworkName>
        <TelNum>+31624001233</TelNum>
      </Voicemail>
      <PushMsg>
        <PushLoading>never</PushLoading>
      </PushMsg>
      <SMS>
        <DeliveryReport>off</DeliveryReport>
        <MsgTypeThreshold>
          <ThresholdValue>13</ThresholdValue>
          <ThresholdType>pagecount</ThresholdType>
        </MsgTypeThreshold>
        <CharSupport>gsmalpha</CharSupport>
      </SMS>
      <MMS>
        <MmsSending>
          <ReqDeliveryRep>off</ReqDeliveryRep>
          <ReqReadRep>off</ReqReadRep>
          <MessageSize>300</MessageSize>
          <CreationMode>free</CreationMode>
        </MmsSending>
        <MmsReceiving>
          <Home>auto</Home>
          <Roaming>manual</Roaming>
        </MmsReceiving>
        <NbMMSView>1</NbMMSView>
        <MMSView>
          <MessageUaProfUrl>http://wap.samsungmobile.com/uaprof/uaprof.rdf</MessageUaProfUrl>
        </MMSView>
      </MMS>
      <Email>
        <EmailReceiving>
          <PollTime>off</PollTime>
        </EmailReceiving>
      </Email>
    </Messages>
    <Browser>
      <NbBookmark>16</NbBookmark>
      <Bookmark>
        <NetworkName>T-Mobile NL</NetworkName>
        <BookmarkName>Google-services voor mobiel</BookmarkName>
        <URL>http://www.google.nl/m/products</URL>
      </Bookmark>
      <Bookmark>
        <NetworkName>T-Mobile NL</NetworkName>
        <BookmarkName>T-Mobile Start</BookmarkName>
        <URL>http://www.t-mobile.nl/start</URL>
      </Bookmark>
      <Bookmark>
        <NetworkName>T-Mobile NL</NetworkName>
        <BookmarkName>KNMI</BookmarkName>
        <URL>http://www.knmi.nl/</URL>
      </Bookmark>
      <Bookmark>
        <NetworkName>T-Mobile NL</NetworkName>
        <BookmarkName>Marktplaats</BookmarkName>
        <URL>http://www.marktplaats.nl</URL>
      </Bookmark>
      <Bookmark>
        <NetworkName>T-Mobile NL</NetworkName>
        <BookmarkName>Flitser.mobi</BookmarkName>
        <URL>http://flitsers.mobi</URL>
      </Bookmark>
      <Bookmark>
        <NetworkName>T-Mobile NL</NetworkName>
        <BookmarkName>Wikipedia</BookmarkName>
        <URL>http://nl.wikipedia.org</URL>
      </Bookmark>
      <Bookmark>
        <NetworkName>T-Mobile NL</NetworkName>
        <BookmarkName>9292ov</BookmarkName>
        <URL>http://www.9292ov.nl</URL>
      </Bookmark>
      <Bookmark>
        <NetworkName>T-Mobile NL</NetworkName>
        <BookmarkName>NU.nl</BookmarkName>
        <URL>http://www.nu.nl</URL>
      </Bookmark>
      <Bookmark>
        <NetworkName>T-Mobile NL</NetworkName>
        <BookmarkName>Funda</BookmarkName>
        <URL>http://www.funda.nl</URL>
      </Bookmark>
      <Bookmark>
        <NetworkName>T-Mobile NL</NetworkName>
        <BookmarkName>RTL</BookmarkName>
        <URL>http://www.rtl.nl</URL>
      </Bookmark>
      <Bookmark>
        <NetworkName>T-Mobile NL</NetworkName>
        <BookmarkName>TheFork</BookmarkName>
        <URL>https://www.thefork.nl</URL>
      </Bookmark>
      <Bookmark>
        <NetworkName>T-Mobile NL</NetworkName>
        <BookmarkName>Voetbal International</BookmarkName>
        <URL>http://www.vi.nl</URL>
      </Bookmark>
      <Bookmark>
        <NetworkName>T-Mobile NL</NetworkName>
        <BookmarkName>NS Reisplanner</BookmarkName>
        <URL>http://www.ns.nl</URL>
      </Bookmark>
      <Bookmark>
        <NetworkName>T-Mobile NL</NetworkName>
        <BookmarkName>Facebook</BookmarkName>
        <URL>http://nl-nl.facebook.com</URL>
      </Bookmark>
      <Bookmark>
        <NetworkName>T-Mobile NL</NetworkName>
        <BookmarkName>Toestelhulp</BookmarkName>
        <URL>http://toestelhulp.t-mobile.nl/m/</URL>
      </Bookmark>
      <Bookmark>
        <NetworkName>default</NetworkName>
        <BookmarkName>Galaxy Shop</BookmarkName>
        <URL>https://www.samsung.com/nl/mobile/?cid=nl_owned_app_s-internet_none_none_bookmark_bookmark_202008_none</URL>
      </Bookmark>
      <eManual>
        <URL>http://www.samsung.com/m-manual/tmobile_eu</URL>
      </eManual>
    </Browser>
    <Connections>
      <NbProfileHandle>1</NbProfileHandle>
      <ProfileHandle>
        <NbNetProfile>3</NbNetProfile>
        <NetworkName>T-Mobile NL</NetworkName>
        <ProfBrowser>T-Mobile Internet</ProfBrowser>
        <ProfIMS>IMS</ProfIMS>
        <ProfXCAP>HOS</ProfXCAP>
      </ProfileHandle>
      <NbProfile>3</NbProfile>
      <Profile>
        <NetworkName>T-Mobile NL</NetworkName>
        <IpVersion>ipv4v6</IpVersion>
        <RoamingIpVersion>ipv4</RoamingIpVersion>
        <Editable>yes</Editable>
        <ProfileName>T-Mobile Internet</ProfileName>
        <URL>http://www.t-mobile.nl/start</URL>
        <Auth>normal</Auth>
        <Bearer>ps</Bearer>
        <Protocol>http</Protocol>
        <MTUSize>1500</MTUSize>
        <PSparam>
          <APN>smartsites.t-mobile</APN>
        </PSparam>
      </Profile>
      <Profile>
        <NetworkName>T-Mobile NL</NetworkName>
        <IpVersion>ipv4v6</IpVersion>
        <RoamingIpVersion>ipv4</RoamingIpVersion>
        <Editable>no</Editable>
        <HiddenStatus>hidden</HiddenStatus>
        <ProfileName>IMS</ProfileName>
        <Auth>none</Auth>
        <Bearer>ps</Bearer>
        <Protocol>http</Protocol>
        <MTUSize>1500</MTUSize>
        <PSparam>
          <APN>ims</APN>
        </PSparam>
      </Profile>
      <Profile>
        <NetworkName>T-Mobile NL</NetworkName>
        <IpVersion>ipv4v6</IpVersion>
        <RoamingIpVersion>ipv4</RoamingIpVersion>
        <Editable>no</Editable>
        <HiddenStatus>hidden</HiddenStatus>
        <ProfileName>HOS</ProfileName>
        <Auth>normal</Auth>
        <Protocol>http</Protocol>
        <MTUSize>1500</MTUSize>
        <PSparam>
          <APN>hos</APN>
          <UserId>tmobilemms</UserId>
          <Password>tmobilemms</Password>
        </PSparam>
      </Profile>
    </Connections>
    <IMSSetting>
      <NbSetting>1</NbSetting>
      <Setting>
        <NetworkName>T-Mobile NL</NetworkName>
        <Version>3.0</Version>
        <EnableIMS>true</EnableIMS>
        <VoLTE>
          <EnableVoLTE>true</EnableVoLTE>
          <EnableVoiceoverWIFI>true</EnableVoiceoverWIFI>
          <EnableVideocall>false</EnableVideocall>
          <EnableVoLTEindicator>false</EnableVoLTEindicator>
          <Voice_Domain_Preference_EUTRAN>imspsvoicepreferred</Voice_Domain_Preference_EUTRAN>
          <Emregencycall_Domain>ps</Emregencycall_Domain>
          <SRVCCversion>10</SRVCCversion>
          <SS_Domain_Preference>ps_only_psregied</SS_Domain_Preference>
          <SS_PS_Control_Preference>xcap</SS_PS_Control_Preference>
          <SS_CSFBwithIMSerror>false</SS_CSFBwithIMSerror>
          <USSD_Domain_Preference>cs</USSD_Domain_Preference>
          <EnableSMSoverIP>true</EnableSMSoverIP>
        </VoLTE>
      </Setting>
    </IMSSetting>
  </Settings>
</CustomerData>