<?xml version="1.0" encoding="UTF-8"?>
<SamsungMobileFeature>
  <NetworkVersion>ED00001</NetworkVersion>
  <NetworkCountry>UNITED KINGDOM</NetworkCountry>
  <NetworkCountryISO>GB</NetworkCountryISO>
  <NetworkCode>CPW</NetworkCode>
  <FeatureSet>
    <CscFeature_GPS_ConfigAgpsMode>2</CscFeature_GPS_ConfigAgpsMode>
    <CscFeature_RIL_ApnControlByModem>EXCEPT</CscFeature_RIL_ApnControlByModem>
    <CscFeature_RIL_ConfigGlobalModuleType>LTE</CscFeature_RIL_ConfigGlobalModuleType>
    <CscFeature_RIL_ConfigNetworkTypeCapability>EUR-EUR-GSM-EUR</CscFeature_RIL_ConfigNetworkTypeCapability>
    <CscFeature_RIL_ConfigWbamr>2G</CscFeature_RIL_ConfigWbamr>
    <CscFeature_RIL_DataPrefDataTechSnapShot>TRUE</CscFeature_RIL_DataPrefDataTechSnapShot>
    <CscFeature_RIL_DisplayPlmnnameSimload>TRUE</CscFeature_RIL_DisplayPlmnnameSimload>
    <CscFeature_RIL_E911RoutingPolicy>auto</CscFeature_RIL_E911RoutingPolicy>
    <CscFeature_RIL_GcfSor>TRUE</CscFeature_RIL_GcfSor>
    <CscFeature_RIL_ReferEonsWithoutLac>TRUE</CscFeature_RIL_ReferEonsWithoutLac>
    <CscFeature_RIL_SetNetworkTypeWhenRadioOff>TRUE</CscFeature_RIL_SetNetworkTypeWhenRadioOff>
    <CscFeature_RIL_SignalstrengthPolicy>0</CscFeature_RIL_SignalstrengthPolicy>
    <CscFeature_RIL_SupportImsClirOverriding>TRUE</CscFeature_RIL_SupportImsClirOverriding>
    <CscFeature_RIL_SupportRegistrationLocationInfo>TRUE</CscFeature_RIL_SupportRegistrationLocationInfo>
    <CscFeature_RIL_SupportVolte>TRUE</CscFeature_RIL_SupportVolte>
    <CscFeature_RIL_WbamrDefaultOn>TRUE</CscFeature_RIL_WbamrDefaultOn>
    <CscFeature_VoiceCall_ConfigOpStyleForEmergencyDialCall>EndPreviousCall</CscFeature_VoiceCall_ConfigOpStyleForEmergencyDialCall>
  </FeatureSet>
</SamsungMobileFeature>
