<?xml version="1.0" encoding="UTF-8"?>
<CustomerData>
  <GeneralInfo>
    <CSCEdition>ED0001</CSCEdition>
    <Country>UK &amp; IRE</Country>
    <CountryISO>GB</CountryISO>
    <Region>EUR</Region>
    <SalesCode>CPW</SalesCode>
    <NbNetworkInfo>35</NbNetworkInfo>
    <NetworkInfo>
      <MCCMNC>23420</MCCMNC>
      <NetworkName>Three UK</NetworkName>
      <NWID>NW00001</NWID>
    </NetworkInfo>
    <NetworkInfo>
      <MCCMNC>23410</MCCMNC>
      <NetworkName>O2 UK Pay Monthly</NetworkName>
      <NWID>NW00002</NWID>
    </NetworkInfo>
    <NetworkInfo>
      <MCCMNC>23410</MCCMNC>
      <NetworkName>O2 UK Pay &amp; Go</NetworkName>
      <NWID>NW00003</NWID>
    </NetworkInfo>
    <NetworkInfo>
      <MCCMNC>23430</MCCMNC>
      <NetworkName>EE/T-Mobile</NetworkName>
      <NWID>NW00004</NWID>
    </NetworkInfo>
    <NetworkInfo>
      <MCCMNC>23433</MCCMNC>
      <NetworkName>EE/T-Mobile</NetworkName>
      <NWID>NW00004</NWID>
    </NetworkInfo>
    <NetworkInfo>
      <MCCMNC>23430</MCCMNC>
      <NetworkName>Virgin</NetworkName>
      <NWID>NW00005</NWID>
    </NetworkInfo>
    <NetworkInfo>
      <MCCMNC>23415</MCCMNC>
      <NetworkName>Vodafone Contract</NetworkName>
      <NWID>NW00006</NWID>
    </NetworkInfo>
    <NetworkInfo>
      <MCCMNC>23410</MCCMNC>
      <NetworkName>TESCO</NetworkName>
      <NWID>NW00007</NWID>
    </NetworkInfo>
    <NetworkInfo>
      <MCCMNC>23415</MCCMNC>
      <NetworkName>Vodafone PAYG</NetworkName>
      <NWID>NW00008</NWID>
    </NetworkInfo>
    <NetworkInfo>
      <MCCMNC>23415</MCCMNC>
      <NetworkName>BT Mobile</NetworkName>
      <NWID>NW00009</NWID>
    </NetworkInfo>
    <NetworkInfo>
      <MCCMNC>23415</MCCMNC>
      <NetworkName>Asda</NetworkName>
      <NWID>NW00010</NWID>
    </NetworkInfo>
    <NetworkInfo>
      <MCCMNC>27201</MCCMNC>
      <NetworkName>Vodafone IE</NetworkName>
      <NWID>NW00011</NWID>
    </NetworkInfo>
    <NetworkInfo>
      <MCCMNC>27202</MCCMNC>
      <NetworkName>O2 IRL</NetworkName>
      <NWID>NW00012</NWID>
    </NetworkInfo>
    <NetworkInfo>
      <MCCMNC>27203</MCCMNC>
      <NetworkName>Meteor</NetworkName>
      <NWID>NW00013</NWID>
    </NetworkInfo>
    <NetworkInfo>
      <MCCMNC>27205</MCCMNC>
      <NetworkName>H3G IE</NetworkName>
      <NWID>NW00014</NWID>
    </NetworkInfo>
    <NetworkInfo>
      <MCCMNC>27211</MCCMNC>
      <NetworkName>Tesco Mobile Ireland</NetworkName>
      <NWID>NW00015</NWID>
    </NetworkInfo>
    <NetworkInfo>
      <MCCMNC>23415</MCCMNC>
      <NetworkName>Talkmobile Contract</NetworkName>
      <NWID>NW00016</NWID>
    </NetworkInfo>
    <NetworkInfo>
      <MCCMNC>23415</MCCMNC>
      <NetworkName>Talkmobile PAYG</NetworkName>
      <NWID>NW00017</NWID>
    </NetworkInfo>
    <NetworkInfo>
      <MCCMNC>23415</MCCMNC>
      <NetworkName>TalkTalk</NetworkName>
      <NWID>NW00018</NWID>
    </NetworkInfo>
    <NetworkInfo>
      <MCCMNC>26201</MCCMNC>
      <NetworkName>Telekom.de</NetworkName>
      <NWID>NW00019</NWID>
    </NetworkInfo>
    <NetworkInfo>
      <MCCMNC>26202</MCCMNC>
      <NetworkName>Vodafone.de</NetworkName>
      <NWID>NW00020</NWID>
    </NetworkInfo>
    <NetworkInfo>
      <MCCMNC>26207</MCCMNC>
      <NetworkName>o2 - de</NetworkName>
      <NWID>NW00021</NWID>
    </NetworkInfo>
    <NetworkInfo>
      <MCCMNC>21401</MCCMNC>
      <NetworkName>vodafone ES</NetworkName>
      <NWID>NW00022</NWID>
    </NetworkInfo>
    <NetworkInfo>
      <MCCMNC>50502</MCCMNC>
      <NetworkName>YES OPTUS</NetworkName>
      <NWID>NW00023</NWID>
    </NetworkInfo>
    <NetworkInfo>
      <MCCMNC>00101</MCCMNC>
      <NetworkName>GCFTest</NetworkName>
      <SPName>GCFTest</SPName>
      <NWID>NW00024</NWID>
    </NetworkInfo>
    <NetworkInfo>
      <MCCMNC>45001</MCCMNC>
      <NetworkName>TestBed</NetworkName>
      <SPName>TestBed</SPName>
      <NWID>NW00025</NWID>
    </NetworkInfo>
    <NetworkInfo>
      <MCCMNC>26001</MCCMNC>
      <NetworkName>Plus</NetworkName>
      <NWID>NW00026</NWID>
    </NetworkInfo>
    <NetworkInfo>
      <MCCMNC>26002</MCCMNC>
      <NetworkName>T-Mobile.pl</NetworkName>
      <NWID>NW00027</NWID>
    </NetworkInfo>
    <NetworkInfo>
      <MCCMNC>26002</MCCMNC>
      <NetworkName>Heyah</NetworkName>
      <NWID>NW00028</NWID>
    </NetworkInfo>
    <NetworkInfo>
      <MCCMNC>26003</MCCMNC>
      <NetworkName>Orange</NetworkName>
      <NWID>NW00029</NWID>
    </NetworkInfo>
    <NetworkInfo>
      <MCCMNC>26006</MCCMNC>
      <NetworkName>PLAY</NetworkName>
      <NWID>NW00030</NWID>
    </NetworkInfo>
    <NetworkInfo>
      <MCCMNC>26012</MCCMNC>
      <NetworkName>Cyfrowy Polsat</NetworkName>
      <NWID>NW00031</NWID>
    </NetworkInfo>
    <NetworkInfo>
      <MCCMNC>45005</MCCMNC>
      <NetworkName>SK Telecom</NetworkName>
      <NWID>NW00032</NWID>
    </NetworkInfo>
    <NetworkInfo>
      <MCCMNC>45006</MCCMNC>
      <NetworkName>LG U+</NetworkName>
      <NWID>NW00033</NWID>
    </NetworkInfo>
    <NetworkInfo>
      <MCCMNC>45008</MCCMNC>
      <NetworkName>KT</NetworkName>
      <NWID>NW00034</NWID>
    </NetworkInfo>
  </GeneralInfo>
  <Settings>
    <Main>
      <Network>
        <NbFastDormancy>2</NbFastDormancy>
        <FastDormancy>
          <NetworkName>O2 UK Pay Monthly</NetworkName>
          <FastDormancyEnableStatus>off</FastDormancyEnableStatus>
        </FastDormancy>
        <FastDormancy>
          <NetworkName>O2 UK Pay &amp; Go</NetworkName>
          <FastDormancyEnableStatus>off</FastDormancyEnableStatus>
        </FastDormancy>
        <AutoProfile>on</AutoProfile>
        <AutoVoicemail>on</AutoVoicemail>
        <AutoEmailAccount>on</AutoEmailAccount>
        <AutoBookmark>off</AutoBookmark>
        <AutoLink>off</AutoLink>
        <AutoSyncML>off</AutoSyncML>
        <AutoFastDormancy>on</AutoFastDormancy>
        <AutoWbAmr>off</AutoWbAmr>
        <AutoFOTA>off</AutoFOTA>
      </Network>
      <Sound>
        <ExtraSound>
          <ConnectTone>on</ConnectTone>
          <MinuteMind>off</MinuteMind>
        </ExtraSound>
      </Sound>
      <Phone>
        <DefLanguage>en_GB</DefLanguage>
        <DefLanguageNoSIM>en_GB</DefLanguageNoSIM>
        <T9Enabling>enable</T9Enabling>
        <T9Language>english</T9Language>
        <DateTimeFormat>
          <DateFormat>ddmmyyyy</DateFormat>
          <TimeFormat>24h</TimeFormat>
        </DateTimeFormat>
        <SmartStay>on</SmartStay>
        <Motion>
          <DirectCall>on</DirectCall>
          <SmartAlert>on</SmartAlert>
        </Motion>
      </Phone>
      <Security />
    </Main>
    <Messages>
      <NbVoicemail>1</NbVoicemail>
      <Voicemail>
        <NetworkName>Orange UK</NetworkName>
        <VoicemailName>Voicemail</VoicemailName>
        <TelNum>123</TelNum>
      </Voicemail>
      <SMS>
        <DeliveryReport>off</DeliveryReport>
        <CharSupport>gsmalpha</CharSupport>
        <SSMS>off</SSMS>
      </SMS>
      <MMS>
        <MmsSending>
          <ReqDeliveryRep>off</ReqDeliveryRep>
          <ReqReadRep>off</ReqReadRep>
          <MessageSize>300</MessageSize>
          <CreationMode>free</CreationMode>
        </MmsSending>
        <MmsReceiving>
          <Home>auto</Home>
          <Roaming>manual</Roaming>
          <SendReadRep>prompt</SendReadRep>
          <SendDeliveryRep>off</SendDeliveryRep>
        </MmsReceiving>
      </MMS>
      <Email>
        <EmailReceiving>
          <AutoPoll>off</AutoPoll>
          <KeepServer>on</KeepServer>
        </EmailReceiving>
        <NbAccount>5</NbAccount>
        <Account>
          <NetworkName>Vodafone Contract</NetworkName>
          <AccountName>Vodafone My Mail</AccountName>
          <EmailAddr>my@email.vodafone.co.uk</EmailAddr>
          <Incoming>
            <MailboxType>imap4</MailboxType>
            <ServAddr>mail.uk.sp.vodafone.com</ServAddr>
            <Port>143</Port>
            <Secure>off</Secure>
          </Incoming>
          <Outgoing>
            <ServAddr>smtp.uk.sp.vodafone.com</ServAddr>
            <Port>25</Port>
            <SmtpAuth>off</SmtpAuth>
            <Secure>off</Secure>
          </Outgoing>
        </Account>
        <Account>
          <NetworkName>O2 UK Pay Monthly</NetworkName>
          <AccountName>O2 Email</AccountName>
          <EmailAddr>changeme@o2.co.uk</EmailAddr>
          <Incoming>
            <MailboxType>pop3</MailboxType>
            <ServAddr>mail.o2.co.uk</ServAddr>
            <Port>110</Port>
            <Secure>off</Secure>
          </Incoming>
          <Outgoing>
            <ServAddr>smtp.o2.co.uk</ServAddr>
            <Port>25</Port>
            <SmtpAuth>off</SmtpAuth>
            <Secure>off</Secure>
          </Outgoing>
        </Account>
        <Account>
          <NetworkName>Orange UK</NetworkName>
          <AccountName>Orange e-mail</AccountName>
          <Incoming>
            <MailboxType>pop3</MailboxType>
            <ServAddr>pop.orange.net</ServAddr>
            <Port>110</Port>
            <Secure>off</Secure>
          </Incoming>
          <Outgoing>
            <ServAddr>smtp.orange.net</ServAddr>
            <Port>25</Port>
            <SmtpAuth>off</SmtpAuth>
            <Secure>off</Secure>
          </Outgoing>
        </Account>
        <Account>
          <NetworkName>Vodafone IE</NetworkName>
          <AccountName>Vodafone Mail</AccountName>
          <EmailAddr>@vodafone.ie</EmailAddr>
          <Incoming>
            <MailboxType>pop3</MailboxType>
            <ServAddr>pop.vodafone.ie</ServAddr>
            <Port>110</Port>
            <Secure>off</Secure>
          </Incoming>
          <Outgoing>
            <ServAddr>mail.vodafone.ie</ServAddr>
            <Port>25</Port>
            <SmtpAuth>off</SmtpAuth>
            <Secure>off</Secure>
          </Outgoing>
        </Account>
        <Account>
          <NetworkName>O2 IRL</NetworkName>
          <AccountName>O2 IE Email</AccountName>
          <Incoming>
            <MailboxType>pop3</MailboxType>
            <ServAddr>pop3.o2.ie</ServAddr>
            <Port>110</Port>
            <Secure>off</Secure>
          </Incoming>
          <Outgoing>
            <ServAddr>smtp.o2.ie</ServAddr>
            <Port>25</Port>
            <SmtpAuth>off</SmtpAuth>
            <Secure>off</Secure>
          </Outgoing>
        </Account>
      </Email>
    </Messages>
    <Wifi>
      <WifiEnableStatus>on</WifiEnableStatus>
    </Wifi>
    <Multimedia>
      <Camera>
        <FlashSetting>auto</FlashSetting>
      </Camera>
    </Multimedia>
    <GPS>
      <GPSActivation>on</GPSActivation>
    </GPS>
    <Browser>
      <NbQuickAccess>8</NbQuickAccess>
      <QuickAccess>
        <Index>1</Index>
        <QATitle>Yahoo</QATitle>
        <QAURL>https://www.yahoo.com/?tsrc=samsung_qa</QAURL>
      </QuickAccess>
      <QuickAccess>
        <Index>2</Index>
        <QATitle>Google</QATitle>
        <QAURL>http://www.google.com/</QAURL>
      </QuickAccess>
      <QuickAccess>
        <Index>3</Index>
        <QATitle>TripAdvisor</QATitle>
        <QAURL>http://www.tripadvisor.com/?m=22099</QAURL>
      </QuickAccess>
      <QuickAccess>
        <Index>4</Index>
        <QATitle>IMDb</QATitle>
        <QAURL>http://m.imdb.com/</QAURL>
      </QuickAccess>
      <QuickAccess>
        <Index>5</Index>
        <QATitle>GOV.UK</QATitle>
        <QAURL>https://www.gov.uk/</QAURL>
      </QuickAccess>
      <QuickAccess>
        <Index>6</Index>
        <QATitle>BBC</QATitle>
        <QAURL>http://m.bbc.com/</QAURL>
      </QuickAccess>
      <QuickAccess>
        <Index>7</Index>
        <QATitle>TicketMaster</QATitle>
        <QAURL>http://www.awin1.com/cread.php?awinmid=3589&amp;awinaffid=213569&amp;clickref=&amp;p=http://m.ticketmaster.co.uk</QAURL>
      </QuickAccess>
      <QuickAccess>
        <Index>8</Index>
        <QATitle>Wikipedia</QATitle>
        <QAURL>http://m.wikipedia.org/</QAURL>
      </QuickAccess>
      <NbBookmark>7</NbBookmark>
      <Bookmark>
        <NetworkName>default</NetworkName>
        <Editable>yes</Editable>
        <Index>1</Index>
        <BookmarkName>Games</BookmarkName>
        <URL>http://wap.uk.samsungmobile.com/bm/games</URL>
      </Bookmark>
      <Bookmark>
        <NetworkName>default</NetworkName>
        <Editable>yes</Editable>
        <Index>2</Index>
        <BookmarkName>Ringtones</BookmarkName>
        <URL>http://wap.uk.samsungmobile.com/bm/ringtones</URL>
      </Bookmark>
      <Bookmark>
        <NetworkName>default</NetworkName>
        <Editable>yes</Editable>
        <Index>3</Index>
        <BookmarkName>Screensavers</BookmarkName>
        <URL>http://wap.uk.samsungmobile.com/bm/screensavers</URL>
      </Bookmark>
      <Bookmark>
        <NetworkName>default</NetworkName>
        <Editable>yes</Editable>
        <Index>4</Index>
        <BookmarkName>Videos</BookmarkName>
        <URL>http://wap.uk.samsungmobile.com/bm/videos</URL>
      </Bookmark>
      <Bookmark>
        <NetworkName>default</NetworkName>
        <Editable>yes</Editable>
        <Index>5</Index>
        <BookmarkName>Wallpapers</BookmarkName>
        <URL>http://wap.uk.samsungmobile.com/bm/wallpapers</URL>
      </Bookmark>
      <Bookmark>
        <NetworkName>default</NetworkName>
        <Editable>yes</Editable>
        <Index>6</Index>
        <BookmarkName>Bing Search</BookmarkName>
        <URL>http://www.bing.com/?PC=SMSM&amp;FORM=MBDPB</URL>
      </Bookmark>
      <Bookmark>
        <NetworkName>default</NetworkName>
        <Index>7</Index>
        <BookmarkName>Yahoo!</BookmarkName>
        <URL>https://yahoo.com/?.tsrc=samsungbm</URL>
      </Bookmark>
      <eManual>
        <URL>http://www.samsung.com/m-manual/common</URL>
      </eManual>
    </Browser>
    <Connections>
      <NbProfileHandle>26</NbProfileHandle>
       <ProfileHandle>
        <NbNetProfile>3</NbNetProfile>
        <NetworkName>T-Mobile.pl</NetworkName>
        <ProfBrowser>Internet</ProfBrowser>
        <ProfMMS>HOS</ProfMMS>
        <ProfIMS>T-Mobile IMS</ProfIMS>
        <ProfXCAP>HOS</ProfXCAP>
        <ProfEpdgXCAP>HOS</ProfEpdgXCAP>
        <ProfEpdgMMS>HOS</ProfEpdgMMS>
      </ProfileHandle>
      <ProfileHandle>
        <NbNetProfile>4</NbNetProfile>
        <NetworkName>Three UK</NetworkName>
        <ProfBrowser>3</ProfBrowser>
        <ProfMMS>3MMS</ProfMMS>
        <ProfEmail>3</ProfEmail>
        <ProfIntSharing>3hotspot</ProfIntSharing>
        <ProfIMS>IMS</ProfIMS>
        <ProfXCAP>3</ProfXCAP>
      </ProfileHandle>
      <ProfileHandle>
        <NbNetProfile>4</NbNetProfile>
        <NetworkName>Vodafone Contract</NetworkName>
        <ProfBrowser>Vodafone Contract Internet</ProfBrowser>
        <ProfMMS>Vodafone Contract MMS</ProfMMS>
        <ProfEmail>Vodafone Contract Internet</ProfEmail>
        <ProfIM>Vodafone Contract Internet</ProfIM>
        <ProfStreaming>Vodafone Contract Internet</ProfStreaming>
        <ProfSyncDS>Vodafone Contract Internet</ProfSyncDS>
        <ProfActiveSync>Vodafone Contract Internet</ProfActiveSync>
        <ProfSyncDM>Vodafone Contract Internet</ProfSyncDM>
        <ProfAGPS>Vodafone Contract Internet</ProfAGPS>
        <ProfSGPS>Vodafone Contract Internet</ProfSGPS>
        <ProfIntSharing>Vodafone Contract Internet</ProfIntSharing>
        <ProfXCAP>XCAP</ProfXCAP>
        <ProfIMS>IMS</ProfIMS>
      </ProfileHandle>
      <ProfileHandle>
        <NbNetProfile>4</NbNetProfile>
        <NetworkName>Vodafone PAYG</NetworkName>
        <ProfBrowser>Vodafone PAYG Internet</ProfBrowser>
        <ProfMMS>Vodafone PAYG MMS</ProfMMS>
        <ProfEmail>Vodafone PAYG Internet</ProfEmail>
        <ProfIM>Vodafone PAYG Internet</ProfIM>
        <ProfStreaming>Vodafone PAYG Internet</ProfStreaming>
        <ProfSyncDS>Vodafone PAYG Internet</ProfSyncDS>
        <ProfActiveSync>Vodafone PAYG Internet</ProfActiveSync>
        <ProfSyncDM>Vodafone PAYG Internet</ProfSyncDM>
        <ProfAGPS>Vodafone PAYG Internet</ProfAGPS>
        <ProfSGPS>Vodafone PAYG Internet</ProfSGPS>
        <ProfIntSharing>Vodafone PAYG Internet</ProfIntSharing>
        <ProfXCAP>XCAP</ProfXCAP>
        <ProfIMS>IMS</ProfIMS>
      </ProfileHandle>
      <ProfileHandle>
        <NbNetProfile>5</NbNetProfile>
        <NetworkName>O2 UK Pay Monthly</NetworkName>
        <ProfBrowser>O2 Mobile Web</ProfBrowser>
        <ProfMMS>O2 MMS</ProfMMS>
        <ProfEmail>O2 Mobile Web</ProfEmail>
        <ProfIM>O2 Mobile Web</ProfIM>
        <ProfStreaming>O2 Mobile Web</ProfStreaming>
        <ProfSyncDS>O2 Mobile Web</ProfSyncDS>
        <ProfActiveSync>O2 Mobile Web</ProfActiveSync>
        <ProfSyncDM>O2 Mobile Web</ProfSyncDM>
        <ProfAGPS>O2 Mobile Web</ProfAGPS>
        <ProfSGPS>O2 Mobile Web</ProfSGPS>
        <ProfIntSharing>O2 Mobile Web</ProfIntSharing>
        <ProfIMS>IMS</ProfIMS>
        <ProfXCAP>O2 Pay Monthly</ProfXCAP>	
      </ProfileHandle>
      <ProfileHandle>
        <NbNetProfile>2</NbNetProfile>
        <NetworkName>O2 UK Pay &amp; Go</NetworkName>
        <ProfBrowser>O2 Pay &amp; Go</ProfBrowser>
        <ProfMMS>O2 MMS</ProfMMS>
        <ProfEmail>O2 Pay &amp; Go</ProfEmail>
        <ProfIM>O2 Pay &amp; Go</ProfIM>
        <ProfStreaming>O2 Pay &amp; Go</ProfStreaming>
        <ProfSyncDS>O2 Pay &amp; Go</ProfSyncDS>
        <ProfActiveSync>O2 Pay &amp; Go</ProfActiveSync>
        <ProfSyncDM>O2 Pay &amp; Go</ProfSyncDM>
        <ProfAGPS>O2 Pay &amp; Go</ProfAGPS>
        <ProfSGPS>O2 Pay &amp; Go</ProfSGPS>
        <ProfIntSharing>O2 Pay &amp; Go</ProfIntSharing>
      </ProfileHandle>
      <ProfileHandle>
        <NbNetProfile>2</NbNetProfile>
        <NetworkName>Orange UK</NetworkName>
        <ProfBrowser>Internet</ProfBrowser>
        <ProfMMS>MMS</ProfMMS>
        <ProfEmail>Internet</ProfEmail>
        <ProfStreaming>Internet</ProfStreaming>
        <ProfSyncDS>Internet</ProfSyncDS>
        <ProfActiveSync>Internet</ProfActiveSync>
        <ProfSyncDM>Internet</ProfSyncDM>
        <ProfAGPS>Internet</ProfAGPS>
        <ProfIntSharing>Internet</ProfIntSharing>
      </ProfileHandle>
      <ProfileHandle>
        <NbNetProfile>2</NbNetProfile>
        <NetworkName>LIFE Mobile</NetworkName>
        <ProfBrowser>LIFE Mobile Data</ProfBrowser>
        <ProfMMS>LIFE Mobile MMS</ProfMMS>
        <ProfEmail>LIFE Mobile Data</ProfEmail>
        <ProfStreaming>LIFE Mobile Data</ProfStreaming>
        <ProfSyncDS>LIFE Mobile Data</ProfSyncDS>
        <ProfActiveSync>LIFE Mobile Data</ProfActiveSync>
        <ProfSyncDM>LIFE Mobile Data</ProfSyncDM>
        <ProfAGPS>LIFE Mobile Data</ProfAGPS>
        <ProfIntSharing>LIFE Mobile Data</ProfIntSharing>
      </ProfileHandle>
      <ProfileHandle>
        <NbNetProfile>3</NbNetProfile>
        <NetworkName>EE/T-Mobile</NetworkName>
        <ProfBrowser>Internet</ProfBrowser>
        <ProfMMS>MMS</ProfMMS>
        <ProfIMS>ims</ProfIMS>
        <ProfXCAP>EEZONE</ProfXCAP>
        <ProfEmail>Internet</ProfEmail>
        <ProfIM>Internet</ProfIM>
        <ProfStreaming>Internet</ProfStreaming>
        <ProfSyncDS>Internet</ProfSyncDS>
        <ProfActiveSync>Internet</ProfActiveSync>
        <ProfSyncDM>Internet</ProfSyncDM>
        <ProfAGPS>Internet</ProfAGPS>
        <ProfSGPS>Internet</ProfSGPS>
        <ProfIntSharing>Internet</ProfIntSharing>
      </ProfileHandle>
      <ProfileHandle>
        <NbNetProfile>2</NbNetProfile>
        <NetworkName>Virgin</NetworkName>
        <ProfBrowser>Virgin Media Mobile Internet</ProfBrowser>
        <ProfMMS>VM Picture messaging</ProfMMS>
        <ProfEmail>Virgin Media Mobile Internet</ProfEmail>
        <ProfIM>Virgin Media Mobile Internet</ProfIM>
        <ProfStreaming>Virgin Media Mobile Internet</ProfStreaming>
        <ProfSyncDS>Virgin Media Mobile Internet</ProfSyncDS>
        <ProfActiveSync>Virgin Media Mobile Internet</ProfActiveSync>
        <ProfSyncDM>Virgin Media Mobile Internet</ProfSyncDM>
        <ProfAGPS>Virgin Media Mobile Internet</ProfAGPS>
        <ProfSGPS>Virgin Media Mobile Internet</ProfSGPS>
        <ProfIntSharing>Virgin Media Mobile Internet</ProfIntSharing>
      </ProfileHandle>
      <ProfileHandle>
        <NbNetProfile>3</NbNetProfile>
        <NetworkName>BT Mobile</NetworkName>
        <ProfBrowser>BT Mobile Internet</ProfBrowser>
        <ProfMMS>BT Mobile MMS</ProfMMS>
        <ProfEmail>BT Mobile Internet</ProfEmail>
        <ProfIM>BT Mobile Internet</ProfIM>
        <ProfStreaming>BT Mobile WAP</ProfStreaming>
        <ProfSyncDS>BT Mobile WAP</ProfSyncDS>
        <ProfActiveSync>BT Mobile WAP</ProfActiveSync>
        <ProfSyncDM>BT Mobile WAP</ProfSyncDM>
        <ProfAGPS>BT Mobile WAP</ProfAGPS>
        <ProfSGPS>BT Mobile WAP</ProfSGPS>
        <ProfIntSharing>BT Mobile WAP</ProfIntSharing>
      </ProfileHandle>
      <ProfileHandle>
        <NbNetProfile>2</NbNetProfile>
        <NetworkName>TESCO</NetworkName>
        <ProfBrowser>TESCO Mobile</ProfBrowser>
        <ProfMMS>TESCO MMS</ProfMMS>
        <ProfEmail>TESCO Mobile</ProfEmail>
        <ProfIM>TESCO Mobile</ProfIM>
        <ProfStreaming>TESCO Mobile</ProfStreaming>
        <ProfSyncDS>TESCO Mobile</ProfSyncDS>
        <ProfActiveSync>TESCO Mobile</ProfActiveSync>
        <ProfSyncDM>TESCO Mobile</ProfSyncDM>
        <ProfAGPS>TESCO Mobile</ProfAGPS>
        <ProfSGPS>TESCO Mobile</ProfSGPS>
        <ProfIntSharing>TESCO Mobile</ProfIntSharing>
      </ProfileHandle>
      <ProfileHandle>
        <NbNetProfile>3</NbNetProfile>
        <NetworkName>Vodafone IE</NetworkName>
        <ProfBrowser>Vodafone IE Live!</ProfBrowser>
        <ProfMMS>Vodafone IE MMS</ProfMMS>
        <ProfEmail>Vodafone IE Mail</ProfEmail>
        <ProfIM>Vodafone IE Live!</ProfIM>
        <ProfStreaming>Vodafone IE Live!</ProfStreaming>
        <ProfActiveSync>Vodafone IE Live!</ProfActiveSync>
        <ProfAGPS>Vodafone IE Live!</ProfAGPS>
        <ProfChatOn>Vodafone IE Live!</ProfChatOn>
      </ProfileHandle>
      <ProfileHandle>
        <NbNetProfile>2</NbNetProfile>
        <NetworkName>Tesco Mobile Ireland</NetworkName>
        <ProfBrowser>Tesco Mobile Internet</ProfBrowser>
        <ProfMMS>Tesco MMS</ProfMMS>
        <ProfEmail>Tesco Mobile Internet</ProfEmail>
      </ProfileHandle>
      <ProfileHandle>
        <NbNetProfile>2</NbNetProfile>
        <NetworkName>O2 IRL</NetworkName>
        <ProfBrowser>O2.ie Mobile Internet</ProfBrowser>
        <ProfMMS>O2.ie MMS</ProfMMS>
        <ProfEmail>O2.ie Mobile Internet</ProfEmail>
        <ProfStreaming>O2.ie Mobile Internet</ProfStreaming>
      </ProfileHandle>
      <ProfileHandle>
        <NbNetProfile>2</NbNetProfile>
        <NetworkName>Meteor</NetworkName>
        <ProfBrowser>Meteor Data</ProfBrowser>
        <ProfMMS>Meteor MMS</ProfMMS>
        <ProfEmail>Meteor Data</ProfEmail>
        <ProfStreaming>Meteor Data</ProfStreaming>
        <ProfActiveSync>Meteor Data</ProfActiveSync>
        <ProfAGPS>Meteor Data</ProfAGPS>
        <ProfChatOn>Meteor Data</ProfChatOn>
      </ProfileHandle>
      <ProfileHandle>
        <NbNetProfile>2</NbNetProfile>
        <NetworkName>Asda</NetworkName>
        <ProfBrowser>Asda WAP</ProfBrowser>
        <ProfMMS>Asda MMS</ProfMMS>
        <ProfEmail>Asda WAP</ProfEmail>
        <ProfIM>Asda WAP</ProfIM>
        <ProfStreaming>Asda WAP</ProfStreaming>
        <ProfSyncDS>Asda WAP</ProfSyncDS>
        <ProfActiveSync>Asda WAP</ProfActiveSync>
        <ProfSyncDM>Asda WAP</ProfSyncDM>
        <ProfAGPS>Asda WAP</ProfAGPS>
        <ProfSGPS>Asda WAP</ProfSGPS>
        <ProfIntSharing>Asda WAP</ProfIntSharing>
      </ProfileHandle>
      <ProfileHandle>
        <NbNetProfile>2</NbNetProfile>
        <NetworkName>Talkmobile Contract</NetworkName>
        <ProfBrowser>Talkmob Internet</ProfBrowser>
        <ProfMMS>Talkmob MMS</ProfMMS>
        <ProfEmail>Talkmob Internet</ProfEmail>
        <ProfIM>Talkmob Internet</ProfIM>
        <ProfStreaming>Talkmob Internet</ProfStreaming>
        <ProfSyncDS>Talkmob Internet</ProfSyncDS>
        <ProfActiveSync>Talkmob Internet</ProfActiveSync>
        <ProfSyncDM>Talkmob Internet</ProfSyncDM>
        <ProfAGPS>Talkmob Internet</ProfAGPS>
        <ProfSGPS>Talkmob Internet</ProfSGPS>
        <ProfIntSharing>Talkmob Internet</ProfIntSharing>
      </ProfileHandle>
      <ProfileHandle>
        <NbNetProfile>2</NbNetProfile>
        <NetworkName>Talkmobile PAYG</NetworkName>
        <ProfBrowser>Talkmob PAYG Int</ProfBrowser>
        <ProfMMS>Talkmob PAYG MMS</ProfMMS>
        <ProfEmail>Talkmob PAYG Int</ProfEmail>
        <ProfIM>Talkmob PAYG Int</ProfIM>
        <ProfStreaming>Talkmob PAYG Int</ProfStreaming>
        <ProfSyncDS>Talkmob PAYG Int</ProfSyncDS>
        <ProfActiveSync>Talkmob PAYG Int</ProfActiveSync>
        <ProfSyncDM>Talkmob PAYG Int</ProfSyncDM>
        <ProfAGPS>Talkmob PAYG Int</ProfAGPS>
        <ProfSGPS>Talkmob PAYG Int</ProfSGPS>
        <ProfIntSharing>Talkmob PAYG Int</ProfIntSharing>
      </ProfileHandle>
      <ProfileHandle>
        <NbNetProfile>2</NbNetProfile>
        <NetworkName>H3G IE</NetworkName>
        <ProfBrowser>H3G IE WAP</ProfBrowser>
        <ProfMMS>H3G IE MMS</ProfMMS>
        <ProfEmail>H3G IE WAP</ProfEmail>
        <ProfStreaming>H3G IE WAP</ProfStreaming>
      </ProfileHandle>
      <ProfileHandle>
        <NbNetProfile>2</NbNetProfile>
        <NetworkName>TalkTalk</NetworkName>
        <ProfBrowser>TalkTalk WAP</ProfBrowser>
        <ProfMMS>TalkTalk MMS</ProfMMS>
        <ProfEmail>TalkTalk WAP</ProfEmail>
        <ProfIM>TalkTalk WAP</ProfIM>
        <ProfStreaming>TalkTalk WAP</ProfStreaming>
        <ProfSyncDS>TalkTalk WAP</ProfSyncDS>
        <ProfActiveSync>TalkTalk WAP</ProfActiveSync>
        <ProfSyncDM>TalkTalk WAP</ProfSyncDM>
        <ProfAGPS>TalkTalk WAP</ProfAGPS>
        <ProfSGPS>TalkTalk WAP</ProfSGPS>
        <ProfIntSharing>TalkTalk WAP</ProfIntSharing>
        <ProfChatOn>TalkTalk WAP</ProfChatOn>
      </ProfileHandle>
      <ProfileHandle>
        <NbNetProfile>4</NbNetProfile>
        <NetworkName>Telekom.de</NetworkName>
        <ProfBrowser>Telekom Internet</ProfBrowser>
        <ProfMMS>T-Mobile MMS</ProfMMS>
        <ProfXCAP>Telekom Internet</ProfXCAP>
        <ProfIMS>Telekom IMS</ProfIMS>
        <ProfEpdgXCAP>Telekom EPDG</ProfEpdgXCAP>
        <ProfEpdgMMS>Telekom EPDG</ProfEpdgMMS>
      </ProfileHandle>
      <ProfileHandle>
        <NbNetProfile>3</NbNetProfile>
        <NetworkName>Vodafone.de</NetworkName>
        <ProfBrowser>Vodafone Internet</ProfBrowser>
        <ProfMMS>Vodafone MMS</ProfMMS>
        <ProfIMS>IMS</ProfIMS>
        <ProfXCAP>Vodafone Internet</ProfXCAP>
      </ProfileHandle>
      <ProfileHandle>
        <NbNetProfile>3</NbNetProfile>
        <NetworkName>o2 - de</NetworkName>
        <ProfBrowser>o2 Internet</ProfBrowser>
        <ProfMMS>o2 MMS</ProfMMS>
        <ProfEmail>o2 Internet</ProfEmail>
        <ProfIMS>o2 IMS</ProfIMS>
        <ProfXCAP>o2 Internet</ProfXCAP>
      </ProfileHandle>
      <ProfileHandle>
        <NbNetProfile>5</NbNetProfile>
        <NetworkName>vodafone ES</NetworkName>
        <ProfBrowser>Internet m처vil</ProfBrowser>
        <ProfMMS>MMS</ProfMMS>
        <ProfIntSharing>INTERNET</ProfIntSharing>
        <ProfIMS>IMS</ProfIMS>
        <ProfXCAP>ut.es</ProfXCAP>
      </ProfileHandle>
      <ProfileHandle>
        <NbNetProfile>5</NbNetProfile>
        <NetworkName>YES OPTUS</NetworkName>
        <ProfBrowser>Optus Yes Internet</ProfBrowser>
        <ProfMMS>Optus MMS</ProfMMS>
        <ProfEmail>Optus Yes Internet</ProfEmail>
        <ProfStreaming>Optus Yes Internet</ProfStreaming>
        <ProfIntSharing>Optus Yes Internet</ProfIntSharing>
        <ProfIMS>Optus IMS</ProfIMS>
        <ProfXCAP>Optus Call Settings</ProfXCAP>
        <ProfEmergencyIMSCall>Optus Emergency</ProfEmergencyIMSCall>
      </ProfileHandle>
      <NbProfile>73</NbProfile>
      <Profile>
        <NetworkName>T-Mobile.pl</NetworkName>
        <IpVersion>ipv4v6</IpVersion>
        <RoamingIpVersion>ipv4</RoamingIpVersion>
        <Editable>yes</Editable>
        <ProfileName>Internet</ProfileName>
        <URL>http://m.t-mobile.pl</URL>
        <Auth>normal</Auth>
        <Bearer>ps</Bearer>
        <Protocol>http</Protocol>
        <MTUSize>1500</MTUSize>
        <Proxy>
          <EnableFlag>off</EnableFlag>
        </Proxy>
        <PSparam>
          <APN>internet</APN>
        </PSparam>
      </Profile>
      <Profile>
        <NetworkName>T-Mobile.pl</NetworkName>
        <IpVersion>ipv4v6</IpVersion>
        <RoamingIpVersion>ipv4</RoamingIpVersion>
        <Editable>no</Editable>
        <ProfileName>HOS</ProfileName>
        <URL>http://mms/servlets/mms</URL>
        <Auth>normal</Auth>
        <Protocol>http</Protocol>
        <MTUSize>1500</MTUSize>
        <Proxy>
          <EnableFlag>on</EnableFlag>
          <ServAddr>213.158.194.226</ServAddr>
          <Port>8080</Port>
        </Proxy>
        <PSparam>
          <APN>hos</APN>
        </PSparam>
      </Profile>
      <Profile>
        <NetworkName>T-Mobile.pl</NetworkName>
        <IpVersion>ipv4v6</IpVersion>
        <Editable>yes</Editable>
        <ProfileName>T-Mobile IMS</ProfileName>
        <URL>http://m.t-mobile.pl</URL>
        <Auth>none</Auth>
        <Protocol>http</Protocol>
        <MTUSize>1500</MTUSize>
        <PSparam>
          <APN>IMS</APN>
        </PSparam>
      </Profile>
      <Profile>
        <NetworkName>Vodafone Contract</NetworkName>
        <Editable>yes</Editable>
        <ProfileName>Vodafone Contract MMS</ProfileName>
        <URL>http://mms.vodafone.co.uk/servlets/mms</URL>
        <Auth>normal</Auth>
        <Protocol>http</Protocol>
        <MTUSize>1500</MTUSize>
        <Proxy>
          <EnableFlag>on</EnableFlag>
          <ServAddr>212.183.137.12</ServAddr>
          <Port>8799</Port>
        </Proxy>
        <PSparam>
          <APN>wap.vodafone.co.uk</APN>
          <UserId>wap</UserId>
          <Password>wap</Password>
        </PSparam>
      </Profile>
      <Profile>
        <NetworkName>Vodafone Contract</NetworkName>
        <Editable>yes</Editable>
        <ProfileName>Vodafone Contract Internet</ProfileName>
        <URL>http://wap.uk.samsungmobile.com/vodafone</URL>
        <Auth>normal</Auth>
        <Protocol>http</Protocol>
        <MTUSize>1500</MTUSize>
        <PSparam>
          <APN>wap.vodafone.co.uk</APN>
          <UserId>wap</UserId>
          <Password>wap</Password>
        </PSparam>
      </Profile>
      <Profile>
        <NetworkName>Vodafone Contract</NetworkName>
        <Editable>yes</Editable>
        <ProfileName>XCAP</ProfileName>
        <Auth>none</Auth>
        <Protocol>http</Protocol>
        <MTUSize>1500</MTUSize>
        <PSparam>
          <APN>xcap</APN>
        </PSparam>
      </Profile>
      <Profile>
        <NetworkName>Vodafone Contract</NetworkName>
        <IpVersion>ipv4</IpVersion>
        <Editable>yes</Editable>
        <ProfileName>IMS</ProfileName>
        <Auth>none</Auth>
        <Protocol>http</Protocol>
        <MTUSize>1500</MTUSize>
        <PSparam>
          <APN>ims</APN>
        </PSparam>
      </Profile>
      <Profile>
        <NetworkName>Vodafone PAYG</NetworkName>
        <Editable>yes</Editable>
        <ProfileName>Vodafone PAYG MMS</ProfileName>
        <URL>http://mms.vodafone.co.uk/servlets/mms</URL>
        <Auth>normal</Auth>
        <Protocol>http</Protocol>
        <MTUSize>1500</MTUSize>
        <Proxy>
          <EnableFlag>on</EnableFlag>
          <ServAddr>212.183.137.12</ServAddr>
          <Port>8799</Port>
        </Proxy>
        <PSparam>
          <APN>pp.vodafone.co.uk</APN>
          <UserId>wap</UserId>
          <Password>wap</Password>
        </PSparam>
      </Profile>
      <Profile>
        <NetworkName>Vodafone PAYG</NetworkName>
        <Editable>yes</Editable>
        <ProfileName>Vodafone PAYG Internet</ProfileName>
        <URL>http://wap.uk.samsungmobile.com/vodafone</URL>
        <Auth>normal</Auth>
        <Protocol>http</Protocol>
        <MTUSize>1500</MTUSize>
        <PSparam>
          <APN>pp.vodafone.co.uk</APN>
          <UserId>wap</UserId>
          <Password>wap</Password>
        </PSparam>
      </Profile>
      <Profile>
        <NetworkName>vodafone PAYG</NetworkName>
        <Editable>yes</Editable>
        <ProfileName>XCAP</ProfileName>
        <Auth>none</Auth>
        <Protocol>http</Protocol>
        <MTUSize>1500</MTUSize>
        <PSparam>
          <APN>xcap</APN>
        </PSparam>
      </Profile>
      <Profile>
        <NetworkName>vodafone PAYG</NetworkName>
        <IpVersion>ipv4</IpVersion>
        <Editable>yes</Editable>
        <ProfileName>IMS</ProfileName>
        <Auth>none</Auth>
        <Protocol>http</Protocol>
        <MTUSize>1500</MTUSize>
        <PSparam>
          <APN>ims</APN>
        </PSparam>
      </Profile>
      <Profile>
        <NetworkName>TalkTalk</NetworkName>
        <Editable>yes</Editable>
        <ProfileName>TalkTalk WAP</ProfileName>
        <URL>http://wap.uk.samsungmobile.com/</URL>
        <Auth>normal</Auth>
        <Protocol>http</Protocol>
        <MTUSize>1500</MTUSize>
        <Proxy>
          <EnableFlag>off</EnableFlag>
        </Proxy>
        <PSparam>
          <APN>mobile.talktalk.co.uk</APN>
        </PSparam>
      </Profile>
      <Profile>
        <NetworkName>TalkTalk</NetworkName>
        <Editable>yes</Editable>
        <ProfileName>TalkTalk MMS</ProfileName>
        <URL>http://mms.talktalk.co.uk/servlets/mms</URL>
        <Auth>normal</Auth>
        <Protocol>http</Protocol>
        <MTUSize>1500</MTUSize>
        <Proxy>
          <EnableFlag>on</EnableFlag>
          <ServAddr>212.183.137.12</ServAddr>
          <Port>8799</Port>
        </Proxy>
        <PSparam>
          <APN>mobile.talktalk.co.uk</APN>
        </PSparam>
      </Profile>
      <Profile>
        <NetworkName>Talkmobile Contract</NetworkName>
        <Editable>yes</Editable>
        <ProfileName>Talkmob MMS</ProfileName>
        <URL>http://mms.talkmobile.co.uk/servlets/mms</URL>
        <Auth>normal</Auth>
        <Protocol>http</Protocol>
        <MTUSize>1500</MTUSize>
        <Proxy>
          <EnableFlag>on</EnableFlag>
          <ServAddr>212.183.137.12</ServAddr>
          <Port>8799</Port>
        </Proxy>
        <PSparam>
          <APN>talkmobile.co.uk</APN>
          <UserId>wap</UserId>
          <Password>wap</Password>
        </PSparam>
      </Profile>
      <Profile>
        <NetworkName>Talkmobile Contract</NetworkName>
        <Editable>yes</Editable>
        <ProfileName>Talkmob Internet</ProfileName>
        <URL>http://wap.uk.samsungmobile.com/</URL>
        <Auth>normal</Auth>
        <Protocol>http</Protocol>
        <MTUSize>1500</MTUSize>
        <Proxy>
          <EnableFlag>off</EnableFlag>
        </Proxy>
        <PSparam>
          <APN>talkmobile.co.uk</APN>
        </PSparam>
      </Profile>
      <Profile>
        <NetworkName>Talkmobile PAYG</NetworkName>
        <Editable>yes</Editable>
        <ProfileName>Talkmob PAYG MMS</ProfileName>
        <URL>http://mms.talkmobile.co.uk/servlets/mms</URL>
        <Auth>normal</Auth>
        <Protocol>http</Protocol>
        <MTUSize>1500</MTUSize>
        <Proxy>
          <EnableFlag>on</EnableFlag>
          <ServAddr>212.183.137.12</ServAddr>
          <Port>8799</Port>
        </Proxy>
        <PSparam>
          <APN>payg.talkmobile.co.uk</APN>
          <UserId>wap</UserId>
          <Password>wap</Password>
        </PSparam>
      </Profile>
      <Profile>
        <NetworkName>Talkmobile PAYG</NetworkName>
        <Editable>yes</Editable>
        <ProfileName>Talkmob PAYG Int</ProfileName>
        <URL>http://wap.uk.samsungmobile.com/</URL>
        <Auth>normal</Auth>
        <Protocol>http</Protocol>
        <MTUSize>1500</MTUSize>
        <Proxy>
          <EnableFlag>off</EnableFlag>
        </Proxy>
        <PSparam>
          <APN>payg.talkmobile.co.uk</APN>
        </PSparam>
      </Profile>
      <Profile>
        <NetworkName>O2 UK Pay Monthly</NetworkName>
        <Editable>yes</Editable>
        <ProfileName>O2 MMS</ProfileName>
        <URL>http://mmsc.mms.o2.co.uk:8002</URL>
        <Auth>normal</Auth>
        <Protocol>http</Protocol>
        <MTUSize>1500</MTUSize>
        <Proxy>
          <EnableFlag>on</EnableFlag>
          <ServAddr>82.132.254.1</ServAddr>
          <Port>8080</Port>
        </Proxy>
        <PSparam>
          <APN>wap.o2.co.uk</APN>
          <UserId>o2wap</UserId>
          <Password>password</Password>
        </PSparam>
      </Profile>
      <Profile>
        <NetworkName>O2 UK Pay Monthly</NetworkName>
        <Editable>yes</Editable>
        <ProfileName>O2 Mobile Web</ProfileName>
        <URL>http://www.google.co.uk</URL>
        <Auth>normal</Auth>
        <Protocol>http</Protocol>
        <MTUSize>1500</MTUSize>
        <Proxy>
          <EnableFlag>off</EnableFlag>
        </Proxy>
        <PSparam>
          <APN>mobile.o2.co.uk</APN>
          <UserId>o2web</UserId>
          <Password>password</Password>
        </PSparam>
      </Profile>
      <Profile>
        <NetworkName>O2 UK Pay Monthly</NetworkName>
        <Editable>yes</Editable>
        <ProfileName>O2 Pay Monthly</ProfileName>
        <URL>http://www.o2.co.uk</URL>
        <Auth>normal</Auth>
        <Protocol>http</Protocol>
        <MTUSize>1500</MTUSize>
        <Proxy>
          <EnableFlag>off</EnableFlag>
        </Proxy>
        <PSparam>
          <APN>mobile.o2.co.uk</APN>
          <UserId>o2</UserId>
          <Password>p</Password>
        </PSparam>
      </Profile>
      <Profile>
        <NetworkName>O2 UK Pay Monthly</NetworkName>
        <IpVersion>ipv4v6</IpVersion>
        <Editable>yes</Editable>
        <ProfileName>IMS</ProfileName>
        <Auth>normal</Auth>
        <MTUSize>1500</MTUSize>
        <PSparam>
          <APN>ims</APN>
        </PSparam>
      </Profile>
      
      <Profile>
        <NetworkName>O2 UK Pay &amp; Go</NetworkName>
        <Editable>yes</Editable>
        <ProfileName>O2 Pay &amp; Go</ProfileName>
        <URL>http://wap.uk.samsungmobile.com/o2</URL>
        <Auth>normal</Auth>
        <Protocol>http</Protocol>
        <MTUSize>1500</MTUSize>
        <Proxy>
          <EnableFlag>on</EnableFlag>
          <ServAddr>82.132.254.1</ServAddr>
          <Port>8080</Port>
        </Proxy>
        <PSparam>
          <APN>payandgo.o2.co.uk</APN>
          <UserId>payandgo</UserId>
          <Password>password</Password>
        </PSparam>
      </Profile>
      <Profile>
        <NetworkName>O2 UK Pay &amp; Go</NetworkName>
        <Editable>yes</Editable>
        <ProfileName>O2 MMS</ProfileName>
        <URL>http://mmsc.mms.o2.co.uk:8002</URL>
        <Auth>normal</Auth>
        <Protocol>http</Protocol>
        <MTUSize>1500</MTUSize>
        <Proxy>
          <EnableFlag>on</EnableFlag>
          <ServAddr>82.132.254.1</ServAddr>
          <Port>8080</Port>
        </Proxy>
        <PSparam>
          <APN>payandgo.o2.co.uk</APN>
          <UserId>payandgo</UserId>
          <Password>password</Password>
        </PSparam>
      </Profile>
      <Profile>
        <NetworkName>LIFE Mobile</NetworkName>
        <Editable>yes</Editable>
        <ProfileName>LIFE Mobile MMS</ProfileName>
        <URL>http://mms/</URL>
        <Auth>normal</Auth>
        <Protocol>http</Protocol>
        <MTUSize>1500</MTUSize>
        <Proxy>
          <EnableFlag>on</EnableFlag>
          <ServAddr>193.35.133.194</ServAddr>
          <Port>8080</Port>
        </Proxy>
        <PSparam>
          <APN>tslmms</APN>
        </PSparam>
      </Profile>
      <Profile>
        <NetworkName>LIFE Mobile</NetworkName>
        <Editable>yes</Editable>
        <ProfileName>LIFE Mobile Data</ProfileName>
        <URL>http://lifemobile.co.uk</URL>
        <Auth>normal</Auth>
        <Protocol>http</Protocol>
        <MTUSize>1500</MTUSize>
        <Proxy>
          <EnableFlag>off</EnableFlag>
        </Proxy>
        <PSparam>
          <APN>tslpaygnet</APN>
        </PSparam>
      </Profile>
      <Profile>
        <NetworkName>Orange UK</NetworkName>
        <Editable>yes</Editable>
        <ProfileName>MMS</ProfileName>
        <URL>http://mms/</URL>
        <Auth>normal</Auth>
        <Protocol>http</Protocol>
        <MTUSize>1500</MTUSize>
        <Proxy>
          <EnableFlag>on</EnableFlag>
          <ServAddr>149.254.201.135</ServAddr>
          <Port>8080</Port>
        </Proxy>
        <PSparam>
          <APN>eezone</APN>
          <UserId>eesecure</UserId>
          <Password>secure</Password>
        </PSparam>
      </Profile>
      <Profile>
        <NetworkName>Orange UK</NetworkName>
        <Editable>yes</Editable>
        <ProfileName>Internet</ProfileName>
        <URL>http://orangeworld.co.uk</URL>
        <Auth>normal</Auth>
        <Protocol>http</Protocol>
        <MTUSize>1500</MTUSize>
        <Proxy>
          <EnableFlag>off</EnableFlag>
        </Proxy>
        <PSparam>
          <APN>everywhere</APN>
          <UserId>eesecure</UserId>
          <Password>secure</Password>
        </PSparam>
      </Profile>
      <Profile>
        <NetworkName>EE/T-Mobile</NetworkName>
        <Editable>yes</Editable>
        <ProfileName>Internet</ProfileName>
        <URL>http://www.t-mobile-favourites.co.uk/</URL>
        <Auth>normal</Auth>
        <Protocol>http</Protocol>
        <MTUSize>1500</MTUSize>
        <Proxy>
          <EnableFlag>off</EnableFlag>
        </Proxy>
        <PSparam>
          <APN>everywhere</APN>
          <UserId>eesecure</UserId>
          <Password>secure</Password>
        </PSparam>
      </Profile>
      <Profile>
        <NetworkName>EE/T-Mobile</NetworkName>
        <IpVersion>ipv6</IpVersion>
        <Editable>yes</Editable>
        <ProfileName>ims</ProfileName>
        <Protocol>http</Protocol>
        <MTUSize>1500</MTUSize>
        <PSparam>
          <APN>ims</APN>
        </PSparam>
      </Profile>
      <Profile>
        <NetworkName>EE/T-Mobile</NetworkName>
        <Editable>yes</Editable>
        <ProfileName>MMS</ProfileName>
        <URL>http://mms/</URL>
        <Auth>normal</Auth>
        <Protocol>http</Protocol>
        <MTUSize>1500</MTUSize>
        <Proxy>
          <EnableFlag>on</EnableFlag>
          <ServAddr>149.254.201.135</ServAddr>
          <Port>8080</Port>
        </Proxy>
        <PSparam>
          <APN>eezone</APN>
          <UserId>eesecure</UserId>
          <Password>secure</Password>
        </PSparam>
      </Profile>
      <Profile>
        <NetworkName>EE/T-Mobile</NetworkName>
        <IpVersion>ipv4</IpVersion>
        <Editable>no</Editable>
        <ProfileName>EEZONE</ProfileName>
        <Auth>none</Auth>
        <Protocol>http</Protocol>
        <PSparam>
          <APN>EEZONE</APN>
        </PSparam>
      </Profile>
      <Profile>
        <NetworkName>Virgin</NetworkName>
        <Editable>yes</Editable>
        <ProfileName>Virgin Media Mobile Internet</ProfileName>
        <URL>http://wap.uk.samsungmobile.com/virgin</URL>
        <Auth>normal</Auth>
        <Protocol>http</Protocol>
        <MTUSize>1500</MTUSize>
        <Proxy>
          <EnableFlag>off</EnableFlag>
        </Proxy>
        <PSparam>
          <APN>goto.virginmobile.uk</APN>
          <UserId>user</UserId>
        </PSparam>
      </Profile>
      <Profile>
        <NetworkName>Virgin</NetworkName>
        <Editable>yes</Editable>
        <ProfileName>VM Picture messaging</ProfileName>
        <URL>http://mms.virginmobile.co.uk:8002</URL>
        <Auth>normal</Auth>
        <Protocol>http</Protocol>
        <MTUSize>1500</MTUSize>
        <Proxy>
          <EnableFlag>on</EnableFlag>
          <ServAddr>193.30.166.2</ServAddr>
          <Port>8080</Port>
        </Proxy>
        <PSparam>
          <APN>goto.virginmobile.uk</APN>
          <UserId>user</UserId>
        </PSparam>
      </Profile>
      <Profile>
        <NetworkName>BT Mobile</NetworkName>
        <Editable>yes</Editable>
        <ProfileName>BT Mobile WAP</ProfileName>
        <URL>http://wap.uk.samsungmobile.com/btm</URL>
        <Auth>normal</Auth>
        <Protocol>http</Protocol>
        <MTUSize>1500</MTUSize>
        <Proxy>
          <EnableFlag>on</EnableFlag>
          <ServAddr>212.183.137.12</ServAddr>
          <Port>8799</Port>
        </Proxy>
        <PSparam>
          <APN>btmobile.bt.com</APN>
          <UserId>bt</UserId>
          <Password>bt</Password>
        </PSparam>
      </Profile>
      <Profile>
        <NetworkName>BT Mobile</NetworkName>
        <Editable>yes</Editable>
        <ProfileName>BT Mobile MMS</ProfileName>
        <URL>http://mms.bt.com/servlets/mms</URL>
        <Auth>normal</Auth>
        <Protocol>http</Protocol>
        <MTUSize>1500</MTUSize>
        <Proxy>
          <EnableFlag>on</EnableFlag>
          <ServAddr>212.183.137.12</ServAddr>
          <Port>8799</Port>
        </Proxy>
        <PSparam>
          <APN>btmobile.bt.com</APN>
          <UserId>bt</UserId>
          <Password>bt</Password>
        </PSparam>
      </Profile>
      <Profile>
        <NetworkName>BT Mobile</NetworkName>
        <Editable>yes</Editable>
        <ProfileName>BT Mobile Internet</ProfileName>
        <URL>http://wap.uk.samsungmobile.com/btm</URL>
        <Auth>normal</Auth>
        <Protocol>http</Protocol>
        <MTUSize>1500</MTUSize>
        <Proxy>
          <EnableFlag>off</EnableFlag>
        </Proxy>
        <PSparam>
          <APN>btmobile.bt.com</APN>
          <UserId>bt</UserId>
          <Password>bt</Password>
        </PSparam>
      </Profile>
      <Profile>
        <NetworkName>TESCO</NetworkName>
        <Editable>yes</Editable>
        <ProfileName>TESCO Mobile</ProfileName>
        <URL>http://wap.uk.samsungmobile.com/tesco</URL>
        <Auth>normal</Auth>
        <Protocol>http</Protocol>
        <MTUSize>1500</MTUSize>
        <Proxy>
          <EnableFlag>on</EnableFlag>
          <ServAddr>193.113.200.195</ServAddr>
          <Port>8080</Port>
        </Proxy>
        <PSparam>
          <APN>prepay.tesco-mobile.com</APN>
          <UserId>tescowap</UserId>
          <Password>password</Password>
        </PSparam>
      </Profile>
      <Profile>
        <NetworkName>TESCO</NetworkName>
        <Editable>yes</Editable>
        <ProfileName>TESCO MMS</ProfileName>
        <URL>http://mmsc.mms.o2.co.uk:8002</URL>
        <Auth>normal</Auth>
        <Protocol>http</Protocol>
        <MTUSize>1500</MTUSize>
        <Proxy>
          <EnableFlag>on</EnableFlag>
          <ServAddr>193.113.200.195</ServAddr>
          <Port>8080</Port>
        </Proxy>
        <PSparam>
          <APN>prepay.tesco-mobile.com</APN>
          <UserId>tescowap</UserId>
          <Password>password</Password>
        </PSparam>
      </Profile>
      <Profile>
        <NetworkName>Tesco Mobile Ireland</NetworkName>
        <Editable>yes</Editable>
        <ProfileName>Tesco Mobile Internet</ProfileName>
        <URL>http://www.tescomobile.ie</URL>
        <Protocol>http</Protocol>
        <MTUSize>1500</MTUSize>
        <Proxy>
          <EnableFlag>on</EnableFlag>
          <ServAddr>10.1.11.19</ServAddr>
          <Port>8080</Port>
        </Proxy>
        <PSparam>
          <APN>tescomobile.liffeytelecom.com</APN>
        </PSparam>
      </Profile>
      <Profile>
        <NetworkName>Tesco Mobile Ireland</NetworkName>
        <Editable>yes</Editable>
        <ProfileName>Tesco MMS</ProfileName>
        <URL>http://10.1.11.68/servlets/mms</URL>
        <Protocol>http</Protocol>
        <MTUSize>1500</MTUSize>
        <Proxy>
          <EnableFlag>on</EnableFlag>
          <ServAddr>10.1.11.19</ServAddr>
          <Port>8080</Port>
        </Proxy>
        <PSparam>
          <APN>tescomobile.liffeytelecom.com</APN>
        </PSparam>
      </Profile>
      <Profile>
        <NetworkName>Vodafone IE</NetworkName>
        <Editable>yes</Editable>
        <ProfileName>Vodafone IE Live!</ProfileName>
        <URL>http://live.vodafone.com</URL>
        <Protocol>http</Protocol>
        <MTUSize>1500</MTUSize>
        <Proxy>
          <EnableFlag>off</EnableFlag>
        </Proxy>
        <PSparam>
          <APN>live.vodafone.com</APN>
        </PSparam>
      </Profile>
      <Profile>
        <NetworkName>Vodafone IE</NetworkName>
        <Editable>yes</Editable>
        <ProfileName>Vodafone IE MMS</ProfileName>
        <URL>http://www.vodafone.ie/mms</URL>
        <Protocol>http</Protocol>
        <MTUSize>1500</MTUSize>
        <Proxy>
          <EnableFlag>on</EnableFlag>
          <ServAddr>10.24.59.200</ServAddr>
          <Port>80</Port>
        </Proxy>
        <PSparam>
          <APN>mms.vodafone.net</APN>
        </PSparam>
      </Profile>
      <Profile>
        <NetworkName>Vodafone IE</NetworkName>
        <Editable>yes</Editable>
        <ProfileName>Vodafone IE Mail</ProfileName>
        <URL>http://live.vodafone.com</URL>
        <Protocol>http</Protocol>
        <MTUSize>1500</MTUSize>
        <Proxy>
          <EnableFlag>on</EnableFlag>
          <ServAddr>10.24.59.100</ServAddr>
          <Port>80</Port>
        </Proxy>
        <PSparam>
          <APN>live.vodafone.com</APN>
        </PSparam>
      </Profile>
      <Profile>
        <NetworkName>O2 IRL</NetworkName>
        <Editable>yes</Editable>
        <ProfileName>O2.ie Mobile Internet</ProfileName>
        <URL>http://m.o2.ie</URL>
        <Protocol>http</Protocol>
        <MTUSize>1500</MTUSize>
        <Proxy>
          <EnableFlag>off</EnableFlag>
        </Proxy>
        <PSparam>
          <APN>internet</APN>
        </PSparam>
      </Profile>
      <Profile>
        <NetworkName>O2 IRL</NetworkName>
        <Editable>yes</Editable>
        <ProfileName>O2.ie MMS</ProfileName>
        <URL>http://mmsc.mms.o2.ie:8002</URL>
        <Auth>normal</Auth>
        <Protocol>http</Protocol>
        <MTUSize>1500</MTUSize>
        <Proxy>
          <EnableFlag>on</EnableFlag>
          <ServAddr>62.40.32.40</ServAddr>
          <Port>8080</Port>
        </Proxy>
        <PSparam>
          <APN>internet</APN>
        </PSparam>
      </Profile>
      <Profile>
        <NetworkName>Meteor</NetworkName>
        <Editable>yes</Editable>
        <ProfileName>Meteor Data</ProfileName>
        <URL>http://m.meteor.ie</URL>
        <Auth>normal</Auth>
        <Protocol>http</Protocol>
        <MTUSize>1500</MTUSize>
        <Proxy>
          <EnableFlag>off</EnableFlag>
        </Proxy>
        <PSparam>
          <APN>data.mymeteor.ie</APN>
        </PSparam>
      </Profile>
      <Profile>
        <NetworkName>Meteor</NetworkName>
        <Editable>yes</Editable>
        <ProfileName>Meteor MMS</ProfileName>
        <URL>http://mms.mymeteor.ie</URL>
        <Auth>normal</Auth>
        <Protocol>http</Protocol>
        <MTUSize>1500</MTUSize>
        <Proxy>
          <EnableFlag>on</EnableFlag>
          <ServAddr>010.085.085.085</ServAddr>
          <Port>8799</Port>
        </Proxy>
        <PSparam>
          <APN>mms.mymeteor.ie</APN>
          <UserId>my</UserId>
          <Password>wap</Password>
        </PSparam>
      </Profile>
      <Profile>
        <NetworkName>Asda</NetworkName>
        <Editable>yes</Editable>
        <ProfileName>Asda WAP</ProfileName>
        <URL>http://www.asda-mobile.com/wap</URL>
        <Auth>normal</Auth>
        <Protocol>http</Protocol>
        <MTUSize>1500</MTUSize>
        <Proxy>
          <EnableFlag>on</EnableFlag>
          <ServAddr>212.183.137.012</ServAddr>
          <Port>8799</Port>
        </Proxy>
        <PSparam>
          <APN>asdamobiles.co.uk</APN>
          <UserId>wap</UserId>
          <Password>wap</Password>
        </PSparam>
      </Profile>
      <Profile>
        <NetworkName>Asda</NetworkName>
        <Editable>yes</Editable>
        <ProfileName>Asda MMS</ProfileName>
        <URL>http://mms.asdamobiles.co.uk/servlets/mms</URL>
        <Auth>normal</Auth>
        <Protocol>http</Protocol>
        <MTUSize>1500</MTUSize>
        <Proxy>
          <EnableFlag>on</EnableFlag>
          <ServAddr>212.183.137.012</ServAddr>
          <Port>8799</Port>
        </Proxy>
        <PSparam>
          <APN>asdamobiles.co.uk</APN>
          <UserId>wap</UserId>
          <Password>wap</Password>
        </PSparam>
      </Profile>
      <Profile>
        <NetworkName>H3G IE</NetworkName>
        <Editable>yes</Editable>
        <ProfileName>H3G IE WAP</ProfileName>
        <URL>http://mobile.3ireland.ie/hb/HutchKey</URL>
        <Auth>normal</Auth>
        <Protocol>http</Protocol>
        <MTUSize>1500</MTUSize>
        <PSparam>
          <APN>3ireland.ie</APN>
          <UserId>user</UserId>
        </PSparam>
      </Profile>
      <Profile>
        <NetworkName>H3G IE</NetworkName>
        <Editable>yes</Editable>
        <ProfileName>H3G IE MMS</ProfileName>
        <URL>http://mms.um.3ireland.ie:10021/mmsc</URL>
        <Auth>normal</Auth>
        <Protocol>http</Protocol>
        <MTUSize>1500</MTUSize>
        <Proxy>
          <EnableFlag>on</EnableFlag>
          <ServAddr>217.171.129.2</ServAddr>
          <Port>8799</Port>
        </Proxy>
        <PSparam>
          <APN>3ireland.ie</APN>
        </PSparam>
      </Profile>
      <Profile>
        <NetworkName>Telekom.de</NetworkName>
        <Editable>yes</Editable>
        <ProfileName>Telekom Internet</ProfileName>
        <URL>http://mobileinfo.samsung.de</URL>
        <Auth>normal</Auth>
        <Protocol>http</Protocol>
        <MTUSize>1500</MTUSize>
        <Proxy>
          <EnableFlag>off</EnableFlag>
        </Proxy>
        <PSparam>
          <APN>internet.telekom</APN>
          <UserId>telekom</UserId>
          <Password>telekom</Password>
        </PSparam>
      </Profile>
      <Profile>
        <NetworkName>Telekom.de</NetworkName>
        <Editable>yes</Editable>
        <ProfileName>T-Mobile MMS</ProfileName>
        <URL>http://mms.t-mobile.de/servlets/mms</URL>
        <Auth>normal</Auth>
        <Protocol>http</Protocol>
        <MTUSize>1500</MTUSize>
        <Proxy>
          <EnableFlag>on</EnableFlag>
          <ServAddr>109.237.176.193</ServAddr>
          <Port>8008</Port>
        </Proxy>
        <PSparam>
          <APN>internet.telekom</APN>
          <UserId>telekom</UserId>
          <Password>telekom</Password>
        </PSparam>
      </Profile>
      <Profile>
        <NetworkName>Telekom.de</NetworkName>
        <IpVersion>ipv4v6</IpVersion>
        <Editable>yes</Editable>
        <ProfileName>Telekom IMS</ProfileName>
        <URL>http://mobileinfo.samsung.de</URL>
        <Auth>none</Auth>
        <Protocol>http</Protocol>
        <MTUSize>1500</MTUSize>
        <PSparam>
          <APN>IMS</APN>
        </PSparam>
      </Profile>
      <Profile>
        <NetworkName>Telekom.de</NetworkName>
        <ProfileName>Telekom EPDG</ProfileName>
        <URL>http://mms.t-mobile.de/servlets/mms</URL>
        <Auth>normal</Auth>
        <Protocol>http</Protocol>
        <MTUSize>1500</MTUSize>
        <Bearer>iwlan</Bearer>
        <Proxy>
          <EnableFlag>on</EnableFlag>
          <ServAddr>109.237.176.193</ServAddr>
          <Port>8008</Port>
        </Proxy>
        <PSparam>
          <APN>HOS</APN>
          <UserId>telekom</UserId>
          <Password>telekom</Password>
        </PSparam>
      </Profile>
      <Profile>
        <NetworkName>Vodafone.de</NetworkName>
        <Editable>yes</Editable>
        <ProfileName>Vodafone Internet</ProfileName>
        <URL>http://mobileinfo.samsung.de</URL>
        <Auth>normal</Auth>
        <Protocol>http</Protocol>
        <MTUSize>1500</MTUSize>
        <Proxy>
          <EnableFlag>off</EnableFlag>
        </Proxy>
        <PSparam>
          <APN>web.vodafone.de</APN>
        </PSparam>
      </Profile>
      <Profile>
        <NetworkName>Vodafone.de</NetworkName>
        <Editable>yes</Editable>
        <ProfileName>Vodafone MMS</ProfileName>
        <URL>http://139.7.24.1/servlets/mms</URL>
        <Auth>normal</Auth>
        <Protocol>http</Protocol>
        <MTUSize>1500</MTUSize>
        <Proxy>
          <EnableFlag>on</EnableFlag>
          <ServAddr>139.7.29.17</ServAddr>
          <Port>80</Port>
        </Proxy>
        <PSparam>
          <APN>event.vodafone.de</APN>
          <UserId>VDF2</UserId>
          <Password>MMS</Password>
        </PSparam>
      </Profile>
      <Profile>
        <NetworkName>Vodafone.de</NetworkName>
        <IpVersion>ipv4v6</IpVersion>
        <Editable>yes</Editable>
        <ProfileName>IMS</ProfileName>
        <Auth>none</Auth>
        <Protocol>http</Protocol>
        <MTUSize>1500</MTUSize>
        <PSparam>
          <APN>ims</APN>
        </PSparam>
      </Profile>
      <Profile>
        <NetworkName>vodafone ES</NetworkName>
        <Editable>yes</Editable>
        <ProfileName>Internet m처vil</ProfileName>
        <URL>http://miweb.vodafone.es</URL>
        <Auth>normal</Auth>
        <Protocol>http</Protocol>
        <MTUSize>1500</MTUSize>
        <Proxy>
          <EnableFlag>off</EnableFlag>
        </Proxy>
        <PSparam>
          <APN>airtelwap.es</APN>
          <UserId>wap@wap</UserId>
          <Password>wap125</Password>
        </PSparam>
      </Profile>
      <Profile>
        <NetworkName>o2 - de</NetworkName>
        <Editable>yes</Editable>
        <ProfileName>o2 MMS</ProfileName>
        <URL>http://10.81.0.7:8002</URL>
        <Auth>normal</Auth>
        <Protocol>http</Protocol>
        <MTUSize>1500</MTUSize>
        <Proxy>
          <EnableFlag>on</EnableFlag>
          <ServAddr>82.113.100.5</ServAddr>
          <Port>8080</Port>
        </Proxy>
        <PSparam>
          <APN>internet</APN>
        </PSparam>
      </Profile>
      <Profile>
        <NetworkName>o2 - de</NetworkName>
        <Editable>yes</Editable>
        <ProfileName>o2 Internet</ProfileName>
        <URL>http://mobileinfo.samsung.de</URL>
        <Auth>normal</Auth>
        <Protocol>http</Protocol>
        <MTUSize>1500</MTUSize>
        <Proxy>
          <EnableFlag>off</EnableFlag>
        </Proxy>
        <PSparam>
          <APN>internet</APN>
        </PSparam>
      </Profile>
      <Profile>
        <NetworkName>o2 - de</NetworkName>
        <IpVersion>ipv4v6</IpVersion>
        <Editable>yes</Editable>
        <ProfileName>o2 IMS</ProfileName>
        <Auth>normal</Auth>
        <Protocol>http</Protocol>
        <MTUSize>1500</MTUSize>
        <PSparam>
          <APN>ims</APN>
        </PSparam>
      </Profile>
      <Profile>
        <NetworkName>vodafone ES</NetworkName>
        <Editable>yes</Editable>
        <ProfileName>MMS</ProfileName>
        <URL>http://mmsc.vodafone.es/servlets/mms</URL>
        <Auth>normal</Auth>
        <Protocol>http</Protocol>
        <MTUSize>1500</MTUSize>
        <Proxy>
          <EnableFlag>on</EnableFlag>
          <ServAddr>212.73.32.10</ServAddr>
          <Port>80</Port>
        </Proxy>
        <PSparam>
          <APN>mms.vodafone.net</APN>
          <UserId>wap@wap</UserId>
          <Password>wap125</Password>
        </PSparam>
      </Profile>
      <Profile>
        <NetworkName>vodafone ES</NetworkName>
        <Editable>yes</Editable>
        <ProfileName>INTERNET</ProfileName>
        <Auth>normal</Auth>
        <Protocol>http</Protocol>
        <MTUSize>1500</MTUSize>
        <Proxy>
          <EnableFlag>off</EnableFlag>
        </Proxy>
        <PSparam>
          <APN>airtelnet.es</APN>
          <UserId>vodafone</UserId>
          <Password>vodafone</Password>
        </PSparam>
      </Profile>
      <Profile>
        <NetworkName>vodafone ES</NetworkName>
        <Editable>yes</Editable>
        <ProfileName>ut.es</ProfileName>
        <Auth>none</Auth>
        <Protocol>http</Protocol>
        <MTUSize>1500</MTUSize>
        <PSparam>
          <APN>ut.es</APN>
        </PSparam>
      </Profile>
      <Profile>
        <NetworkName>vodafone ES</NetworkName>
        <Editable>yes</Editable>
        <ProfileName>IMS</ProfileName>
        <Auth>none</Auth>
        <Protocol>http</Protocol>
        <MTUSize>1500</MTUSize>
        <PSparam>
          <APN>ims</APN>
        </PSparam>
      </Profile>
      <Profile>
        <NetworkName>Three UK</NetworkName>
        <Editable>yes</Editable>
        <ProfileName>3</ProfileName>
        <URL>http://mobile.three.co.uk/hb/HutchKey</URL>
        <Auth>normal</Auth>
        <Protocol>http</Protocol>
        <MTUSize>1500</MTUSize>
        <Proxy>
          <EnableFlag>off</EnableFlag>
          <Port>80</Port>
        </Proxy>
        <PSparam>
          <APN>three.co.uk</APN>
        </PSparam>
      </Profile>
      <Profile>
        <NetworkName>Three UK</NetworkName>
        <Editable>yes</Editable>
        <ProfileName>3MMS</ProfileName>
        <URL>http://mms.um.three.co.uk:10021/mmsc</URL>
        <Auth>normal</Auth>
        <Protocol>http</Protocol>
        <MTUSize>1500</MTUSize>
        <Proxy>
          <EnableFlag>on</EnableFlag>
          <ServAddr>mms.three.co.uk</ServAddr>
          <Port>8799</Port>
        </Proxy>
        <PSparam>
          <APN>three.co.uk</APN>
        </PSparam>
      </Profile>
      <Profile>
        <NetworkName>Three UK</NetworkName>
        <Editable>yes</Editable>
        <ProfileName>3hotspot</ProfileName>
        <Protocol>http</Protocol>
        <MTUSize>1500</MTUSize>
        <Proxy>
          <EnableFlag>off</EnableFlag>
        </Proxy>
        <PSparam>
          <APN>3hotspot</APN>
        </PSparam>
      </Profile>
      <Profile>
        <NetworkName>Three UK</NetworkName>
        <IpVersion>ipv4v6</IpVersion>
        <Editable>yes</Editable>
        <ProfileName>IMS</ProfileName>
        <Auth>none</Auth>
        <Protocol>http</Protocol>
        <MTUSize>1500</MTUSize>
        <PSparam>
          <APN>ims</APN>
        </PSparam>
      </Profile>
      <Profile>
        <NetworkName>YES OPTUS</NetworkName>
        <Editable>no</Editable>
        <ProfileName>Optus Yes Internet</ProfileName>
        <Auth>normal</Auth>
        <Bearer>ps</Bearer>
        <Protocol>http</Protocol>
        <MTUSize>1500</MTUSize>
        <Proxy>
          <EnableFlag>off</EnableFlag>
        </Proxy>
        <PSparam>
          <APN>yesinternet</APN>
        </PSparam>
      </Profile>
      <Profile>
        <NetworkName>YES OPTUS</NetworkName>
        <Editable>no</Editable>
        <ProfileName>Optus MMS</ProfileName>
        <URL>http://mmsc.optus.com.au:8002/</URL>
        <Auth>normal</Auth>
        <Bearer>ps</Bearer>
        <Protocol>http</Protocol>
        <MTUSize>1500</MTUSize>
        <Proxy>
          <EnableFlag>on</EnableFlag>
          <ServAddr>61.88.190.10</ServAddr>
          <Port>8070</Port>
        </Proxy>
        <PSparam>
          <APN>mms</APN>
        </PSparam>
      </Profile>
      <Profile>
        <NetworkName>YES OPTUS</NetworkName>
        <Editable>no</Editable>
        <ProfileName>Optus Bus Mobile Broadband</ProfileName>
        <Auth>normal</Auth>
        <Bearer>ps</Bearer>
        <Protocol>http</Protocol>
        <MTUSize>1500</MTUSize>
        <PSparam>
          <APN>yesbusiness</APN>
        </PSparam>
      </Profile>
      <Profile>
        <NetworkName>YES OPTUS</NetworkName>
        <IpVersion>ipv6</IpVersion>
        <RoamingIpVersion>ipv4v6</RoamingIpVersion>
        <Editable>no</Editable>
        <ProfileName>Optus IMS</ProfileName>
        <Auth>normal</Auth>
        <Bearer>psfirst</Bearer>
        <Protocol>other</Protocol>
        <MTUSize>1500</MTUSize>
        <Proxy>
          <EnableFlag>off</EnableFlag>
        </Proxy>
        <PSparam>
          <APN>ims</APN>
        </PSparam>
      </Profile>
      <Profile>
        <NetworkName>YES OPTUS</NetworkName>
        <Editable>no</Editable>
        <ProfileName>Optus Call Settings</ProfileName>
        <Auth>normal</Auth>
        <Protocol>http</Protocol>
        <MTUSize>1500</MTUSize>
        <PSparam>
          <APN>hos</APN>
        </PSparam>
      </Profile>
      <Profile>
        <NetworkName>YES OPTUS</NetworkName>
        <IpVersion>ipv6</IpVersion>
        <RoamingIpVersion>ipv4v6</RoamingIpVersion>
        <Editable>no</Editable>
        <ProfileName>Optus Emergency</ProfileName>
        <Auth>normal</Auth>
        <Protocol>http</Protocol>
        <MTUSize>1500</MTUSize>
        <PSparam>
          <APN>sos</APN>
        </PSparam>
      </Profile>
    </Connections>
    <IMSSetting>
      <NbSetting>12</NbSetting>
      <Setting>
        <NetworkName>Vodafone Contract</NetworkName>
        <Version>3.0</Version>
        <EnableIMS>true</EnableIMS>
        <VoLTE>
          <EnableSMSoverIP>false</EnableSMSoverIP>
          <EnableVoLTE>true</EnableVoLTE>
          <EnableVoiceoverWIFI>true</EnableVoiceoverWIFI>
          <EnableVideocall>false</EnableVideocall>
          <EnableVoLTEindicator>false</EnableVoLTEindicator>
          <Voice_Domain_Preference_EUTRAN>imspsvoicepreferred</Voice_Domain_Preference_EUTRAN>
          <Emregencycall_Domain>ps</Emregencycall_Domain>
          <SRVCCversion>10</SRVCCversion>
          <SS_Domain_Preference>ps_only_volteregied</SS_Domain_Preference>
          <SS_PS_Control_Preference>xcap</SS_PS_Control_Preference>
          <SS_CSFBwithIMSerror>true</SS_CSFBwithIMSerror>
          <USSD_Domain_Preference>cs</USSD_Domain_Preference>
        </VoLTE>
        <RCS>
          <EnableRCS>true</EnableRCS>
          <EnableRCSchat>true</EnableRCSchat>
        </RCS>
      </Setting>
      <Setting>
        <NetworkName>EE/T-Mobile</NetworkName>
        <Version>3.0</Version>
        <EnableIMS>true</EnableIMS>
        <VoLTE>
          <EnableSMSoverIP>true</EnableSMSoverIP>
          <EnableVoLTE>true</EnableVoLTE>
          <EnableVoiceoverWIFI>true</EnableVoiceoverWIFI>
          <EnableVideocall>false</EnableVideocall>
          <EnableVoLTEindicator>false</EnableVoLTEindicator>
          <Voice_Domain_Preference_EUTRAN>imspsvoicepreferred</Voice_Domain_Preference_EUTRAN>
          <Emregencycall_Domain>ps</Emregencycall_Domain>
          <SRVCCversion>10</SRVCCversion>
          <SS_Domain_Preference>ps_only_psregied</SS_Domain_Preference>
          <SS_PS_Control_Preference>xcap</SS_PS_Control_Preference>
          <SS_CSFBwithIMSerror>true</SS_CSFBwithIMSerror>
          <USSD_Domain_Preference>cs</USSD_Domain_Preference>
        </VoLTE>
      </Setting>
      <Setting>
        <NetworkName>Three UK</NetworkName>
        <Version>3.0</Version>
        <EnableIMS>true</EnableIMS>
        <VoLTE>
          <EnableVoLTE>true</EnableVoLTE>
          <EnableVoiceoverWIFI>true</EnableVoiceoverWIFI>
          <EnableVideocall>false</EnableVideocall>
          <EnableVoLTEindicator>true</EnableVoLTEindicator>
          <Voice_Domain_Preference_EUTRAN>imspsvoicepreferred</Voice_Domain_Preference_EUTRAN>
          <Emregencycall_Domain>ps</Emregencycall_Domain>
          <SS_Domain_Preference>ps_only_volteregied</SS_Domain_Preference>
          <SS_PS_Control_Preference>xcap</SS_PS_Control_Preference>
          <SS_CSFBwithIMSerror>true</SS_CSFBwithIMSerror>
          <USSD_Domain_Preference>cs</USSD_Domain_Preference>
          <EnableSMSoverIP>true</EnableSMSoverIP>
        </VoLTE>
      </Setting>
      <Setting>
        <NetworkName>vodafone ES</NetworkName>
        <Version>3.0</Version>
        <EnableIMS>true</EnableIMS>
        <VoLTE>
          <EnableVoLTE>true</EnableVoLTE>
          <EnableVoiceoverWIFI>false</EnableVoiceoverWIFI>
          <EnableVideocall>false</EnableVideocall>
          <Voice_Domain_Preference_EUTRAN>imspsvoicepreferred</Voice_Domain_Preference_EUTRAN>
          <Emregencycall_Domain>cs</Emregencycall_Domain>
          <SS_Domain_Preference>ps_always</SS_Domain_Preference>
          <SS_PS_Control_Preference>xcap</SS_PS_Control_Preference>
          <SS_CSFBwithIMSerror>true</SS_CSFBwithIMSerror>
          <USSD_Domain_Preference>cs</USSD_Domain_Preference>
          <EnableSMSoverIP>false</EnableSMSoverIP>
        </VoLTE>
        <RCS>
          <EnableRCS>true</EnableRCS>
          <EnableRCSchat>true</EnableRCSchat>
        </RCS>
      </Setting>
      <Setting>
        <NetworkName>Vodafone.de</NetworkName>
        <Version>3.0</Version>
        <EnableIMS>true</EnableIMS>
        <VoLTE>
          <EnableVoLTE>TRUE</EnableVoLTE>
          <EnableVoiceoverWIFI>true</EnableVoiceoverWIFI>
          <EnableVideocall>false</EnableVideocall>
          <Voice_Domain_Preference_EUTRAN>imspsvoicepreferred</Voice_Domain_Preference_EUTRAN>
          <EnableSMSoverIP>true</EnableSMSoverIP>
          <Emregencycall_Domain>cs</Emregencycall_Domain>
          <SS_Domain_Preference>ps_always</SS_Domain_Preference>
          <SS_PS_Control_Preference>xcap</SS_PS_Control_Preference>
          <SS_CSFBwithIMSerror>true</SS_CSFBwithIMSerror>
          <USSD_Domain_Preference>cs</USSD_Domain_Preference>
        </VoLTE>
        <RCS>
          <EnableRCS>true</EnableRCS>
          <EnableRCSchat>true</EnableRCSchat>
        </RCS>
      </Setting>
      <Setting>
        <NetworkName>Telekom.de</NetworkName>
        <Version>3.0</Version>
        <EnableIMS>true</EnableIMS>
        <VoLTE>
          <EnableVoLTE>TRUE</EnableVoLTE>
          <EnableVoiceoverWIFI>true</EnableVoiceoverWIFI>
          <EnableVideocall>false</EnableVideocall>
          <Voice_Domain_Preference_EUTRAN>imspsvoicepreferred</Voice_Domain_Preference_EUTRAN>
          <EnableSMSoverIP>true</EnableSMSoverIP>
          <Emregencycall_Domain>ps</Emregencycall_Domain>
          <SS_Domain_Preference>ps_always</SS_Domain_Preference>
          <SS_PS_Control_Preference>xcap</SS_PS_Control_Preference>
          <SS_CSFBwithIMSerror>true</SS_CSFBwithIMSerror>
          <USSD_Domain_Preference>cs</USSD_Domain_Preference>
        </VoLTE>
        <RCS>
          <EnableRCS>true</EnableRCS>
          <EnableRCSchat>true</EnableRCSchat>
        </RCS>
      </Setting>
      <Setting>
        <NetworkName>o2 - de</NetworkName>
        <Version>3.0</Version>
        <EnableIMS>true</EnableIMS>
        <VoLTE>
          <EnableVoLTE>true</EnableVoLTE>
          <EnableVoiceoverWIFI>true</EnableVoiceoverWIFI>
          <EnableVideocall>true</EnableVideocall>
          <EnableVoLTEindicator>false</EnableVoLTEindicator>
          <Voice_Domain_Preference_EUTRAN>imspsvoicepreferred</Voice_Domain_Preference_EUTRAN>
          <Emregencycall_Domain>cs</Emregencycall_Domain>
          <SRVCCversion>10</SRVCCversion>
          <SS_Domain_Preference>ps_only_psregied</SS_Domain_Preference>
          <SS_PS_Control_Preference>xcap</SS_PS_Control_Preference>
          <SS_CSFBwithIMSerror>true</SS_CSFBwithIMSerror>
          <USSD_Domain_Preference>cs</USSD_Domain_Preference>
          <EnableSMSoverIP>false</EnableSMSoverIP>
        </VoLTE>
        <RCS>
          <EnableRCS>false</EnableRCS>
          <EnableRCSchat>false</EnableRCSchat>
        </RCS>
      </Setting>
      <Setting>
        <NetworkName>YES OPTUS</NetworkName>
        <Version>3.0</Version>
        <EnableIMS>true</EnableIMS>
        <VoLTE>
          <EnableVoLTE>true</EnableVoLTE>
          <EnableVoiceoverWIFI>false</EnableVoiceoverWIFI>
          <EnableVideocall>false</EnableVideocall>
          <EnableVoLTEindicator>true</EnableVoLTEindicator>
          <Voice_Domain_Preference_EUTRAN>imspsvoicepreferred</Voice_Domain_Preference_EUTRAN>
          <Emregencycall_Domain>ps</Emregencycall_Domain>
          <SRVCCversion>10</SRVCCversion>
          <SS_Domain_Preference>ps_only_volteregied</SS_Domain_Preference>
          <SS_PS_Control_Preference>xcap</SS_PS_Control_Preference>
          <SS_CSFBwithIMSerror>true</SS_CSFBwithIMSerror>
          <USSD_Domain_Preference>cs</USSD_Domain_Preference>
          <EnableSMSoverIP>false</EnableSMSoverIP>
        </VoLTE>
      </Setting>
      <Setting>
        <NetworkName>GCFTest</NetworkName>
        <Version>3.0</Version>
        <EnableIMS>true</EnableIMS>
        <VoLTE>
          <EnableVoLTE>true</EnableVoLTE>
          <EnableVoiceoverWIFI>false</EnableVoiceoverWIFI>
          <EnableVideocall>true</EnableVideocall>
          <EnableVoLTEindicator>true</EnableVoLTEindicator>
          <EnableSMSoverIP>true</EnableSMSoverIP>
          <Voice_Domain_Preference_EUTRAN>imspsvoicepreferred</Voice_Domain_Preference_EUTRAN>
          <Emregencycall_Domain>PS</Emregencycall_Domain>
          <SS_Domain_Preference>PS_ONLY_VOLTEREGIED</SS_Domain_Preference>
          <SS_PS_Control_Preference>xcap</SS_PS_Control_Preference>
          <SS_CSFBwithIMSerror>true</SS_CSFBwithIMSerror>
          <USSD_Domain_Preference>cs</USSD_Domain_Preference>
        </VoLTE>
      </Setting>
      <Setting>
        <NetworkName>TestBed</NetworkName>
        <Version>3.0</Version>
        <EnableIMS>true</EnableIMS>
        <VoLTE>
          <EnableVoLTE>true</EnableVoLTE>
          <EnableVoiceoverWIFI>false</EnableVoiceoverWIFI>
          <EnableVideocall>false</EnableVideocall>
          <EnableVoLTEindicator>true</EnableVoLTEindicator>
          <Voice_Domain_Preference_EUTRAN>imspsvoicepreferred</Voice_Domain_Preference_EUTRAN>
          <Emregencycall_Domain>cs</Emregencycall_Domain>
          <SS_Domain_Preference>PS_ALWAYS</SS_Domain_Preference>
          <SS_PS_Control_Preference>xcap</SS_PS_Control_Preference>
          <SS_CSFBwithIMSerror>true</SS_CSFBwithIMSerror>
          <USSD_Domain_Preference>cs</USSD_Domain_Preference>
        </VoLTE>
      </Setting>
      <Setting>
        <NetworkName>O2 UK Pay Monthly</NetworkName>
        <Version>3.0</Version>
        <EnableIMS>true</EnableIMS>
        <VoLTE>
          <EnableVoLTE>true</EnableVoLTE>
          <EnableVoiceoverWIFI>true</EnableVoiceoverWIFI>
          <EnableVideocall>false</EnableVideocall>
          <EnableVoLTEindicator>false</EnableVoLTEindicator>
          <Voice_Domain_Preference_EUTRAN>imspsvoicepreferred</Voice_Domain_Preference_EUTRAN>
          <Emregencycall_Domain>ps</Emregencycall_Domain>
          <SRVCCversion>10</SRVCCversion>
          <SS_Domain_Preference>ps_always</SS_Domain_Preference>
          <SS_PS_Control_Preference>xcap</SS_PS_Control_Preference>
          <SS_CSFBwithIMSerror>false</SS_CSFBwithIMSerror>
          <USSD_Domain_Preference>cs</USSD_Domain_Preference>
          <EnableSMSoverIP>false</EnableSMSoverIP>
        </VoLTE>
        <RCS>
          <EnableRCS>false</EnableRCS>
        </RCS>
      </Setting>    
      <Setting>
        <NetworkName>T-Mobile.pl</NetworkName>
        <Version>3.0</Version>
        <EnableIMS>true</EnableIMS>
        <VoLTE>
          <EnableVoLTE>true</EnableVoLTE>
          <EnableVoiceoverWIFI>true</EnableVoiceoverWIFI>
          <EnableVideocall>false</EnableVideocall>
          <EnableVoLTEindicator>true</EnableVoLTEindicator>
          <Voice_Domain_Preference_EUTRAN>imspsvoicepreferred</Voice_Domain_Preference_EUTRAN>
          <Emregencycall_Domain>ps</Emregencycall_Domain>
          <SRVCCversion>10</SRVCCversion>
          <SS_Domain_Preference>ps_only_psregied</SS_Domain_Preference>
          <SS_PS_Control_Preference>xcap</SS_PS_Control_Preference>
          <SS_CSFBwithIMSerror>false</SS_CSFBwithIMSerror>
          <USSD_Domain_Preference>pscs</USSD_Domain_Preference>
          <EnableSMSoverIP>true</EnableSMSoverIP>
        </VoLTE>
      </Setting>  
    </IMSSetting>
  </Settings>
</CustomerData>
