<?xml version="1.0" encoding="UTF-8"?>
<CustomerData>
  <GeneralInfo>
    <CSCEdition>ED0002</CSCEdition>
    <Country>Germany</Country>
    <CountryISO>DE</CountryISO>
    <Region>EUR</Region>
    <SalesCode>DTM</SalesCode>
    <NbNetworkInfo>10</NbNetworkInfo>
    <NetworkInfo>
      <MCCMNC>26201</MCCMNC>
      <NetworkName>Telekom.de</NetworkName>
      <NWID>NW01250</NWID>
      <CodeType>DEC</CodeType>
      <SubsetCode>1</SubsetCode>
    </NetworkInfo>
    <NetworkInfo>
      <MCCMNC>26201</MCCMNC>
      <NetworkName>Telekom.de</NetworkName>
      <NWID>NW01250</NWID>
      <CodeType>DEC</CodeType>
      <SubsetCode>2</SubsetCode>
    </NetworkInfo>
    <NetworkInfo>
      <MCCMNC>26201</MCCMNC>
      <NetworkName>Telekom.de</NetworkName>
      <NWID>NW01250</NWID>
      <CodeType>DEC</CodeType>
      <SubsetCode>3</SubsetCode>
    </NetworkInfo>
    <NetworkInfo>
      <MCCMNC>26201</MCCMNC>
      <NetworkName>Telekom.de</NetworkName>
      <NWID>NW01250</NWID>
      <CodeType>DEC</CodeType>
      <SubsetCode>4</SubsetCode>
    </NetworkInfo>
    <NetworkInfo>
      <MCCMNC>26201</MCCMNC>
      <NetworkName>Telekom.de</NetworkName>
      <NWID>NW01250</NWID>
      <CodeType>DEC</CodeType>
      <SubsetCode>153</SubsetCode>
    </NetworkInfo>
    <NetworkInfo>
      <MCCMNC>26201</MCCMNC>
      <NetworkName>Telekom.de</NetworkName>
      <NWID>NW01250</NWID>
      <CodeType>DEC</CodeType>
      <SubsetCode>75</SubsetCode>
    </NetworkInfo>
    <NetworkInfo>
      <MCCMNC>26201</MCCMNC>
      <NetworkName>Telekom.de</NetworkName>
      <NWID>NW01250</NWID>
      <SPName>Telekom.de</SPName>
    </NetworkInfo>
    <NetworkInfo>
      <MCCMNC>26201</MCCMNC>
      <NetworkName>Telekom.de</NetworkName>
      <NWID>NW01250</NWID>
      <SPName>T-Mobile D</SPName>
    </NetworkInfo>
    <NetworkInfo>
      <MCCMNC>26201</MCCMNC>
      <NetworkName>Telekom.de</NetworkName>
      <NWID>NW01250</NWID>
      <SPName>Business</SPName>
    </NetworkInfo>
    <NetworkInfo>
      <MCCMNC>26201</MCCMNC>
      <NetworkName>Telekom.de</NetworkName>
      <NWID>NW01250</NWID>
      <SPName>Privat</SPName>
    </NetworkInfo>
  </GeneralInfo>
  <Settings>
    <Main>
      <Security>
        <OneSIMLock>none</OneSIMLock>
        <SeparateLock>none</SeparateLock>
      </Security>
      <Network>
        <NbFastDormancy>4</NbFastDormancy>
        <FastDormancy>
          <NetworkName>Telekom.de</NetworkName>
          <FastDormancyEnableStatus>off</FastDormancyEnableStatus>
          <LCDStatus>on</LCDStatus>
        </FastDormancy>
        <FastDormancy>
          <NetworkName>Telekom.de</NetworkName>
          <FastDormancyEnableStatus>on</FastDormancyEnableStatus>
          <TimeoutValue>3</TimeoutValue>
          <LCDStatus>off</LCDStatus>
        </FastDormancy>
        <FastDormancy>
          <NetworkName>Telekom.de</NetworkName>
          <FastDormancyEnableStatus>on</FastDormancyEnableStatus>
          <TimeoutValue>5</TimeoutValue>
          <LCDStatus>on</LCDStatus>
          <Version>rel8</Version>
        </FastDormancy>
        <FastDormancy>
          <NetworkName>Telekom.de</NetworkName>
          <FastDormancyEnableStatus>on</FastDormancyEnableStatus>
          <TimeoutValue>3</TimeoutValue>
          <LCDStatus>off</LCDStatus>
          <Version>rel8</Version>
        </FastDormancy>
        <NbWbAmr>1</NbWbAmr>
        <WbAmr>
          <NetworkName>default</NetworkName>
          <WbAmrCodec>on</WbAmrCodec>
        </WbAmr>
        <NbSOSNumber>2</NbSOSNumber>
        <SOSNumber>112</SOSNumber>
        <SOSNumber>911</SOSNumber>
      </Network>
      <Sound>
        <RngToneAlertType>vibmelody</RngToneAlertType>
        <RngVolume>4</RngVolume>
        <KeyTone>
          <KeyVolume>1</KeyVolume>
        </KeyTone>
        <MsgToneAlertType>melody</MsgToneAlertType>
        <MsgToneVolume>4</MsgToneVolume>
        <TouchTone>off</TouchTone>
        <ExtraSound>
          <ConnectTone>off</ConnectTone>
        </ExtraSound>
        <AMRVoiceCodec>on</AMRVoiceCodec>
      </Sound>
      <Phone>
        <DefLanguage>de_DE</DefLanguage>
        <DefLanguageNoSIM>de_DE</DefLanguageNoSIM>
        <T9Enabling>enable</T9Enabling>
        <T9Language>german</T9Language>
        <DateTimeFormat>
          <DateFormat>ddmmyyyy</DateFormat>
          <TimeFormat>24h</TimeFormat>
          <TimezoneUpdate>off</TimezoneUpdate>
        </DateTimeFormat>
      </Phone>
    </Main>
    <Contact>
      <ContactSort>lastname</ContactSort>
    </Contact>
    <Calendar>
      <StartDay>monday</StartDay>
    </Calendar>
    <Messages>
      <NbVoicemail>1</NbVoicemail>
      <Voicemail>
        <NetworkName>Telekom.de</NetworkName>
        <TelNum>3311</TelNum>
      </Voicemail>
      <PushMsg>
        <RecOption>on</RecOption>
        <PushLoading>never</PushLoading>
      </PushMsg>
      <SMS>
        <DeliveryReport>off</DeliveryReport>
        <MsgTypeThreshold>
          <ThresholdValue>13</ThresholdValue>
          <ThresholdType>pagecount</ThresholdType>
        </MsgTypeThreshold>
        <CharSupport>gsmalpha</CharSupport>
        <MmsAlert>on</MmsAlert>
      </SMS>
      <MMS>
        <MmsSending>
          <ReqDeliveryRep>off</ReqDeliveryRep>
          <ReqReadRep>off</ReqReadRep>
          <MessageSize>300</MessageSize>
          <CreationMode>free</CreationMode>
        </MmsSending>
        <MmsReceiving>
          <Home>auto</Home>
          <Roaming>manual</Roaming>
        </MmsReceiving>
        <NbMMSView>1</NbMMSView>
        <MMSView>
          <MessageUaProfUrl>http://wap.samsungmobile.com/uaprof/uaprof.rdf</MessageUaProfUrl>
        </MMSView>
      </MMS>
      <Email>
        <EmailReceiving>
          <PollTime>off</PollTime>
        </EmailReceiving>
      </Email>
    </Messages>
    <Browser>
      <NbBookmark>6</NbBookmark>
      <Bookmark>
        <NetworkName>Telekom.de</NetworkName>
        <Editable>no</Editable>
        <BookmarkName>Telekom.de</BookmarkName>
        <URL>http://www.telekom.de/?wt_mc=rs_z_preinstallationbookmark</URL>
      </Bookmark>
      <Bookmark>
        <NetworkName>Telekom.de</NetworkName>
        <Editable>no</Editable>
        <BookmarkName>Puls Startseite</BookmarkName>
        <URL>https://www.telekom.de/favorit</URL>
      </Bookmark>
      <Bookmark>
        <NetworkName>Telekom.de</NetworkName>
        <Editable>no</Editable>
        <BookmarkName>TopApps</BookmarkName>
        <URL>http://app.telekom.de/0221/</URL>
      </Bookmark>
      <Bookmark>
        <NetworkName>Telekom.de</NetworkName>
        <Editable>no</Editable>
        <BookmarkName>Hilfe &amp; Service</BookmarkName>
        <URL>https://www.telekom.de/hilfe?wt_mc=prce_sz_001</URL>
      </Bookmark>
      <Bookmark>
        <NetworkName>Telekom.de</NetworkName>
        <Editable>no</Editable>
        <BookmarkName>Telekom hilft Community</BookmarkName>
        <URL>https://telekomhilft.telekom.de?wt_mc=prce_sz_001</URL>
      </Bookmark>
      <Bookmark>
        <NetworkName>default</NetworkName>
        <Editable>yes</Editable>
        <BookmarkName>Galaxy Shop</BookmarkName>
        <URL>https://www.samsung.com/galaxy-shop/?cid=global_owned_app_s-internet_none_none_bookmark_bookmark_202008_none</URL>
      </Bookmark>
      <eManual>
        <URL>http://www.samsung.com/m-manual/common</URL>
      </eManual>
    </Browser>
    <NbWifiProfile>1</NbWifiProfile>
    <WifiProfile>
      <NetworkName>Telekom.de</NetworkName>
      <WifiSSID>Telekom_SIM</WifiSSID>
      <WifiKeyMgmt>WPA-EAP IEEE8021X</WifiKeyMgmt>
      <WifiEAPMethod>aka</WifiEAPMethod>
      <WifiPriority>1</WifiPriority>
    </WifiProfile>
    <Connections>
      <NbProfileHandle>1</NbProfileHandle>
      <ProfileHandle>
        <NbNetProfile>3</NbNetProfile>
        <NetworkName>Telekom.de</NetworkName>
        <ProfBrowser>Telekom Internet</ProfBrowser>
        <ProfMMS>HOS</ProfMMS>
        <ProfIMS>Telekom IMS</ProfIMS>
        <ProfXCAP>HOS</ProfXCAP>
      </ProfileHandle>
      <NbProfile>3</NbProfile>
      <Profile>
        <NetworkName>Telekom.de</NetworkName>
        <IpVersion>ipv4v6</IpVersion>
        <RoamingIpVersion>ipv4</RoamingIpVersion>
        <Editable>yes</Editable>
        <ProfileName>Telekom Internet</ProfileName>
        <URL>https://www.telekom.de/favorit</URL>
        <Auth>normal</Auth>
        <Bearer>ps</Bearer>
        <Protocol>http</Protocol>
        <MTUSize>1500</MTUSize>
        <Proxy>
          <EnableFlag>off</EnableFlag>
        </Proxy>
        <PSparam>
          <APN>internet.v6.telekom</APN>
          <UserId>telekom</UserId>
          <Password>telekom</Password>
        </PSparam>
      </Profile>
      <Profile>
        <NetworkName>Telekom.de</NetworkName>
        <IpVersion>ipv4v6</IpVersion>
        <Editable>yes</Editable>
        <HiddenStatus>hidden</HiddenStatus>
        <ProfileName>HOS</ProfileName>
        <URL>http://mms.t-mobile.de/servlets/mms</URL>
        <Auth>normal</Auth>
        <Protocol>http</Protocol>
        <MTUSize>1500</MTUSize>
        <Proxy>
          <EnableFlag>on</EnableFlag>
          <ServAddr>109.237.176.193</ServAddr>
          <Port>8008</Port>
        </Proxy>
        <PSparam>
          <APN>hos</APN>
          <UserId>telekom</UserId>
          <Password>telekom</Password>
        </PSparam>
      </Profile>
      <Profile>
        <NetworkName>Telekom.de</NetworkName>
        <IpVersion>ipv4v6</IpVersion>
        <RoamingIpVersion>ipv4v6</RoamingIpVersion>
        <Editable>no</Editable>
        <HiddenStatus>hidden</HiddenStatus>
        <ProfileName>Telekom IMS</ProfileName>
        <Auth>none</Auth>
        <Protocol>http</Protocol>
        <MTUSize>1500</MTUSize>
        <PSparam>
          <APN>IMS</APN>
        </PSparam>
      </Profile>
    </Connections>
    <IMSSetting>
      <NbSetting>1</NbSetting>
      <Setting>
        <NetworkName>Telekom.de</NetworkName>
        <Version>3.0</Version>
        <EnableIMS>true</EnableIMS>
        <VoLTE>
          <EnableVoLTE>true</EnableVoLTE>
          <EnableVoiceoverWIFI>true</EnableVoiceoverWIFI>
          <EnableVideocall>false</EnableVideocall>
          <EnableVoLTEindicator>false</EnableVoLTEindicator>
          <Voice_Domain_Preference_EUTRAN>imspsvoicepreferred</Voice_Domain_Preference_EUTRAN>
          <Emregencycall_Domain>ps</Emregencycall_Domain>
          <SRVCCversion>10</SRVCCversion>
          <SS_Domain_Preference>ps_only_psregied</SS_Domain_Preference>
          <SS_PS_Control_Preference>xcap</SS_PS_Control_Preference>
          <SS_CSFBwithIMSerror>false</SS_CSFBwithIMSerror>
          <USSD_Domain_Preference>pscs</USSD_Domain_Preference>
          <EnableSMSoverIP>true</EnableSMSoverIP>
        </VoLTE>
        <RCS>
          <EnableRCS>true</EnableRCS>
          <EnableRCSchat>true</EnableRCSchat>
        </RCS>
      </Setting>
    </IMSSetting>
  </Settings>
</CustomerData>