<?xml version="1.0" encoding="UTF-8"?>
<CustomerData>
  <GeneralInfo>
    <CSCEdition>ED0005</CSCEdition>
    <Country>UK</Country>
    <CountryISO>GB</CountryISO>
    <Region>EUR</Region>
    <SalesCode>H3G</SalesCode>
    <NbNetworkInfo>10</NbNetworkInfo>
    <NetworkInfo>
      <MCCMNC>23420</MCCMNC>
      <NetworkName>3</NetworkName>
      <NWID>NW00005</NWID>
    </NetworkInfo>
    <NetworkInfo>
      <MCCMNC>23420</MCCMNC>
      <NetworkName>3</NetworkName>
      <NWID>NW00005</NWID>
      <CodeType>HEX</CodeType>
      <SubsetCode>0303</SubsetCode>
    </NetworkInfo>
    <NetworkInfo>
      <MCCMNC>23594</MCCMNC>
      <NetworkName>3</NetworkName>
      <NWID>NW00005</NWID>
    </NetworkInfo>
    <NetworkInfo>
      <MCCMNC>00101</MCCMNC>
      <NetworkName>3</NetworkName>
      <NWID>NW00005</NWID>
    </NetworkInfo>
    <NetworkInfo>
      <MCCMNC>23420</MCCMNC>
      <NetworkName>iD</NetworkName>
      <NWID>NW00604</NWID>
    </NetworkInfo>
    <NetworkInfo>
      <MCCMNC>23420</MCCMNC>
      <NetworkName>iD</NetworkName>
      <NWID>NW00604</NWID>
      <CodeType>HEX</CodeType>
      <SubsetCode>0305</SubsetCode>
    </NetworkInfo>
    <NetworkInfo>
      <MCCMNC>23420</MCCMNC>
      <NetworkName>SMARTY</NetworkName>
      <NWID>NW01796</NWID>
    </NetworkInfo>
    <NetworkInfo>
      <MCCMNC>23420</MCCMNC>
      <NetworkName>SMARTY</NetworkName>
      <NWID>NW01796</NWID>
      <CodeType>HEX</CodeType>
      <SubsetCode>0309</SubsetCode>
    </NetworkInfo>
    <NetworkInfo>
      <MCCMNC>23420</MCCMNC>
      <NetworkName>Superdrug</NetworkName>
      <NWID>NW01797</NWID>
    </NetworkInfo>
    <NetworkInfo>
      <MCCMNC>23420</MCCMNC>
      <NetworkName>Superdrug</NetworkName>
      <NWID>NW01797</NWID>
      <CodeType>HEX</CodeType>
      <SubsetCode>0310</SubsetCode>
    </NetworkInfo>
  </GeneralInfo>
  <Settings>
    <Main>
      <Security>
        <OneSIMLock>none</OneSIMLock>
        <SeparateLock>none</SeparateLock>
      </Security>
      <Network>
        <NbFastDormancy>4</NbFastDormancy>
        <FastDormancy>
          <NetworkName>3</NetworkName>
          <FastDormancyEnableStatus>off</FastDormancyEnableStatus>
          <LCDStatus>on</LCDStatus>
        </FastDormancy>
        <FastDormancy>
          <NetworkName>3</NetworkName>
          <FastDormancyEnableStatus>off</FastDormancyEnableStatus>
          <LCDStatus>off</LCDStatus>
        </FastDormancy>
        <FastDormancy>
          <NetworkName>3</NetworkName>
          <FastDormancyEnableStatus>off</FastDormancyEnableStatus>
          <LCDStatus>on</LCDStatus>
          <Version>rel8</Version>
        </FastDormancy>
        <FastDormancy>
          <NetworkName>3</NetworkName>
          <FastDormancyEnableStatus>on</FastDormancyEnableStatus>
          <TimeoutValue>8</TimeoutValue>
          <LCDStatus>off</LCDStatus>
          <Version>rel8</Version>
        </FastDormancy>
        <NbWbAmr>1</NbWbAmr>
        <WbAmr>
          <NetworkName>3</NetworkName>
          <WbAmrCodec>on</WbAmrCodec>
        </WbAmr>
        <NbSOSNumber>3</NbSOSNumber>
        <SOSNumber>999</SOSNumber>
        <SOSNumber>911</SOSNumber>
        <SOSNumber>112</SOSNumber>
        <NbSOSNumberNoSIM>3</NbSOSNumberNoSIM>
        <SOSNumberNoSIM>999</SOSNumberNoSIM>
        <SOSNumberNoSIM>911</SOSNumberNoSIM>
        <SOSNumberNoSIM>112</SOSNumberNoSIM>
      </Network>
      <Phone>
        <DefLanguage>en_GB</DefLanguage>
        <DefLanguageNoSIM>en_GB</DefLanguageNoSIM>
        <DateTimeFormat>
          <DateFormat>ddmmyyyy</DateFormat>
          <TimeFormat>24h</TimeFormat>
          <TimezoneUpdate>off</TimezoneUpdate>
        </DateTimeFormat>
        <VisiblePassword>on</VisiblePassword>
      </Phone>
    </Main>
    <Messages>
      <SMS>
        <MsgTypeThreshold>
          <ThresholdValue>10</ThresholdValue>
          <ThresholdType>pagecount</ThresholdType>
        </MsgTypeThreshold>
        <MaxRecipient>200</MaxRecipient>
        <CharSupport>gsmalpha</CharSupport>
        <DeleteOldMessage>off</DeleteOldMessage>
        <PreviewMessage>on</PreviewMessage>
      </SMS>
      <MMS>
        <MmsSending>
          <CreationMode>free</CreationMode>
          <MaxRecipientMMS>50</MaxRecipientMMS>
        </MmsSending>
        <MmsReceiving>
          <Home>auto</Home>
          <Roaming>auto</Roaming>
        </MmsReceiving>
      </MMS>
      <Email>
        <EmailReceiving>
          <AutoPoll>off</AutoPoll>
          <PollTime>off</PollTime>
        </EmailReceiving>
      </Email>
    </Messages>
    <ActiveSync>
      <SyncSchedule>
        <PeakDuration>15m</PeakDuration>
        <OffPeakDuration>manual</OffPeakDuration>
        <PeakTimeStart>08:00</PeakTimeStart>
        <PeakTimeEnd>17:00</PeakTimeEnd>
      </SyncSchedule>
    </ActiveSync>
    <Browser>
      <NbBookmark>3</NbBookmark>
      <Bookmark>
        <NetworkName>default</NetworkName>
        <Index>1</Index>
        <BookmarkName>Three UK</BookmarkName>
        <URL>https://www.three.co.uk/landing?intid=3app_device_bookmark</URL>
      </Bookmark>
      <Bookmark>
        <NetworkName>default</NetworkName>
        <Editable>no</Editable>
        <Index>2</Index>
        <BookmarkName>Google</BookmarkName>
        <URL>http://www.google.com/m?client={CID}&amp;source=android-home</URL>
      </Bookmark>
      <Bookmark>
        <NetworkName>default</NetworkName>
        <Editable>yes</Editable>
        <Index>3</Index>
        <BookmarkName>Galaxy Shop</BookmarkName>
        <URL>https://www.samsung.com/galaxy-shop/?cid=global_owned_app_s-internet_none_none_bookmark_bookmark_202008_none</URL>
      </Bookmark>
      <eManual>
        <URL>http://www.samsung.com/m-manual/common</URL>
      </eManual>
    </Browser>
    <Connections>
      <NbProfileHandle>4</NbProfileHandle>
      <ProfileHandle>
        <NbNetProfile>5</NbNetProfile>
        <NetworkName>3</NetworkName>
        <ProfBrowser>3</ProfBrowser>
        <ProfMMS>3MMS</ProfMMS>
        <ProfIntSharing>3hotspot</ProfIntSharing>
        <ProfIMS>IMS</ProfIMS>
        <ProfXCAP>3</ProfXCAP>
        <ProfEmergencyIMSCall>3 Emergency</ProfEmergencyIMSCall>
      </ProfileHandle>
      <ProfileHandle>
        <NbNetProfile>3</NbNetProfile>
        <NetworkName>iD</NetworkName>
        <ProfBrowser>iD Internet</ProfBrowser>
        <ProfMMS>iD MMS</ProfMMS>
        <ProfIMS>IMS</ProfIMS>
        <ProfXCAP>iD Internet</ProfXCAP>
      </ProfileHandle>
      <ProfileHandle>
        <NbNetProfile>3</NbNetProfile>
        <NetworkName>Superdrug</NetworkName>
        <ProfBrowser>Superdrug Internet</ProfBrowser>
        <ProfMMS>Superdrug MMS</ProfMMS>
        <ProfIMS>IMS</ProfIMS>
      </ProfileHandle>
      <ProfileHandle>
        <NbNetProfile>3</NbNetProfile>
        <NetworkName>SMARTY</NetworkName>
        <ProfBrowser>SMARTY Internet</ProfBrowser>
        <ProfMMS>SMARTY MMS</ProfMMS>
        <ProfIMS>IMS</ProfIMS>
      </ProfileHandle>
      <NbProfile>16</NbProfile>
      <Profile>
        <NetworkName>3</NetworkName>
        <IpVersion>ipv4v6</IpVersion>
        <RoamingIpVersion>ipv4</RoamingIpVersion>
        <Editable>no</Editable>
        <ProfileName>3</ProfileName>
        <URL>https://www.three.co.uk/landing?intid=3app_device_homepage</URL>
        <Auth>none</Auth>
        <Protocol>http</Protocol>
        <MTUSize>1440</MTUSize>
        <Proxy>
          <EnableFlag>off</EnableFlag>
        </Proxy>
        <PSparam>
          <APN>three.co.uk</APN>
        </PSparam>
      </Profile>
      <Profile>
        <NetworkName>3</NetworkName>
        <IpVersion>ipv4v6</IpVersion>
        <RoamingIpVersion>ipv4</RoamingIpVersion>
        <Editable>no</Editable>
        <ProfileName>3MMS</ProfileName>
        <URL>http://mms.um.three.co.uk:10021/mmsc</URL>
        <Auth>none</Auth>
        <Protocol>http</Protocol>
        <MTUSize>1440</MTUSize>
        <Proxy>
          <EnableFlag>on</EnableFlag>
          <ServAddr>mms.three.co.uk</ServAddr>
          <Port>8799</Port>
        </Proxy>
        <PSparam>
          <APN>three.co.uk</APN>
        </PSparam>
      </Profile>
      <Profile>
        <NetworkName>3</NetworkName>
        <Editable>no</Editable>
        <HiddenStatus>hidden</HiddenStatus>
        <ProfileName>3hotspot</ProfileName>
        <Auth>none</Auth>
        <Protocol>http</Protocol>
        <MTUSize>1440</MTUSize>
        <Proxy>
          <EnableFlag>off</EnableFlag>
        </Proxy>
        <PSparam>
          <APN>3hotspot</APN>
        </PSparam>
      </Profile>
      <Profile>
        <NetworkName>3</NetworkName>
        <IpVersion>ipv4v6</IpVersion>
        <Editable>no</Editable>
        <HiddenStatus>hidden</HiddenStatus>
        <ProfileName>IMS</ProfileName>
        <Auth>none</Auth>
        <Protocol>http</Protocol>
        <MTUSize>1440</MTUSize>
        <PSparam>
          <APN>ims</APN>
        </PSparam>
      </Profile>
      <Profile>
        <NetworkName>3</NetworkName>
        <IpVersion>ipv4v6</IpVersion>
        <Editable>no</Editable>
        <HiddenStatus>hidden</HiddenStatus>
        <ProfileName>3 Emergency</ProfileName>
        <Auth>none</Auth>
        <Protocol>http</Protocol>
        <PSparam>
          <APN />
        </PSparam>
      </Profile>
      <Profile>
        <NetworkName>iD</NetworkName>
        <Editable>no</Editable>
        <ProfileName>iD Internet</ProfileName>
        <URL>http://www.google.co.uk</URL>
        <Auth>none</Auth>
        <Bearer>ps</Bearer>
        <Protocol>http</Protocol>
        <Proxy>
          <EnableFlag>off</EnableFlag>
        </Proxy>
        <PSparam>
          <APN>id</APN>
        </PSparam>
      </Profile>
      <Profile>
        <NetworkName>iD</NetworkName>
        <Editable>no</Editable>
        <ProfileName>iD MMS</ProfileName>
        <URL>http://mms.um.idmobile.co.uk:10021/mmsc</URL>
        <Auth>none</Auth>
        <Bearer>ps</Bearer>
        <Protocol>http</Protocol>
        <Proxy>
          <EnableFlag>on</EnableFlag>
          <ServAddr>mms.idmobile.co.uk</ServAddr>
          <Port>8799</Port>
        </Proxy>
        <PSparam>
          <APN>id</APN>
        </PSparam>
      </Profile>
      <Profile>
        <NetworkName>iD</NetworkName>
        <IpVersion>ipv4v6</IpVersion>
        <Editable>no</Editable>
        <HiddenStatus>hidden</HiddenStatus>
        <ProfileName>IMS</ProfileName>
        <Auth>none</Auth>
        <Protocol>http</Protocol>
        <PSparam>
          <APN>ims</APN>
        </PSparam>
      </Profile>
      <Profile>
        <NetworkName>Superdrug</NetworkName>
        <Editable>no</Editable>
        <ProfileName>Superdrug Internet</ProfileName>
        <URL>http://www.google.co.uk</URL>
        <Auth>none</Auth>
        <Bearer>ps</Bearer>
        <Protocol>http</Protocol>
        <Proxy>
          <EnableFlag>off</EnableFlag>
        </Proxy>
        <PSparam>
          <APN>superdrug.net</APN>
        </PSparam>
      </Profile>
      <Profile>
        <NetworkName>Superdrug</NetworkName>
        <Editable>no</Editable>
        <ProfileName>Superdrug MMS</ProfileName>
        <URL>http://mms.um.three.co.uk:10021/mmsc</URL>
        <Auth>none</Auth>
        <Bearer>ps</Bearer>
        <Protocol>http</Protocol>
        <Proxy>
          <EnableFlag>on</EnableFlag>
          <ServAddr>mms.three.co.uk</ServAddr>
          <Port>8799</Port>
        </Proxy>
        <PSparam>
          <APN>superdrug.net</APN>
        </PSparam>
      </Profile>
      <Profile>
        <NetworkName>SMARTY</NetworkName>
        <Editable>no</Editable>
        <ProfileName>SMARTY Internet</ProfileName>
        <URL>http://www.google.co.uk</URL>
        <Auth>none</Auth>
        <Bearer>ps</Bearer>
        <Protocol>http</Protocol>
        <Proxy>
          <EnableFlag>off</EnableFlag>
        </Proxy>
        <PSparam>
          <APN>mob.asm.net</APN>
        </PSparam>
      </Profile>
      <Profile>
        <NetworkName>SMARTY</NetworkName>
        <Editable>no</Editable>
        <ProfileName>SMARTY MMS</ProfileName>
        <URL>http://mms.um.three.co.uk:10021/mmsc</URL>
        <Auth>none</Auth>
        <Bearer>ps</Bearer>
        <Protocol>http</Protocol>
        <Proxy>
          <EnableFlag>on</EnableFlag>
          <ServAddr>mms.three.co.uk</ServAddr>
          <Port>8799</Port>
        </Proxy>
        <PSparam>
          <APN>mob.asm.net</APN>
        </PSparam>
      </Profile>
      <Profile>
        <NetworkName>Superdrug</NetworkName>
        <IpVersion>ipv4v6</IpVersion>
        <Editable>yes</Editable>
        <HiddenStatus>hidden</HiddenStatus>
        <ProfileName>IMS</ProfileName>
        <Auth>none</Auth>
        <Protocol>http</Protocol>
        <MTUSize>1440</MTUSize>
        <PSparam>
          <APN>ims</APN>
        </PSparam>
      </Profile>
      <Profile>
        <NetworkName>SMARTY</NetworkName>
        <IpVersion>ipv4v6</IpVersion>
        <Editable>yes</Editable>
        <HiddenStatus>hidden</HiddenStatus>
        <ProfileName>IMS</ProfileName>
        <Auth>none</Auth>
        <Protocol>http</Protocol>
        <MTUSize>1440</MTUSize>
        <PSparam>
          <APN>ims</APN>
        </PSparam>
      </Profile>
      <Profile>
        <NetworkName>Superdrug</NetworkName>
        <IpVersion>ipv4v6</IpVersion>
        <Editable>yes</Editable>
        <ProfileName>IMS</ProfileName>
        <Auth>none</Auth>
        <PSparam>
          <APN>ims</APN>
        </PSparam>
      </Profile>
      <Profile>
        <NetworkName>SMARTY</NetworkName>
        <IpVersion>ipv4v6</IpVersion>
        <Editable>yes</Editable>
        <HiddenStatus>hidden</HiddenStatus>
        <ProfileName>IMS</ProfileName>
        <Auth>none</Auth>
        <PSparam>
          <APN>ims</APN>
        </PSparam>
      </Profile>
    </Connections>
  </Settings>
</CustomerData>