<?xml version="1.0" encoding="UTF-8"?>
<CustomerData>
  <GeneralInfo>
    <CSCEdition>ED0004</CSCEdition>
    <Country>Nordic</Country>
    <CountryISO>SE</CountryISO>
    <Region>EUR</Region>
    <SalesCode>NEE</SalesCode>
    <NbNetworkInfo>48</NbNetworkInfo>
    <NetworkInfo>
      <MCCMNC>90112</MCCMNC>
      <NetworkName>MCP</NetworkName>
      <NWID>NW00720</NWID>
    </NetworkInfo>
    <NetworkInfo>
      <MCCMNC>24414</MCCMNC>
      <NetworkName>Ålcom</NetworkName>
      <NWID>NW00143</NWID>
    </NetworkInfo>
    <NetworkInfo>
      <MCCMNC>24001</MCCMNC>
      <NetworkName>Halebop</NetworkName>
      <NWID>NW00535</NWID>
      <SPCode>714</SPCode>
      <ICCID>894601</ICCID>
    </NetworkInfo>
    <NetworkInfo>
      <MCCMNC>24001</MCCMNC>
      <NetworkName>Halebop S</NetworkName>
      <NWID>NW00560</NWID>
      <SPCode>704</SPCode>
    </NetworkInfo>
    <NetworkInfo>
      <MCCMNC>24491</MCCMNC>
      <NetworkName>Aina (S)</NetworkName>
      <NWID>NW00056</NWID>
      <SPCode>92</SPCode>
    </NetworkInfo>
    <NetworkInfo>
      <MCCMNC>24010</MCCMNC>
      <NetworkName>Spring</NetworkName>
      <NWID>NW01146</NWID>
    </NetworkInfo>
    <NetworkInfo>
      <MCCMNC>24201</MCCMNC>
      <NetworkName>Telenor</NetworkName>
      <NWID>NW01259</NWID>
    </NetworkInfo>
    <NetworkInfo>
      <MCCMNC>24202</MCCMNC>
      <NetworkName>Telia N</NetworkName>
      <NWID>NW01274</NWID>
      <ICCID>894708</ICCID>
    </NetworkInfo>
    <NetworkInfo>
      <MCCMNC>24205</MCCMNC>
      <NetworkName>OneCall</NetworkName>
      <NWID>NW00942</NWID>
      <ICCID>894705</ICCID>
    </NetworkInfo>
    <NetworkInfo>
      <MCCMNC>24412</MCCMNC>
      <NetworkName>DNA</NetworkName>
      <NWID>NW00407</NWID>
    </NetworkInfo>
    <NetworkInfo>
      <MCCMNC>24413</MCCMNC>
      <NetworkName>DNA</NetworkName>
      <NWID>NW00407</NWID>
    </NetworkInfo>
    <NetworkInfo>
      <MCCMNC>24412</MCCMNC>
      <NetworkName>DNA Pro</NetworkName>
      <NWID>NW00431</NWID>
      <SPCode>16</SPCode>
    </NetworkInfo>
    <NetworkInfo>
      <MCCMNC>24403</MCCMNC>
      <NetworkName>DNA</NetworkName>
      <NWID>NW00407</NWID>
    </NetworkInfo>
    <NetworkInfo>
      <MCCMNC>24405</MCCMNC>
      <NetworkName>Elisa</NetworkName>
      <NWID>NW00466</NWID>
    </NetworkInfo>
    <NetworkInfo>
      <MCCMNC>24491</MCCMNC>
      <NetworkName>Telia FI</NetworkName>
      <NWID>NW01271</NWID>
      <ICCID>8935801</ICCID>
    </NetworkInfo>
    <NetworkInfo>
      <MCCMNC>24421</MCCMNC>
      <NetworkName>Saunalahti</NetworkName>
      <NWID>NW01117</NWID>
    </NetworkInfo>
    <NetworkInfo>
      <MCCMNC>24001</MCCMNC>
      <NetworkName>S Telia</NetworkName>
      <NWID>NW01076</NWID>
      <ICCID>894601</ICCID>
    </NetworkInfo>
    <NetworkInfo>
      <MCCMNC>23801</MCCMNC>
      <NetworkName>DK TDC</NetworkName>
      <NWID>NW00401</NWID>
    </NetworkInfo>
    <NetworkInfo>
      <MCCMNC>23810</MCCMNC>
      <NetworkName>DK TDC</NetworkName>
      <NWID>NW00401</NWID>
    </NetworkInfo>
    <NetworkInfo>
      <MCCMNC>23820</MCCMNC>
      <NetworkName>TELIA DK</NetworkName>
      <NWID>NW01270</NWID>
      <ICCID>894504</ICCID>
    </NetworkInfo>
    <NetworkInfo>
      <MCCMNC>23820</MCCMNC>
      <NetworkName>CallMe</NetworkName>
      <NWID>NW01661</NWID>
      <SPCode>94</SPCode>
      <ICCID>894504</ICCID>
    </NetworkInfo>
    <NetworkInfo>
      <MCCMNC>23830</MCCMNC>
      <NetworkName>TELIA DK</NetworkName>
      <NWID>NW01270</NWID>
      <ICCID>894504</ICCID>
    </NetworkInfo>
    <NetworkInfo>
      <MCCMNC>23802</MCCMNC>
      <NetworkName>Telenor DK</NetworkName>
      <NWID>NW01261</NWID>
    </NetworkInfo>
    <NetworkInfo>
      <MCCMNC>23877</MCCMNC>
      <NetworkName>Telenor DK</NetworkName>
      <NWID>NW01261</NWID>
    </NetworkInfo>
    <NetworkInfo>
      <MCCMNC>23801</MCCMNC>
      <NetworkName>Telmore</NetworkName>
      <NWID>NW01273</NWID>
      <SPCode>381</SPCode>
    </NetworkInfo>
    <NetworkInfo>
      <MCCMNC>24007</MCCMNC>
      <NetworkName>Tele2comviq</NetworkName>
      <NWID>NW01238</NWID>
    </NetworkInfo>
    <NetworkInfo>
      <MCCMNC>24008</MCCMNC>
      <NetworkName>Telenor SE</NetworkName>
      <NWID>NW01262</NWID>
    </NetworkInfo>
    <NetworkInfo>
      <MCCMNC>24014</MCCMNC>
      <NetworkName>TDC Sweden</NetworkName>
      <NWID>NW01221</NWID>
      <SPCode>72</SPCode>
    </NetworkInfo>
    <NetworkInfo>
      <MCCMNC>23801</MCCMNC>
      <NetworkName>TDC Sweden</NetworkName>
      <NWID>NW01221</NWID>
      <SPCode>72</SPCode>
    </NetworkInfo>
    <NetworkInfo>
      <MCCMNC>24208</MCCMNC>
      <NetworkName>TDC Norway</NetworkName>
      <NWID>NW01219</NWID>
      <SPCode>71</SPCode>
    </NetworkInfo>
    <NetworkInfo>
      <MCCMNC>23801</MCCMNC>
      <NetworkName>TDC Norway</NetworkName>
      <NWID>NW01219</NWID>
      <SPCode>71</SPCode>
    </NetworkInfo>
    <NetworkInfo>
      <MCCMNC>24002</MCCMNC>
      <NetworkName>3 SE</NetworkName>
      <NWID>NW00018</NWID>
    </NetworkInfo>
    <NetworkInfo>
      <MCCMNC>27411</MCCMNC>
      <NetworkName>Nova</NetworkName>
      <NWID>NW00871</NWID>
    </NetworkInfo>
    <NetworkInfo>
      <MCCMNC>27402</MCCMNC>
      <NetworkName>Vodafone Iceland</NetworkName>
      <NWID>NW01483</NWID>
    </NetworkInfo>
    <NetworkInfo>
      <MCCMNC>27401</MCCMNC>
      <NetworkName>Siminn</NetworkName>
      <NWID>NW01123</NWID>
    </NetworkInfo>
    <NetworkInfo>
      <MCCMNC>23806</MCCMNC>
      <NetworkName>3 DK</NetworkName>
      <NWID>NW00015</NWID>
    </NetworkInfo>
    <NetworkInfo>
      <MCCMNC>29001</MCCMNC>
      <NetworkName>Tele Greenland</NetworkName>
      <NWID>NW01224</NWID>
    </NetworkInfo>
    <NetworkInfo>
      <MCCMNC>24201</MCCMNC>
      <NetworkName>Phonero</NetworkName>
      <NWID>NW00985</NWID>
      <SPCode>700</SPCode>
    </NetworkInfo>
    <NetworkInfo>
      <MCCMNC>27412</MCCMNC>
      <NetworkName>Tal</NetworkName>
      <NWID>NW01201</NWID>
    </NetworkInfo>
    <NetworkInfo>
      <MCCMNC>22201</MCCMNC>
      <NetworkName>Nova</NetworkName>
      <NWID>NW00871</NWID>
      <SPName>NOVA</SPName>
    </NetworkInfo>
    <NetworkInfo>
      <MCCMNC>24214</MCCMNC>
      <NetworkName>ice</NetworkName>
      <NWID>NW00603</NWID>
    </NetworkInfo>
    <NetworkInfo>
      <MCCMNC>24006</MCCMNC>
      <NetworkName>Vimla</NetworkName>
      <NWID>NW01595</NWID>
    </NetworkInfo>
    <NetworkInfo>
      <MCCMNC>24206</MCCMNC>
      <NetworkName>ice</NetworkName>
      <NWID>NW00603</NWID>
    </NetworkInfo>
    <NetworkInfo>
      <MCCMNC>23820</MCCMNC>
      <NetworkName>Mit Tele</NetworkName>
      <NWID>NW01662</NWID>
      <SPCode>93</SPCode>
      <ICCID>894504</ICCID>
    </NetworkInfo>
    <NetworkInfo>
      <MCCMNC>24040</MCCMNC>
      <NetworkName>Netmore Mobile Network</NetworkName>
      <NWID>NW01898</NWID>
    </NetworkInfo>
    <NetworkInfo>
      <MCCMNC>23820</MCCMNC>
      <NetworkName>Mobilevalue</NetworkName>
      <NWID>NW01907</NWID>
      <SPCode>89</SPCode>
      <ICCID>894504</ICCID>
    </NetworkInfo>
    <NetworkInfo>
      <MCCMNC>23820</MCCMNC>
      <NetworkName>Telavox</NetworkName>
      <NWID>NW01908</NWID>
      <SPCode>85</SPCode>
      <ICCID>894504</ICCID>
    </NetworkInfo>
    <NetworkInfo>
      <MCCMNC>28801</MCCMNC>
      <NetworkName>Føroya Tele</NetworkName>
      <NWID>NW01925</NWID>
    </NetworkInfo>
  </GeneralInfo>
  <Settings>
    <Main>
      <Security>
        <OneSIMLock>none</OneSIMLock>
        <SeparateLock>none</SeparateLock>
      </Security>
      <Network>
        <NbWbAmr>1</NbWbAmr>
        <WbAmr>
          <NetworkName>default</NetworkName>
          <WbAmrCodec>on</WbAmrCodec>
        </WbAmr>
        <AutoProfile>on</AutoProfile>
        <AutoVoicemail>off</AutoVoicemail>
        <AutoEmailAccount>off</AutoEmailAccount>
        <AutoBookmark>off</AutoBookmark>
        <AutoLink>off</AutoLink>
        <AutoSyncML>off</AutoSyncML>
        <AutoFastDormancy>off</AutoFastDormancy>
        <AutoWbAmr>off</AutoWbAmr>
        <AutoFOTA>off</AutoFOTA>
      </Network>
      <Sound>
        <TouchTone>off</TouchTone>
      </Sound>
      <Phone>
        <DefLanguage>en_GB</DefLanguage>
        <DefLanguageNoSIM>en_GB</DefLanguageNoSIM>
        <T9Enabling>enable</T9Enabling>
        <DateTimeFormat>
          <DateFormat>ddmmyyyy</DateFormat>
          <TimeFormat>24h</TimeFormat>
        </DateTimeFormat>
      </Phone>
    </Main>
    <Contact>
      <SavePosition>ask</SavePosition>
    </Contact>
    <Calendar>
      <StartDay>monday</StartDay>
    </Calendar>
    <Messages>
      <SMS>
        <DeliveryReport>off</DeliveryReport>
        <CharSupport>automatic</CharSupport>
        <PreviewMessage>on</PreviewMessage>
      </SMS>
      <MMS>
        <MmsSending>
          <ReqDeliveryRep>off</ReqDeliveryRep>
          <ReqReadRep>off</ReqReadRep>
          <CreationMode>free</CreationMode>
        </MmsSending>
        <MmsReceiving>
          <Home>auto</Home>
          <Roaming>manual</Roaming>
        </MmsReceiving>
      </MMS>
    </Messages>
    <Multimedia>
      <Camera>
        <ShutterSound>off</ShutterSound>
      </Camera>
    </Multimedia>
    <Browser>
      <NbBookmark>3</NbBookmark>
      <Bookmark>
        <NetworkName>default</NetworkName>
        <Editable>yes</Editable>
        <Index>1</Index>
        <Folder>Bookmarks</Folder>
        <BookmarkName>Samsung</BookmarkName>
        <URL>http://m.samsung.com</URL>
      </Bookmark>
      <Bookmark>
        <NetworkName>default</NetworkName>
        <Editable>yes</Editable>
        <Index>2</Index>
        <Folder>Bookmarks</Folder>
        <BookmarkName>Google</BookmarkName>
        <URL>http://www.google.com/m?client={CID}&amp;source=android-home</URL>
      </Bookmark>
      <Bookmark>
        <NetworkName>default</NetworkName>
        <Editable>yes</Editable>
        <Index>3</Index>
        <Folder>Bookmarks</Folder>
        <BookmarkName>Galaxy Shop</BookmarkName>
        <URL>https://www.samsung.com/mobile/?cid=global_owned_app_s-internet_none_none_bookmark_bookmark_202008_none</URL>
      </Bookmark>
      <eManual>
        <URL>http://www.samsung.com/m-manual/common</URL>
      </eManual>
    </Browser>
    <NbWifiProfile>2</NbWifiProfile>
    <WifiProfile>
      <NetworkName>S Telia</NetworkName>
      <WifiSSID>Telia wifi1x</WifiSSID>
      <WifiKeyMgmt>WPA-EAP IEEE8021X</WifiKeyMgmt>
      <WifiEAPMethod>sim</WifiEAPMethod>
      <WifiPriority>1</WifiPriority>
    </WifiProfile>
    <WifiProfile>
      <NetworkName>S Telia</NetworkName>
      <WifiSSID>homerun1x</WifiSSID>
      <WifiKeyMgmt>WPA-EAP IEEE8021X</WifiKeyMgmt>
      <WifiEAPMethod>sim</WifiEAPMethod>
      <WifiPriority>1</WifiPriority>
    </WifiProfile>
    <Connections>
      <NbProfileHandle>39</NbProfileHandle>
      <ProfileHandle>
        <NbNetProfile>2</NbNetProfile>
        <NetworkName>Ålcom</NetworkName>
        <ProfBrowser>Ålcom Internet</ProfBrowser>
        <ProfMMS>Ålcom MMS</ProfMMS>
      </ProfileHandle>
      <ProfileHandle>
        <NbNetProfile>4</NbNetProfile>
        <NetworkName>Halebop</NetworkName>
        <ProfBrowser>Halebop Internet</ProfBrowser>
        <ProfMMS>Halebop MMS</ProfMMS>
        <ProfIMS>Halebop IMS</ProfIMS>
        <ProfXCAP>Halebop XCAP</ProfXCAP>
      </ProfileHandle>
      <ProfileHandle>
        <NbNetProfile>4</NbNetProfile>
        <NetworkName>Halebop S</NetworkName>
        <ProfBrowser>Halebop Internet</ProfBrowser>
        <ProfMMS>Halebop MMS</ProfMMS>
        <ProfIMS>Halebop IMS</ProfIMS>
        <ProfXCAP>Halebop XCAP</ProfXCAP>
      </ProfileHandle>
      <ProfileHandle>
        <NbNetProfile>2</NbNetProfile>
        <NetworkName>Aina (S)</NetworkName>
        <ProfBrowser>Aina Internet (S)</ProfBrowser>
        <ProfMMS>Aina MMS (S)</ProfMMS>
      </ProfileHandle>
      <ProfileHandle>
        <NbNetProfile>2</NbNetProfile>
        <NetworkName>Spring</NetworkName>
        <ProfBrowser>Spring GPRS</ProfBrowser>
        <ProfMMS>Spring MMS</ProfMMS>
      </ProfileHandle>
      <ProfileHandle>
        <NbNetProfile>2</NbNetProfile>
        <NetworkName>Tele2comviq</NetworkName>
        <ProfBrowser>Tele2 Services</ProfBrowser>
        <ProfMMS>Tele2 Services</ProfMMS>
        <ProfIMS>Tele2 IMS</ProfIMS>
      </ProfileHandle>
      <ProfileHandle>
        <NbNetProfile>4</NbNetProfile>
        <NetworkName>DNA</NetworkName>
        <ProfBrowser>DNA Internet</ProfBrowser>
        <ProfMMS>DNA MMS</ProfMMS>
        <ProfIMS>IMS</ProfIMS>
        <ProfXCAP>hos</ProfXCAP>
      </ProfileHandle>
      <ProfileHandle>
        <NbNetProfile>4</NbNetProfile>
        <NetworkName>DNA Pro</NetworkName>
        <ProfBrowser>DNA Internet</ProfBrowser>
        <ProfMMS>DNA MMS</ProfMMS>
        <ProfIMS>IMS</ProfIMS>
        <ProfXCAP>hos</ProfXCAP>
      </ProfileHandle>
      <ProfileHandle>
        <NbNetProfile>4</NbNetProfile>
        <NetworkName>TELIA DK</NetworkName>
        <ProfBrowser>Telia SurfPort</ProfBrowser>
        <ProfMMS>Telia MMS</ProfMMS>
        <ProfIMS>IMS</ProfIMS>
        <ProfXCAP>HOS</ProfXCAP>
      </ProfileHandle>
      <ProfileHandle>
        <NbNetProfile>4</NbNetProfile>
        <NetworkName>CallMe</NetworkName>
        <ProfBrowser>Internet</ProfBrowser>
        <ProfMMS>MMS</ProfMMS>
        <ProfIMS>IMS</ProfIMS>
        <ProfXCAP>HOS</ProfXCAP>
      </ProfileHandle>
      <ProfileHandle>
        <NbNetProfile>4</NbNetProfile>
        <NetworkName>Telenor DK</NetworkName>
        <ProfBrowser>Telenor Internet</ProfBrowser>
        <ProfMMS>Telenor MMS</ProfMMS>
        <ProfIMS>ims</ProfIMS>
        <ProfXCAP>xcap</ProfXCAP>
      </ProfileHandle>
      <ProfileHandle>
        <NbNetProfile>4</NbNetProfile>
        <NetworkName>DK TDC</NetworkName>
        <ProfBrowser>TDC</ProfBrowser>
        <ProfMMS>TDC MMS</ProfMMS>
        <ProfIMS>IMS</ProfIMS>
        <ProfXCAP>XCAP</ProfXCAP>
      </ProfileHandle>
      <ProfileHandle>
        <NbNetProfile>4</NbNetProfile>
        <NetworkName>S Telia</NetworkName>
        <ProfBrowser>Telia Internet</ProfBrowser>
        <ProfMMS>Telia MMS</ProfMMS>
        <ProfIMS>Telia SE IMS</ProfIMS>
        <ProfXCAP>Telia SE XCAP</ProfXCAP>
      </ProfileHandle>
      <ProfileHandle>
        <NbNetProfile>4</NbNetProfile>
        <NetworkName>Telia FI</NetworkName>
        <ProfBrowser>Telia FI Internet</ProfBrowser>
        <ProfMMS>Telia FI MMS</ProfMMS>
        <ProfIMS>Telia FI IMS</ProfIMS>
        <ProfXCAP>Telia FI XCAP</ProfXCAP>
      </ProfileHandle>
      <ProfileHandle>
        <NbNetProfile>4</NbNetProfile>
        <NetworkName>Telenor SE</NetworkName>
        <ProfBrowser>Telenor Mobilsurf</ProfBrowser>
        <ProfMMS>Telenor MMS</ProfMMS>
        <ProfIMS>Telenor IMS</ProfIMS>
        <ProfXCAP>hos</ProfXCAP>
      </ProfileHandle>
      <ProfileHandle>
        <NbNetProfile>4</NbNetProfile>
        <NetworkName>Telia N</NetworkName>
        <ProfBrowser>Telia Mobil</ProfBrowser>
        <ProfMMS>Telia MMS</ProfMMS>
        <ProfIMS>IMS</ProfIMS>
        <ProfXCAP>XCAP</ProfXCAP>
      </ProfileHandle>
      <ProfileHandle>
        <NbNetProfile>4</NbNetProfile>
        <NetworkName>OneCall</NetworkName>
        <ProfBrowser>OneCall Internett</ProfBrowser>
        <ProfMMS>OneCall MMS</ProfMMS>
        <ProfIMS>IMS</ProfIMS>
        <ProfXCAP>XCAP</ProfXCAP>
      </ProfileHandle>
      <ProfileHandle>
        <NbNetProfile>4</NbNetProfile>
        <NetworkName>Elisa</NetworkName>
        <ProfBrowser>Elisa Internet</ProfBrowser>
        <ProfMMS>Elisa MMS</ProfMMS>
        <ProfIMS>Elisa IMS</ProfIMS>
        <ProfXCAP>Elisa XCAP</ProfXCAP>
      </ProfileHandle>
      <ProfileHandle>
        <NbNetProfile>2</NbNetProfile>
        <NetworkName>Saunalahti</NetworkName>
        <ProfBrowser>Saunalahti Internet</ProfBrowser>
        <ProfMMS>Saunalahti MMS</ProfMMS>
      </ProfileHandle>
      <ProfileHandle>
        <NbNetProfile>4</NbNetProfile>
        <NetworkName>Telmore</NetworkName>
        <ProfBrowser>Telmore Internet</ProfBrowser>
        <ProfMMS>Telmore MMS</ProfMMS>
        <ProfIMS>IMS</ProfIMS>
        <ProfXCAP>XCAP</ProfXCAP>
      </ProfileHandle>
      <ProfileHandle>
        <NbNetProfile>2</NbNetProfile>
        <NetworkName>TDC Sweden</NetworkName>
        <ProfBrowser>TDC Internet Sweden</ProfBrowser>
        <ProfMMS>TDC MMS Sweden</ProfMMS>
      </ProfileHandle>
      <ProfileHandle>
        <NbNetProfile>2</NbNetProfile>
        <NetworkName>TDC Norway</NetworkName>
        <ProfBrowser>TDC Internet Norway</ProfBrowser>
        <ProfMMS>TDC MMS Norway</ProfMMS>
      </ProfileHandle>
      <ProfileHandle>
        <NbNetProfile>2</NbNetProfile>
        <NetworkName>Siminn</NetworkName>
        <ProfBrowser>Siminn Internet</ProfBrowser>
        <ProfMMS>Siminn MMS</ProfMMS>
      </ProfileHandle>
      <ProfileHandle>
        <NbNetProfile>2</NbNetProfile>
        <NetworkName>Vodafone Iceland</NetworkName>
        <ProfBrowser>Vodafone Internet</ProfBrowser>
        <ProfMMS>Vodafone MMS</ProfMMS>
      </ProfileHandle>
      <ProfileHandle>
        <NbNetProfile>3</NbNetProfile>
        <NetworkName>Nova</NetworkName>
        <ProfBrowser>Nova net</ProfBrowser>
        <ProfMMS>Nova MMS</ProfMMS>
        <ProfIMS>IMS</ProfIMS>
        <ProfXCAP>Nova net</ProfXCAP>
      </ProfileHandle>
      <ProfileHandle>
        <NbNetProfile>4</NbNetProfile>
        <NetworkName>3 DK</NetworkName>
        <ProfBrowser>3 Locked</ProfBrowser>
        <ProfMMS>3mms</ProfMMS>
        <ProfIMS>ims</ProfIMS>
        <ProfXCAP>3 Locked</ProfXCAP>
        <ProfEpdgXCAP>services</ProfEpdgXCAP>
        <ProfEpdgMMS>services</ProfEpdgMMS>
      </ProfileHandle>
      <ProfileHandle>
        <NbNetProfile>5</NbNetProfile>
        <NetworkName>3 SE</NetworkName>
        <ProfBrowser>3</ProfBrowser>
        <ProfMMS>3mms</ProfMMS>
        <ProfIMS>ims</ProfIMS>
        <ProfXCAP>3 XCAP</ProfXCAP>
        <ProfEpdgXCAP>services</ProfEpdgXCAP>
        <ProfEpdgMMS>services</ProfEpdgMMS>
      </ProfileHandle>
      <ProfileHandle>
        <NbNetProfile>4</NbNetProfile>
        <NetworkName>Telenor</NetworkName>
        <ProfBrowser>Telenor</ProfBrowser>
        <ProfMMS>Telenor MMS</ProfMMS>
        <ProfIMS>Telenor IMS</ProfIMS>
        <ProfXCAP>Telenor XCAP</ProfXCAP>
      </ProfileHandle>
      <ProfileHandle>
        <NbNetProfile>2</NbNetProfile>
        <NetworkName>Tele Greenland</NetworkName>
        <ProfBrowser>Tele Internet</ProfBrowser>
        <ProfMMS>Tele MMS</ProfMMS>
      </ProfileHandle>
      <ProfileHandle>
        <NbNetProfile>2</NbNetProfile>
        <NetworkName>Phonero</NetworkName>
        <ProfBrowser>Phonero Internett</ProfBrowser>
        <ProfMMS>Phonero MMS</ProfMMS>
      </ProfileHandle>
      <ProfileHandle>
        <NbNetProfile>2</NbNetProfile>
        <NetworkName>Tal</NetworkName>
        <ProfBrowser>Tal Internet</ProfBrowser>
        <ProfMMS>Tal MMS</ProfMMS>
      </ProfileHandle>
      <ProfileHandle>
        <NbNetProfile>1</NbNetProfile>
        <NetworkName>MCP</NetworkName>
        <ProfBrowser>internet</ProfBrowser>
      </ProfileHandle>
      <ProfileHandle>
        <NbNetProfile>3</NbNetProfile>
        <NetworkName>ice</NetworkName>
        <ProfBrowser>ice.net Internet</ProfBrowser>
        <ProfMMS>ice.net MMS</ProfMMS>
        <ProfIMS>IMS</ProfIMS>
      </ProfileHandle>
      <ProfileHandle>
        <NbNetProfile>2</NbNetProfile>
        <NetworkName>Vimla</NetworkName>
        <ProfBrowser>Internet</ProfBrowser>
        <ProfMMS>MMS</ProfMMS>
      </ProfileHandle>
      <ProfileHandle>
        <NbNetProfile>4</NbNetProfile>
        <NetworkName>Mit Tele</NetworkName>
        <ProfBrowser>Internet</ProfBrowser>
        <ProfMMS>MMS</ProfMMS>
        <ProfIMS>IMS</ProfIMS>
        <ProfXCAP>HOS</ProfXCAP>
      </ProfileHandle>
      <ProfileHandle>
        <NbNetProfile>1</NbNetProfile>
        <NetworkName>Netmore Mobile Network</NetworkName>
        <ProfBrowser>Netmore Mobile Network</ProfBrowser>
      </ProfileHandle>
      <ProfileHandle>
        <NbNetProfile>4</NbNetProfile>
        <NetworkName>Mobilevalue</NetworkName>
        <ProfBrowser>Mobilevalue SurfPort</ProfBrowser>
        <ProfMMS>Mobilevalue MMS</ProfMMS>
        <ProfIMS>IMS</ProfIMS>
        <ProfXCAP>HOS</ProfXCAP>
      </ProfileHandle>
      <ProfileHandle>
        <NbNetProfile>4</NbNetProfile>
        <NetworkName>Telavox</NetworkName>
        <ProfBrowser>Telavox SurfPort</ProfBrowser>
        <ProfMMS>Telavox MMS</ProfMMS>
        <ProfIMS>IMS</ProfIMS>
        <ProfXCAP>HOS</ProfXCAP>
      </ProfileHandle>
      <ProfileHandle>
        <NbNetProfile>1</NbNetProfile>
        <NetworkName>Føroya Tele</NetworkName>
        <ProfBrowser>FT</ProfBrowser>
      </ProfileHandle>
      <NbProfile>121</NbProfile>
      <Profile>
        <NetworkName>MCP</NetworkName>
        <Editable>yes</Editable>
        <ProfileName>internet</ProfileName>
        <Bearer>ps</Bearer>
        <Protocol>http</Protocol>
        <PSparam>
          <APN>internet</APN>
        </PSparam>
      </Profile>
      <Profile>
        <NetworkName>Ålcom</NetworkName>
        <Editable>yes</Editable>
        <ProfileName>Ålcom Internet</ProfileName>
        <Auth>normal</Auth>
        <Bearer>ps</Bearer>
        <Protocol>http</Protocol>
        <Proxy>
          <EnableFlag>off</EnableFlag>
        </Proxy>
        <PSparam>
          <APN>internet</APN>
        </PSparam>
      </Profile>
      <Profile>
        <NetworkName>Ålcom</NetworkName>
        <Editable>yes</Editable>
        <ProfileName>Ålcom MMS</ProfileName>
        <URL>http://mms.amt.aland.fi</URL>
        <Auth>normal</Auth>
        <Bearer>ps</Bearer>
        <Protocol>http</Protocol>
        <Proxy>
          <EnableFlag>on</EnableFlag>
          <ServAddr>194.110.177.70</ServAddr>
          <Port>8080</Port>
        </Proxy>
        <PSparam>
          <APN>internet</APN>
        </PSparam>
      </Profile>
      <Profile>
        <NetworkName>Halebop</NetworkName>
        <IpVersion>ipv4v6</IpVersion>
        <RoamingIpVersion>ipv4v6</RoamingIpVersion>
        <Editable>yes</Editable>
        <ProfileName>Halebop Internet</ProfileName>
        <Auth>none</Auth>
        <Bearer>ps</Bearer>
        <Protocol>http</Protocol>
        <Proxy>
          <EnableFlag>off</EnableFlag>
        </Proxy>
        <PSparam>
          <APN>halebop.telia.se</APN>
        </PSparam>
      </Profile>
      <Profile>
        <NetworkName>Halebop</NetworkName>
        <IpVersion>ipv4v6</IpVersion>
        <RoamingIpVersion>ipv4v6</RoamingIpVersion>
        <Editable>yes</Editable>
        <ProfileName>Halebop MMS</ProfileName>
        <URL>http://mmsc</URL>
        <Auth>none</Auth>
        <Bearer>ps</Bearer>
        <Protocol>http</Protocol>
        <Proxy>
          <EnableFlag>on</EnableFlag>
          <ServAddr>193.209.134.132</ServAddr>
          <Port>80</Port>
        </Proxy>
        <PSparam>
          <APN>mms.telia.se</APN>
        </PSparam>
      </Profile>
      <Profile>
        <NetworkName>Halebop S</NetworkName>
        <IpVersion>ipv4v6</IpVersion>
        <RoamingIpVersion>ipv4v6</RoamingIpVersion>
        <Editable>yes</Editable>
        <ProfileName>Halebop Internet</ProfileName>
        <Auth>none</Auth>
        <Bearer>ps</Bearer>
        <Protocol>http</Protocol>
        <Proxy>
          <EnableFlag>off</EnableFlag>
        </Proxy>
        <PSparam>
          <APN>halebop.telia.se</APN>
        </PSparam>
      </Profile>
      <Profile>
        <NetworkName>Halebop S</NetworkName>
        <IpVersion>ipv4v6</IpVersion>
        <RoamingIpVersion>ipv4v6</RoamingIpVersion>
        <Editable>yes</Editable>
        <ProfileName>Halebop MMS</ProfileName>
        <URL>http://mmsc</URL>
        <Auth>none</Auth>
        <Bearer>ps</Bearer>
        <Protocol>http</Protocol>
        <Proxy>
          <EnableFlag>on</EnableFlag>
          <ServAddr>193.209.134.132</ServAddr>
          <Port>80</Port>
        </Proxy>
        <PSparam>
          <APN>mms.telia.se</APN>
        </PSparam>
      </Profile>
      <Profile>
        <NetworkName>Aina (S)</NetworkName>
        <Editable>yes</Editable>
        <ProfileName>Aina Internet (S)</ProfileName>
        <Auth>normal</Auth>
        <Bearer>ps</Bearer>
        <Protocol>http</Protocol>
        <Proxy>
          <EnableFlag>off</EnableFlag>
        </Proxy>
        <PSparam>
          <APN>internet.aina.fi</APN>
        </PSparam>
      </Profile>
      <Profile>
        <NetworkName>Aina (S)</NetworkName>
        <Editable>yes</Editable>
        <ProfileName>Aina MMS (S)</ProfileName>
        <URL>http://mms.sonera.fi:8002/</URL>
        <Auth>normal</Auth>
        <Bearer>ps</Bearer>
        <Protocol>http</Protocol>
        <Proxy>
          <EnableFlag>on</EnableFlag>
          <ServAddr>195.156.25.33</ServAddr>
          <Port>80</Port>
        </Proxy>
        <PSparam>
          <APN>mediapiste</APN>
        </PSparam>
      </Profile>
      <Profile>
        <NetworkName>Spring</NetworkName>
        <Editable>yes</Editable>
        <ProfileName>Spring MMS</ProfileName>
        <URL>http://mmsc.tele2.se</URL>
        <Auth>normal</Auth>
        <Bearer>ps</Bearer>
        <Protocol>http</Protocol>
        <Proxy>
          <EnableFlag>on</EnableFlag>
          <ServAddr>130.244.202.30</ServAddr>
          <Port>8080</Port>
        </Proxy>
        <PSparam>
          <APN>mms.springmobil.se</APN>
        </PSparam>
      </Profile>
      <Profile>
        <NetworkName>Spring</NetworkName>
        <Editable>yes</Editable>
        <ProfileName>Spring GPRS</ProfileName>
        <Auth>normal</Auth>
        <Bearer>ps</Bearer>
        <Protocol>http</Protocol>
        <Proxy>
          <EnableFlag>off</EnableFlag>
        </Proxy>
        <PSparam>
          <APN>data.springmobil.se</APN>
        </PSparam>
      </Profile>
      <Profile>
        <NetworkName>Tele2comviq</NetworkName>
        <IpVersion>ipv4v6</IpVersion>
        <Editable>yes</Editable>
        <ProfileName>Tele2 Services</ProfileName>
        <Auth>none</Auth>
        <Bearer>ps</Bearer>
        <Protocol>http</Protocol>
        <Proxy>
          <EnableFlag>off</EnableFlag>
        </Proxy>
        <PSparam>
          <APN>internet.tele2.se</APN>
        </PSparam>
      </Profile>
      <Profile>
        <NetworkName>Tele2comviq</NetworkName>
        <IpVersion>ipv4v6</IpVersion>
        <Editable>yes</Editable>
        <ProfileName>Tele2 Services</ProfileName>
        <URL>http://mmsc.tele2.se</URL>
        <Auth>none</Auth>
        <Bearer>ps</Bearer>
        <Protocol>http</Protocol>
        <Proxy>
          <EnableFlag>on</EnableFlag>
          <ServAddr>mmsproxy.tele2.se</ServAddr>
          <Port>8080</Port>
        </Proxy>
        <PSparam>
          <APN>internet.tele2.se</APN>
        </PSparam>
      </Profile>
      <Profile>
        <NetworkName>DNA</NetworkName>
        <IpVersion>ipv4v6</IpVersion>
        <Editable>yes</Editable>
        <ProfileName>DNA Internet</ProfileName>
        <Auth>normal</Auth>
        <Bearer>ps</Bearer>
        <Protocol>http</Protocol>
        <Proxy>
          <EnableFlag>off</EnableFlag>
        </Proxy>
        <PSparam>
          <APN>internet</APN>
        </PSparam>
      </Profile>
      <Profile>
        <NetworkName>DNA</NetworkName>
        <Editable>yes</Editable>
        <ProfileName>DNA MMS</ProfileName>
        <URL>http://mmsc.dnafinland.fi</URL>
        <Auth>normal</Auth>
        <Bearer>ps</Bearer>
        <Protocol>http</Protocol>
        <Proxy>
          <EnableFlag>on</EnableFlag>
          <ServAddr>10.1.1.2</ServAddr>
          <Port>8080</Port>
        </Proxy>
        <PSparam>
          <APN>mms</APN>
        </PSparam>
      </Profile>
      <Profile>
        <NetworkName>DNA Pro</NetworkName>
        <IpVersion>ipv4v6</IpVersion>
        <Editable>yes</Editable>
        <ProfileName>DNA Internet</ProfileName>
        <Auth>normal</Auth>
        <Bearer>ps</Bearer>
        <Protocol>http</Protocol>
        <Proxy>
          <EnableFlag>off</EnableFlag>
        </Proxy>
        <PSparam>
          <APN>internet</APN>
        </PSparam>
      </Profile>
      <Profile>
        <NetworkName>DNA Pro</NetworkName>
        <Editable>yes</Editable>
        <ProfileName>DNA MMS</ProfileName>
        <URL>http://mmsc.dnafinland.fi</URL>
        <Auth>normal</Auth>
        <Bearer>ps</Bearer>
        <Protocol>http</Protocol>
        <Proxy>
          <EnableFlag>on</EnableFlag>
          <ServAddr>10.1.1.2</ServAddr>
          <Port>8080</Port>
        </Proxy>
        <PSparam>
          <APN>mms</APN>
        </PSparam>
      </Profile>
      <Profile>
        <NetworkName>TELIA DK</NetworkName>
        <Editable>yes</Editable>
        <ProfileName>Telia SurfPort</ProfileName>
        <Auth>normal</Auth>
        <Bearer>ps</Bearer>
        <Protocol>http</Protocol>
        <Proxy>
          <EnableFlag>off</EnableFlag>
        </Proxy>
        <PSparam>
          <APN>www.internet.mtelia.dk</APN>
        </PSparam>
      </Profile>
      <Profile>
        <NetworkName>TELIA DK</NetworkName>
        <Editable>yes</Editable>
        <ProfileName>Telia MMS</ProfileName>
        <URL>http://mms.telia.dk</URL>
        <Auth>normal</Auth>
        <Bearer>ps</Bearer>
        <Protocol>http</Protocol>
        <Proxy>
          <EnableFlag>on</EnableFlag>
          <ServAddr>193.209.134.131</ServAddr>
          <Port>8080</Port>
        </Proxy>
        <PSparam>
          <APN>www.mms.mtelia.dk</APN>
        </PSparam>
      </Profile>
      <Profile>
        <NetworkName>CallMe</NetworkName>
        <Editable>yes</Editable>
        <ProfileName>Internet</ProfileName>
        <Auth>normal</Auth>
        <Bearer>ps</Bearer>
        <Protocol>http</Protocol>
        <Proxy>
          <EnableFlag>off</EnableFlag>
        </Proxy>
        <PSparam>
          <APN>websp</APN>
        </PSparam>
      </Profile>
      <Profile>
        <NetworkName>CallMe</NetworkName>
        <Editable>yes</Editable>
        <ProfileName>MMS</ProfileName>
        <URL>http://mms.telia.dk</URL>
        <Auth>normal</Auth>
        <Bearer>ps</Bearer>
        <Protocol>http</Protocol>
        <Proxy>
          <EnableFlag>on</EnableFlag>
          <ServAddr>193.209.134.131</ServAddr>
          <Port>8080</Port>
        </Proxy>
        <PSparam>
          <APN>www.mms.mtelia.dk</APN>
        </PSparam>
      </Profile>
      <Profile>
        <NetworkName>Telenor DK</NetworkName>
        <Editable>yes</Editable>
        <ProfileName>Telenor Internet</ProfileName>
        <Auth>normal</Auth>
        <Bearer>ps</Bearer>
        <Protocol>http</Protocol>
        <Proxy>
          <EnableFlag>off</EnableFlag>
        </Proxy>
        <PSparam>
          <APN>internet</APN>
        </PSparam>
      </Profile>
      <Profile>
        <NetworkName>Telenor DK</NetworkName>
        <Editable>yes</Editable>
        <ProfileName>Telenor MMS</ProfileName>
        <URL>http://mms.telenor.dk</URL>
        <Auth>normal</Auth>
        <Bearer>ps</Bearer>
        <Protocol>http</Protocol>
        <Proxy>
          <EnableFlag>on</EnableFlag>
          <ServAddr>212.88.64.8</ServAddr>
          <Port>8080</Port>
        </Proxy>
        <PSparam>
          <APN>telenor</APN>
        </PSparam>
      </Profile>
      <Profile>
        <NetworkName>S Telia</NetworkName>
        <IpVersion>ipv4v6</IpVersion>
        <RoamingIpVersion>ipv4v6</RoamingIpVersion>
        <Editable>yes</Editable>
        <ProfileName>Telia Internet</ProfileName>
        <Auth>none</Auth>
        <Bearer>ps</Bearer>
        <Protocol>http</Protocol>
        <PSparam>
          <APN>online.telia.se</APN>
        </PSparam>
      </Profile>
      <Profile>
        <NetworkName>S Telia</NetworkName>
        <IpVersion>ipv4v6</IpVersion>
        <RoamingIpVersion>ipv4v6</RoamingIpVersion>
        <Editable>yes</Editable>
        <ProfileName>Telia MMS</ProfileName>
        <URL>http://mmsc</URL>
        <Auth>none</Auth>
        <Bearer>ps</Bearer>
        <Protocol>http</Protocol>
        <Proxy>
          <EnableFlag>on</EnableFlag>
          <ServAddr>193.209.134.132</ServAddr>
          <Port>80</Port>
        </Proxy>
        <PSparam>
          <APN>mms.telia.se</APN>
        </PSparam>
      </Profile>
      <Profile>
        <NetworkName>Telia FI</NetworkName>
        <Editable>yes</Editable>
        <ProfileName>Telia FI Internet</ProfileName>
        <Auth>normal</Auth>
        <Bearer>ps</Bearer>
        <Protocol>http</Protocol>
        <Proxy>
          <EnableFlag>off</EnableFlag>
        </Proxy>
        <PSparam>
          <APN>internet</APN>
        </PSparam>
      </Profile>
      <Profile>
        <NetworkName>Telia FI</NetworkName>
        <Editable>yes</Editable>
        <ProfileName>Telia FI MMS</ProfileName>
        <URL>http://mms/</URL>
        <Auth>normal</Auth>
        <Bearer>ps</Bearer>
        <Protocol>http</Protocol>
        <Proxy>
          <EnableFlag>on</EnableFlag>
          <ServAddr>195.156.25.33</ServAddr>
          <Port>8080</Port>
        </Proxy>
        <PSparam>
          <APN>mms</APN>
        </PSparam>
      </Profile>
      <Profile>
        <NetworkName>Telenor SE</NetworkName>
        <Editable>yes</Editable>
        <ProfileName>Telenor Mobilsurf</ProfileName>
        <Auth>normal</Auth>
        <Bearer>ps</Bearer>
        <Protocol>http</Protocol>
        <Proxy>
          <EnableFlag>off</EnableFlag>
        </Proxy>
        <PSparam>
          <APN>services.telenor.se</APN>
        </PSparam>
      </Profile>
      <Profile>
        <NetworkName>Telenor SE</NetworkName>
        <Editable>yes</Editable>
        <ProfileName>Telenor MMS</ProfileName>
        <URL>http://mms</URL>
        <Auth>normal</Auth>
        <Bearer>ps</Bearer>
        <Protocol>http</Protocol>
        <Proxy>
          <EnableFlag>on</EnableFlag>
          <ServAddr>172.30.253.241</ServAddr>
          <Port>8799</Port>
        </Proxy>
        <PSparam>
          <APN>mms</APN>
        </PSparam>
      </Profile>
      <Profile>
        <NetworkName>DK TDC</NetworkName>
        <Editable>yes</Editable>
        <ProfileName>TDC</ProfileName>
        <Auth>normal</Auth>
        <Bearer>ps</Bearer>
        <Protocol>http</Protocol>
        <PSparam>
          <APN>internet</APN>
        </PSparam>
      </Profile>
      <Profile>
        <NetworkName>DK TDC</NetworkName>
        <Editable>yes</Editable>
        <ProfileName>TDC MMS</ProfileName>
        <URL>http://mmsc.tdc.dk:8002</URL>
        <Auth>normal</Auth>
        <Bearer>ps</Bearer>
        <Protocol>http</Protocol>
        <Proxy>
          <EnableFlag>on</EnableFlag>
          <ServAddr>inetproxy.tdc.dk</ServAddr>
          <Port>8080</Port>
        </Proxy>
        <PSparam>
          <APN>mms</APN>
        </PSparam>
      </Profile>
      <Profile>
        <NetworkName>TDC Sweden</NetworkName>
        <Editable>yes</Editable>
        <ProfileName>TDC Internet Sweden</ProfileName>
        <Auth>normal</Auth>
        <Bearer>ps</Bearer>
        <Protocol>http</Protocol>
        <Proxy>
          <EnableFlag>off</EnableFlag>
        </Proxy>
        <PSparam>
          <APN>internet.se</APN>
        </PSparam>
      </Profile>
      <Profile>
        <NetworkName>TDC Sweden</NetworkName>
        <Editable>yes</Editable>
        <ProfileName>TDC MMS Sweden</ProfileName>
        <URL>http://mmsc.tdc.dk:8002</URL>
        <Auth>normal</Auth>
        <Bearer>ps</Bearer>
        <Protocol>http</Protocol>
        <Proxy>
          <EnableFlag>on</EnableFlag>
          <ServAddr>inetproxy.tdc.dk</ServAddr>
          <Port>8080</Port>
        </Proxy>
        <PSparam>
          <APN>mms</APN>
        </PSparam>
      </Profile>
      <Profile>
        <NetworkName>TDC Norway</NetworkName>
        <Editable>yes</Editable>
        <ProfileName>TDC Internet Norway</ProfileName>
        <Auth>normal</Auth>
        <Bearer>ps</Bearer>
        <Protocol>http</Protocol>
        <Proxy>
          <EnableFlag>off</EnableFlag>
        </Proxy>
        <PSparam>
          <APN>internet.no</APN>
        </PSparam>
      </Profile>
      <Profile>
        <NetworkName>TDC Norway</NetworkName>
        <Editable>yes</Editable>
        <ProfileName>TDC MMS Norway</ProfileName>
        <URL>http://mmsc.tdc.dk:8002</URL>
        <Auth>normal</Auth>
        <Bearer>ps</Bearer>
        <Protocol>http</Protocol>
        <Proxy>
          <EnableFlag>on</EnableFlag>
          <ServAddr>inetproxy.tdc.dk</ServAddr>
          <Port>8080</Port>
        </Proxy>
        <PSparam>
          <APN>MMS</APN>
        </PSparam>
      </Profile>
      <Profile>
        <NetworkName>Telenor</NetworkName>
        <IpVersion>ipv4v6</IpVersion>
        <Editable>yes</Editable>
        <ProfileName>Telenor</ProfileName>
        <Auth>normal</Auth>
        <Bearer>ps</Bearer>
        <Protocol>http</Protocol>
        <PSparam>
          <APN>telenor.smart</APN>
        </PSparam>
      </Profile>
      <Profile>
        <NetworkName>Telenor</NetworkName>
        <IpVersion>ipv4v6</IpVersion>
        <Editable>yes</Editable>
        <ProfileName>Telenor MMS</ProfileName>
        <URL>http://mmsc/</URL>
        <Auth>normal</Auth>
        <Bearer>ps</Bearer>
        <Protocol>http</Protocol>
        <Proxy>
          <EnableFlag>on</EnableFlag>
          <ServAddr>mms-proxy.telenor.no</ServAddr>
          <Port>8080</Port>
        </Proxy>
        <PSparam>
          <APN>telenor.smart</APN>
        </PSparam>
      </Profile>
      <Profile>
        <NetworkName>Telia N</NetworkName>
        <IpVersion>ipv4v6</IpVersion>
        <RoamingIpVersion>ipv4v6</RoamingIpVersion>
        <Editable>yes</Editable>
        <ProfileName>Telia Mobil</ProfileName>
        <Auth>normal</Auth>
        <Bearer>ps</Bearer>
        <Protocol>http</Protocol>
        <PSparam>
          <APN>telia</APN>
        </PSparam>
      </Profile>
      <Profile>
        <NetworkName>Telia N</NetworkName>
        <IpVersion>ipv4v6</IpVersion>
        <RoamingIpVersion>ipv4v6</RoamingIpVersion>
        <Editable>yes</Editable>
        <ProfileName>Telia MMS</ProfileName>
        <URL>http://mm</URL>
        <Auth>normal</Auth>
        <Bearer>ps</Bearer>
        <Protocol>http</Protocol>
        <Proxy>
          <EnableFlag>on</EnableFlag>
          <ServAddr>212.169.66.4</ServAddr>
          <Port>8080</Port>
        </Proxy>
        <PSparam>
          <APN>mms</APN>
        </PSparam>
      </Profile>
      <Profile>
        <NetworkName>OneCall</NetworkName>
        <IpVersion>ipv4v6</IpVersion>
        <RoamingIpVersion>ipv4v6</RoamingIpVersion>
        <Editable>yes</Editable>
        <ProfileName>OneCall Internett</ProfileName>
        <Auth>normal</Auth>
        <Bearer>ps</Bearer>
        <Protocol>http</Protocol>
        <PSparam>
          <APN>internet</APN>
        </PSparam>
      </Profile>
      <Profile>
        <NetworkName>OneCall</NetworkName>
        <IpVersion>ipv4v6</IpVersion>
        <RoamingIpVersion>ipv4v6</RoamingIpVersion>
        <Editable>yes</Editable>
        <ProfileName>OneCall MMS</ProfileName>
        <URL>http://mmsc/</URL>
        <Auth>normal</Auth>
        <Bearer>ps</Bearer>
        <Protocol>http</Protocol>
        <Proxy>
          <EnableFlag>on</EnableFlag>
          <ServAddr>10.100.100.100</ServAddr>
          <Port>80</Port>
        </Proxy>
        <PSparam>
          <APN>mms</APN>
        </PSparam>
      </Profile>
      <Profile>
        <NetworkName>OneCall</NetworkName>
        <IpVersion>ipv4v6</IpVersion>
        <RoamingIpVersion>ipv4v6</RoamingIpVersion>
        <Editable>yes</Editable>
        <HiddenStatus>hidden</HiddenStatus>
        <ProfileName>IMS</ProfileName>
        <Auth>none</Auth>
        <Protocol>http</Protocol>
        <MTUSize>1300</MTUSize>
        <PSparam>
          <APN>ims</APN>
        </PSparam>
      </Profile>
      <Profile>
        <NetworkName>OneCall</NetworkName>
        <IpVersion>ipv4v6</IpVersion>
        <RoamingIpVersion>ipv4v6</RoamingIpVersion>
        <Editable>yes</Editable>
        <HiddenStatus>hidden</HiddenStatus>
        <ProfileName>XCAP</ProfileName>
        <Auth>none</Auth>
        <Protocol>http</Protocol>
        <MTUSize>1300</MTUSize>
        <PSparam>
          <APN>hos</APN>
        </PSparam>
      </Profile>
      <Profile>
        <NetworkName>Elisa</NetworkName>
        <IpVersion>ipv4v6</IpVersion>
        <Editable>yes</Editable>
        <ProfileName>Elisa Internet</ProfileName>
        <Auth>normal</Auth>
        <Bearer>ps</Bearer>
        <Protocol>http</Protocol>
        <PSparam>
          <APN>internet</APN>
        </PSparam>
      </Profile>
      <Profile>
        <NetworkName>Elisa</NetworkName>
        <Editable>yes</Editable>
        <ProfileName>Elisa MMS</ProfileName>
        <URL>http://mms.elisa.fi</URL>
        <Auth>normal</Auth>
        <Bearer>ps</Bearer>
        <Protocol>http</Protocol>
        <Proxy>
          <EnableFlag>on</EnableFlag>
          <ServAddr>213.161.41.57</ServAddr>
          <Port>80</Port>
        </Proxy>
        <PSparam>
          <APN>mms</APN>
        </PSparam>
      </Profile>
      <Profile>
        <NetworkName>Saunalahti</NetworkName>
        <IpVersion>ipv4v6</IpVersion>
        <Editable>yes</Editable>
        <ProfileName>Saunalahti Internet</ProfileName>
        <Auth>normal</Auth>
        <Bearer>ps</Bearer>
        <Protocol>http</Protocol>
        <PSparam>
          <APN>internet.saunalahti</APN>
        </PSparam>
      </Profile>
      <Profile>
        <NetworkName>Saunalahti</NetworkName>
        <Editable>yes</Editable>
        <ProfileName>Saunalahti MMS</ProfileName>
        <URL>http://mms.saunalahti.fi:8002</URL>
        <Auth>normal</Auth>
        <Bearer>ps</Bearer>
        <Protocol>http</Protocol>
        <Proxy>
          <EnableFlag>on</EnableFlag>
          <ServAddr>62.142.4.197</ServAddr>
          <Port>8080</Port>
        </Proxy>
        <PSparam>
          <APN>mms.saunalahti.fi</APN>
        </PSparam>
      </Profile>
      <Profile>
        <NetworkName>Telmore</NetworkName>
        <Editable>yes</Editable>
        <ProfileName>Telmore Internet</ProfileName>
        <Auth>normal</Auth>
        <Bearer>ps</Bearer>
        <Protocol>http</Protocol>
        <Proxy>
          <EnableFlag>off</EnableFlag>
        </Proxy>
        <PSparam>
          <APN>internet</APN>
        </PSparam>
      </Profile>
      <Profile>
        <NetworkName>Telmore</NetworkName>
        <Editable>yes</Editable>
        <ProfileName>Telmore MMS</ProfileName>
        <URL>http://mmsc.tdc.dk:8002</URL>
        <Auth>normal</Auth>
        <Bearer>ps</Bearer>
        <Protocol>http</Protocol>
        <Proxy>
          <EnableFlag>on</EnableFlag>
          <ServAddr>inetproxy.tdc.dk</ServAddr>
          <Port>8080</Port>
        </Proxy>
        <PSparam>
          <APN>mms</APN>
        </PSparam>
      </Profile>
      <Profile>
        <NetworkName>Vodafone Iceland</NetworkName>
        <Editable>yes</Editable>
        <ProfileName>Vodafone Internet</ProfileName>
        <Auth>normal</Auth>
        <Bearer>ps</Bearer>
        <Protocol>http</Protocol>
        <PSparam>
          <APN>gprs.is</APN>
        </PSparam>
      </Profile>
      <Profile>
        <NetworkName>Vodafone Iceland</NetworkName>
        <Editable>yes</Editable>
        <ProfileName>Vodafone MMS</ProfileName>
        <URL>http://mmsc.vodafone.is</URL>
        <Auth>none</Auth>
        <Bearer>ps</Bearer>
        <Protocol>http</Protocol>
        <Proxy>
          <EnableFlag>on</EnableFlag>
          <ServAddr>10.22.0.10</ServAddr>
          <Port>8080</Port>
        </Proxy>
        <PSparam>
          <APN>mms.gprs.is</APN>
        </PSparam>
      </Profile>
      <Profile>
        <NetworkName>Siminn</NetworkName>
        <Editable>yes</Editable>
        <ProfileName>Siminn Internet</ProfileName>
        <URL>http://m.siminn.is</URL>
        <Auth>normal</Auth>
        <Bearer>ps</Bearer>
        <Protocol>http</Protocol>
        <Proxy>
          <EnableFlag>off</EnableFlag>
        </Proxy>
        <PSparam>
          <APN>internet</APN>
        </PSparam>
      </Profile>
      <Profile>
        <NetworkName>Siminn</NetworkName>
        <Editable>yes</Editable>
        <ProfileName>Siminn MMS</ProfileName>
        <URL>http://mms.simi.is/servlets/mms</URL>
        <Auth>normal</Auth>
        <Bearer>ps</Bearer>
        <Protocol>http</Protocol>
        <Proxy>
          <EnableFlag>on</EnableFlag>
          <ServAddr>213.167.138.200</ServAddr>
          <Port>8080</Port>
        </Proxy>
        <PSparam>
          <APN>mms.simi.is</APN>
        </PSparam>
      </Profile>
      <Profile>
        <NetworkName>Nova</NetworkName>
        <IpVersion>ipv4v6</IpVersion>
        <Editable>yes</Editable>
        <ProfileName>Nova net</ProfileName>
        <URL>http://m.nova.is</URL>
        <Auth>normal</Auth>
        <Bearer>ps</Bearer>
        <Protocol>http</Protocol>
        <Proxy>
          <EnableFlag>off</EnableFlag>
        </Proxy>
        <PSparam>
          <APN>net.nova.is</APN>
        </PSparam>
      </Profile>
      <Profile>
        <NetworkName>Nova</NetworkName>
        <Editable>yes</Editable>
        <ProfileName>Nova MMS</ProfileName>
        <URL>http://mmsc.nova.is</URL>
        <Auth>normal</Auth>
        <Bearer>ps</Bearer>
        <Protocol>http</Protocol>
        <Proxy>
          <EnableFlag>on</EnableFlag>
          <ServAddr>10.10.2.60</ServAddr>
          <Port>8080</Port>
        </Proxy>
        <PSparam>
          <APN>mms.nova.is</APN>
        </PSparam>
      </Profile>
      <Profile>
        <NetworkName>3 SE</NetworkName>
        <IpVersion>ipv4v6</IpVersion>
        <RoamingIpVersion>ipv4v6</RoamingIpVersion>
        <Editable>no</Editable>
        <ProfileName>3</ProfileName>
        <Auth>normal</Auth>
        <Protocol>http</Protocol>
        <MTUSize>1440</MTUSize>
        <Proxy>
          <EnableFlag>off</EnableFlag>
        </Proxy>
        <PSparam>
          <APN>data.tre.se</APN>
        </PSparam>
      </Profile>
      <Profile>
        <NetworkName>3 SE</NetworkName>
        <IpVersion>ipv4v6</IpVersion>
        <RoamingIpVersion>ipv4v6</RoamingIpVersion>
        <Editable>no</Editable>
        <ProfileName>3mms</ProfileName>
        <URL>http://mms.tre.se</URL>
        <Auth>normal</Auth>
        <Bearer>ps</Bearer>
        <Protocol>http</Protocol>
        <MTUSize>1440</MTUSize>
        <Proxy>
          <EnableFlag>on</EnableFlag>
          <ServAddr>mmsproxy.tre.se</ServAddr>
          <Port>8799</Port>
        </Proxy>
        <PSparam>
          <APN>data.tre.se</APN>
        </PSparam>
      </Profile>
      <Profile>
        <NetworkName>3 DK</NetworkName>
        <IpVersion>ipv4v6</IpVersion>
        <RoamingIpVersion>ipv4v6</RoamingIpVersion>
        <Editable>yes</Editable>
        <ProfileName>3 Locked</ProfileName>
        <URL>http://m.3.dk</URL>
        <Auth>normal</Auth>
        <Bearer>ps</Bearer>
        <Protocol>http</Protocol>
        <Proxy>
          <EnableFlag>off</EnableFlag>
        </Proxy>
        <PSparam>
          <APN>data.tre.dk</APN>
        </PSparam>
      </Profile>
      <Profile>
        <NetworkName>3 DK</NetworkName>
        <IpVersion>ipv4v6</IpVersion>
        <RoamingIpVersion>ipv4v6</RoamingIpVersion>
        <Editable>yes</Editable>
        <ProfileName>3mms</ProfileName>
        <URL>http://mms.3.dk</URL>
        <Auth>normal</Auth>
        <Bearer>ps</Bearer>
        <Protocol>http</Protocol>
        <Proxy>
          <EnableFlag>on</EnableFlag>
          <ServAddr>mmsproxy.3.dk</ServAddr>
          <Port>8799</Port>
        </Proxy>
        <PSparam>
          <APN>data.tre.dk</APN>
        </PSparam>
      </Profile>
      <Profile>
        <NetworkName>Tele Greenland</NetworkName>
        <Editable>yes</Editable>
        <ProfileName>Tele MMS</ProfileName>
        <URL>http://mms.tele.gl/mms/wapenc</URL>
        <Auth>normal</Auth>
        <Bearer>ps</Bearer>
        <Protocol>http</Protocol>
        <Proxy>
          <EnableFlag>on</EnableFlag>
          <ServAddr>10.112.222.37</ServAddr>
          <Port>8080</Port>
        </Proxy>
        <PSparam>
          <APN>mms</APN>
        </PSparam>
      </Profile>
      <Profile>
        <NetworkName>Tele Greenland</NetworkName>
        <Editable>yes</Editable>
        <ProfileName>Tele Internet</ProfileName>
        <Auth>normal</Auth>
        <Bearer>ps</Bearer>
        <Protocol>http</Protocol>
        <Proxy>
          <EnableFlag>off</EnableFlag>
        </Proxy>
        <PSparam>
          <APN>internet</APN>
        </PSparam>
      </Profile>
      <Profile>
        <NetworkName>Phonero</NetworkName>
        <Editable>yes</Editable>
        <ProfileName>Phonero MMS</ProfileName>
        <URL>http://mmsc/</URL>
        <Auth>normal</Auth>
        <Bearer>ps</Bearer>
        <Protocol>http</Protocol>
        <Proxy>
          <EnableFlag>on</EnableFlag>
          <ServAddr>10.10.10.11</ServAddr>
          <Port>8080</Port>
        </Proxy>
        <PSparam>
          <APN>mms.phonero.no</APN>
          <UserId>Phonero</UserId>
          <Password>1111</Password>
        </PSparam>
      </Profile>
      <Profile>
        <NetworkName>Phonero</NetworkName>
        <Editable>yes</Editable>
        <ProfileName>Phonero Internett</ProfileName>
        <Auth>normal</Auth>
        <Bearer>ps</Bearer>
        <Protocol>http</Protocol>
        <Proxy>
          <EnableFlag>off</EnableFlag>
        </Proxy>
        <PSparam>
          <APN>internet.phonero.no</APN>
        </PSparam>
      </Profile>
      <Profile>
        <NetworkName>Tal</NetworkName>
        <Editable>yes</Editable>
        <ProfileName>Tal MMS</ProfileName>
        <URL>http://mms.tal.is/servlets/mms</URL>
        <Auth>normal</Auth>
        <Bearer>ps</Bearer>
        <Protocol>http</Protocol>
        <Proxy>
          <EnableFlag>on</EnableFlag>
          <ServAddr>213.167.138.210</ServAddr>
          <Port>8080</Port>
        </Proxy>
        <PSparam>
          <APN>mms.tal.is</APN>
        </PSparam>
      </Profile>
      <Profile>
        <NetworkName>Tal</NetworkName>
        <Editable>yes</Editable>
        <ProfileName>Tal Internet</ProfileName>
        <URL>http://www.tal.is</URL>
        <Auth>normal</Auth>
        <Bearer>ps</Bearer>
        <Protocol>http</Protocol>
        <Proxy>
          <EnableFlag>off</EnableFlag>
        </Proxy>
        <PSparam>
          <APN>internet.tal.is</APN>
        </PSparam>
      </Profile>
      <Profile>
        <NetworkName>ice</NetworkName>
        <IpVersion>ipv4v6</IpVersion>
        <RoamingIpVersion>ipv4v6</RoamingIpVersion>
        <Editable>yes</Editable>
        <ProfileName>ice.net Internet</ProfileName>
        <Auth>normal</Auth>
        <Bearer>ps</Bearer>
        <Protocol>http</Protocol>
        <Proxy>
          <EnableFlag>off</EnableFlag>
        </Proxy>
        <PSparam>
          <APN>ice.net</APN>
        </PSparam>
      </Profile>
      <Profile>
        <NetworkName>ice</NetworkName>
        <Editable>yes</Editable>
        <ProfileName>ice.net MMS</ProfileName>
        <URL>http://mms</URL>
        <Auth>normal</Auth>
        <Bearer>ps</Bearer>
        <Protocol>http</Protocol>
        <Proxy>
          <EnableFlag>on</EnableFlag>
          <ServAddr>10.10.10.10</ServAddr>
          <Port>80</Port>
        </Proxy>
        <PSparam>
          <APN>mms.ice.net</APN>
        </PSparam>
      </Profile>
      <Profile>
        <NetworkName>Tele2comviq</NetworkName>
        <IpVersion>ipv4v6</IpVersion>
        <Editable>yes</Editable>
        <HiddenStatus>hidden</HiddenStatus>
        <ProfileName>Tele2 IMS</ProfileName>
        <Auth>none</Auth>
        <Protocol>http</Protocol>
        <Proxy>
          <EnableFlag>off</EnableFlag>
        </Proxy>
        <PSparam>
          <APN>IMS</APN>
        </PSparam>
      </Profile>
      <Profile>
        <NetworkName>Telenor DK</NetworkName>
        <Editable>yes</Editable>
        <HiddenStatus>hidden</HiddenStatus>
        <ProfileName>ims</ProfileName>
        <Auth>none</Auth>
        <Protocol>http</Protocol>
        <PSparam>
          <APN>ims</APN>
        </PSparam>
      </Profile>
      <Profile>
        <NetworkName>Telenor DK</NetworkName>
        <Editable>yes</Editable>
        <HiddenStatus>hidden</HiddenStatus>
        <ProfileName>xcap</ProfileName>
        <Auth>none</Auth>
        <Protocol>http</Protocol>
        <PSparam>
          <APN>hos</APN>
        </PSparam>
      </Profile>
      <Profile>
        <NetworkName>Telenor</NetworkName>
        <IpVersion>ipv6</IpVersion>
        <RoamingIpVersion>ipv6</RoamingIpVersion>
        <Editable>yes</Editable>
        <HiddenStatus>hidden</HiddenStatus>
        <ProfileName>Telenor IMS</ProfileName>
        <Auth>none</Auth>
        <Protocol>http</Protocol>
        <PSparam>
          <APN>ims</APN>
        </PSparam>
      </Profile>
      <Profile>
        <NetworkName>Telenor</NetworkName>
        <IpVersion>ipv6</IpVersion>
        <RoamingIpVersion>ipv6</RoamingIpVersion>
        <Editable>yes</Editable>
        <HiddenStatus>hidden</HiddenStatus>
        <ProfileName>Telenor XCAP</ProfileName>
        <Auth>none</Auth>
        <Protocol>http</Protocol>
        <PSparam>
          <APN>hos</APN>
        </PSparam>
      </Profile>
      <Profile>
        <NetworkName>3 SE</NetworkName>
        <IpVersion>ipv4v6</IpVersion>
        <Editable>no</Editable>
        <HiddenStatus>hidden</HiddenStatus>
        <ProfileName>ims</ProfileName>
        <Auth>none</Auth>
        <Protocol>http</Protocol>
        <MTUSize>1300</MTUSize>
        <PSparam>
          <APN>ims</APN>
        </PSparam>
      </Profile>
      <Profile>
        <NetworkName>3 SE</NetworkName>
        <IpVersion>ipv4v6</IpVersion>
        <Editable>no</Editable>
        <HiddenStatus>hidden</HiddenStatus>
        <ProfileName>3 XCAP</ProfileName>
        <Auth>normal</Auth>
        <Protocol>http</Protocol>
        <MTUSize>1440</MTUSize>
        <PSparam>
          <APN>services</APN>
        </PSparam>
      </Profile>
      <Profile>
        <NetworkName>3 DK</NetworkName>
        <IpVersion>ipv4v6</IpVersion>
        <Editable>yes</Editable>
        <HiddenStatus>hidden</HiddenStatus>
        <ProfileName>ims</ProfileName>
        <Auth>none</Auth>
        <Protocol>http</Protocol>
        <MTUSize>1300</MTUSize>
        <PSparam>
          <APN>ims</APN>
        </PSparam>
      </Profile>
      <Profile>
        <NetworkName>3 DK</NetworkName>
        <IpVersion>ipv4v6</IpVersion>
        <RoamingIpVersion>ipv4v6</RoamingIpVersion>
        <Editable>yes</Editable>
        <HiddenStatus>hidden</HiddenStatus>
        <ProfileName>services</ProfileName>
        <URL>http://mms.3.dk</URL>
        <Auth>normal</Auth>
        <Bearer>iwlan</Bearer>
        <Protocol>http</Protocol>
        <Proxy>
          <EnableFlag>on</EnableFlag>
          <ServAddr>mmsproxy.3.dk</ServAddr>
          <Port>8799</Port>
        </Proxy>
        <PSparam>
          <APN>services</APN>
        </PSparam>
      </Profile>
      <Profile>
        <NetworkName>DK TDC</NetworkName>
        <IpVersion>ipv6</IpVersion>
        <Editable>yes</Editable>
        <HiddenStatus>hidden</HiddenStatus>
        <ProfileName>IMS</ProfileName>
        <Auth>none</Auth>
        <Protocol>http</Protocol>
        <PSparam>
          <APN>ims</APN>
        </PSparam>
      </Profile>
      <Profile>
        <NetworkName>DK TDC</NetworkName>
        <IpVersion>ipv6</IpVersion>
        <Editable>yes</Editable>
        <HiddenStatus>hidden</HiddenStatus>
        <ProfileName>XCAP</ProfileName>
        <Auth>none</Auth>
        <Protocol>http</Protocol>
        <PSparam>
          <APN>XCAP</APN>
        </PSparam>
      </Profile>
      <Profile>
        <NetworkName>Telia N</NetworkName>
        <IpVersion>ipv4v6</IpVersion>
        <RoamingIpVersion>ipv4v6</RoamingIpVersion>
        <Editable>yes</Editable>
        <HiddenStatus>hidden</HiddenStatus>
        <ProfileName>IMS</ProfileName>
        <Auth>none</Auth>
        <Protocol>http</Protocol>
        <MTUSize>1300</MTUSize>
        <PSparam>
          <APN>ims</APN>
        </PSparam>
      </Profile>
      <Profile>
        <NetworkName>Telia N</NetworkName>
        <IpVersion>ipv4v6</IpVersion>
        <RoamingIpVersion>ipv4v6</RoamingIpVersion>
        <Editable>yes</Editable>
        <HiddenStatus>hidden</HiddenStatus>
        <ProfileName>XCAP</ProfileName>
        <Auth>none</Auth>
        <Protocol>http</Protocol>
        <MTUSize>1300</MTUSize>
        <PSparam>
          <APN>hos</APN>
        </PSparam>
      </Profile>
      <Profile>
        <NetworkName>Telmore</NetworkName>
        <IpVersion>ipv6</IpVersion>
        <Editable>yes</Editable>
        <HiddenStatus>hidden</HiddenStatus>
        <ProfileName>IMS</ProfileName>
        <Auth>none</Auth>
        <Protocol>http</Protocol>
        <PSparam>
          <APN>ims</APN>
        </PSparam>
      </Profile>
      <Profile>
        <NetworkName>Telmore</NetworkName>
        <IpVersion>ipv6</IpVersion>
        <Editable>yes</Editable>
        <HiddenStatus>hidden</HiddenStatus>
        <ProfileName>XCAP</ProfileName>
        <Auth>none</Auth>
        <Protocol>http</Protocol>
        <PSparam>
          <APN>XCAP</APN>
        </PSparam>
      </Profile>
      <Profile>
        <NetworkName>DNA</NetworkName>
        <IpVersion>ipv6</IpVersion>
        <RoamingIpVersion>ipv6</RoamingIpVersion>
        <Editable>yes</Editable>
        <HiddenStatus>hidden</HiddenStatus>
        <ProfileName>IMS</ProfileName>
        <Auth>none</Auth>
        <Protocol>http</Protocol>
        <PSparam>
          <APN>ims</APN>
        </PSparam>
      </Profile>
      <Profile>
        <NetworkName>DNA</NetworkName>
        <IpVersion>ipv6</IpVersion>
        <RoamingIpVersion>ipv6</RoamingIpVersion>
        <Editable>yes</Editable>
        <HiddenStatus>hidden</HiddenStatus>
        <ProfileName>hos</ProfileName>
        <Auth>none</Auth>
        <Protocol>http</Protocol>
        <PSparam>
          <APN>hos</APN>
        </PSparam>
      </Profile>
      <Profile>
        <NetworkName>DNA Pro</NetworkName>
        <IpVersion>ipv6</IpVersion>
        <RoamingIpVersion>ipv6</RoamingIpVersion>
        <Editable>yes</Editable>
        <HiddenStatus>hidden</HiddenStatus>
        <ProfileName>IMS</ProfileName>
        <Auth>none</Auth>
        <Protocol>http</Protocol>
        <PSparam>
          <APN>ims</APN>
        </PSparam>
      </Profile>
      <Profile>
        <NetworkName>DNA Pro</NetworkName>
        <IpVersion>ipv6</IpVersion>
        <RoamingIpVersion>ipv6</RoamingIpVersion>
        <Editable>yes</Editable>
        <HiddenStatus>hidden</HiddenStatus>
        <ProfileName>hos</ProfileName>
        <Auth>none</Auth>
        <Protocol>http</Protocol>
        <PSparam>
          <APN>hos</APN>
        </PSparam>
      </Profile>
      <Profile>
        <NetworkName>Elisa</NetworkName>
        <IpVersion>ipv6</IpVersion>
        <RoamingIpVersion>ipv6</RoamingIpVersion>
        <Editable>yes</Editable>
        <HiddenStatus>hidden</HiddenStatus>
        <ProfileName>Elisa IMS</ProfileName>
        <Auth>none</Auth>
        <Protocol>http</Protocol>
        <PSparam>
          <APN>ims</APN>
        </PSparam>
      </Profile>
      <Profile>
        <NetworkName>Elisa</NetworkName>
        <IpVersion>ipv6</IpVersion>
        <RoamingIpVersion>ipv6</RoamingIpVersion>
        <Editable>yes</Editable>
        <HiddenStatus>hidden</HiddenStatus>
        <ProfileName>Elisa XCAP</ProfileName>
        <Auth>none</Auth>
        <Protocol>http</Protocol>
        <PSparam>
          <APN>xcap</APN>
        </PSparam>
      </Profile>
      <Profile>
        <NetworkName>S Telia</NetworkName>
        <IpVersion>ipv4v6</IpVersion>
        <RoamingIpVersion>ipv4v6</RoamingIpVersion>
        <Editable>yes</Editable>
        <HiddenStatus>hidden</HiddenStatus>
        <ProfileName>Telia SE IMS</ProfileName>
        <Auth>none</Auth>
        <MTUSize>1300</MTUSize>
        <PSparam>
          <APN>ims</APN>
        </PSparam>
      </Profile>
      <Profile>
        <NetworkName>S Telia</NetworkName>
        <IpVersion>ipv4v6</IpVersion>
        <RoamingIpVersion>ipv4v6</RoamingIpVersion>
        <Editable>no</Editable>
        <HiddenStatus>hidden</HiddenStatus>
        <ProfileName>Telia SE XCAP</ProfileName>
        <Auth>none</Auth>
        <MTUSize>1300</MTUSize>
        <PSparam>
          <APN>hos</APN>
        </PSparam>
      </Profile>
      <Profile>
        <NetworkName>Nova</NetworkName>
        <IpVersion>ipv4</IpVersion>
        <Editable>yes</Editable>
        <HiddenStatus>hidden</HiddenStatus>
        <ProfileName>IMS</ProfileName>
        <Auth>none</Auth>
        <Protocol>http</Protocol>
        <MTUSize>1280</MTUSize>
        <PSparam>
          <APN>ims</APN>
        </PSparam>
      </Profile>
      <Profile>
        <NetworkName>Telenor SE</NetworkName>
        <IpVersion>ipv6</IpVersion>
        <RoamingIpVersion>ipv6</RoamingIpVersion>
        <Editable>no</Editable>
        <HiddenStatus>hidden</HiddenStatus>
        <ProfileName>Telenor IMS</ProfileName>
        <Auth>none</Auth>
        <Protocol>http</Protocol>
        <PSparam>
          <APN>IMS</APN>
        </PSparam>
      </Profile>
      <Profile>
        <NetworkName>Vimla</NetworkName>
        <Editable>yes</Editable>
        <ProfileName>Internet</ProfileName>
        <Auth>normal</Auth>
        <Bearer>ps</Bearer>
        <Protocol>http</Protocol>
        <Proxy>
          <EnableFlag>off</EnableFlag>
        </Proxy>
        <PSparam>
          <APN>internet</APN>
        </PSparam>
      </Profile>
      <Profile>
        <NetworkName>Vimla</NetworkName>
        <Editable>yes</Editable>
        <ProfileName>MMS</ProfileName>
        <URL>http://mms.media</URL>
        <Auth>normal</Auth>
        <Bearer>ps</Bearer>
        <Protocol>http</Protocol>
        <PSparam>
          <APN>mms</APN>
        </PSparam>
      </Profile>
      <Profile>
        <NetworkName>Halebop</NetworkName>
        <IpVersion>ipv4v6</IpVersion>
        <RoamingIpVersion>ipv4v6</RoamingIpVersion>
        <Editable>yes</Editable>
        <HiddenStatus>hidden</HiddenStatus>
        <ProfileName>Halebop IMS</ProfileName>
        <Bearer>ps</Bearer>
        <Protocol>http</Protocol>
        <MTUSize>1300</MTUSize>
        <PSparam>
          <APN>ims</APN>
        </PSparam>
      </Profile>
      <Profile>
        <NetworkName>Halebop S</NetworkName>
        <IpVersion>ipv4v6</IpVersion>
        <RoamingIpVersion>ipv4v6</RoamingIpVersion>
        <Editable>yes</Editable>
        <HiddenStatus>hidden</HiddenStatus>
        <ProfileName>Halebop IMS</ProfileName>
        <Bearer>ps</Bearer>
        <Protocol>http</Protocol>
        <MTUSize>1300</MTUSize>
        <PSparam>
          <APN>ims</APN>
        </PSparam>
      </Profile>
      <Profile>
        <NetworkName>Halebop</NetworkName>
        <IpVersion>ipv4v6</IpVersion>
        <RoamingIpVersion>ipv4v6</RoamingIpVersion>
        <Editable>yes</Editable>
        <HiddenStatus>hidden</HiddenStatus>
        <ProfileName>Halebop XCAP</ProfileName>
        <Bearer>ps</Bearer>
        <Protocol>http</Protocol>
        <MTUSize>1300</MTUSize>
        <PSparam>
          <APN>hos</APN>
        </PSparam>
      </Profile>
      <Profile>
        <NetworkName>Halebop S</NetworkName>
        <IpVersion>ipv4v6</IpVersion>
        <RoamingIpVersion>ipv4v6</RoamingIpVersion>
        <Editable>yes</Editable>
        <HiddenStatus>hidden</HiddenStatus>
        <ProfileName>Halebop XCAP</ProfileName>
        <Bearer>ps</Bearer>
        <Protocol>http</Protocol>
        <MTUSize>1300</MTUSize>
        <PSparam>
          <APN>hos</APN>
        </PSparam>
      </Profile>
      <Profile>
        <NetworkName>Telia FI</NetworkName>
        <IpVersion>ipv4v6</IpVersion>
        <RoamingIpVersion>ipv4v6</RoamingIpVersion>
        <Editable>no</Editable>
        <HiddenStatus>hidden</HiddenStatus>
        <ProfileName>Telia FI IMS</ProfileName>
        <Auth>none</Auth>
        <MTUSize>1300</MTUSize>
        <PSparam>
          <APN>ims</APN>
        </PSparam>
      </Profile>
      <Profile>
        <NetworkName>Telia FI</NetworkName>
        <IpVersion>ipv6</IpVersion>
        <RoamingIpVersion>ipv6</RoamingIpVersion>
        <Editable>no</Editable>
        <HiddenStatus>hidden</HiddenStatus>
        <ProfileName>Telia FI XCAP</ProfileName>
        <Auth>none</Auth>
        <MTUSize>1300</MTUSize>
        <PSparam>
          <APN>hos</APN>
        </PSparam>
      </Profile>
      <Profile>
        <NetworkName>Mit Tele</NetworkName>
        <Editable>yes</Editable>
        <ProfileName>Internet</ProfileName>
        <Auth>normal</Auth>
        <Bearer>ps</Bearer>
        <Protocol>http</Protocol>
        <Proxy>
          <EnableFlag>off</EnableFlag>
        </Proxy>
        <PSparam>
          <APN>websp</APN>
        </PSparam>
      </Profile>
      <Profile>
        <NetworkName>Mit Tele</NetworkName>
        <Editable>yes</Editable>
        <ProfileName>MMS</ProfileName>
        <URL>http://mms.telia.dk</URL>
        <Auth>normal</Auth>
        <Bearer>ps</Bearer>
        <Protocol>http</Protocol>
        <Proxy>
          <EnableFlag>on</EnableFlag>
          <ServAddr>193.209.134.131</ServAddr>
          <Port>8080</Port>
        </Proxy>
        <PSparam>
          <APN>www.mms.mtelia.dk</APN>
        </PSparam>
      </Profile>
      <Profile>
        <NetworkName>TELIA DK</NetworkName>
        <IpVersion>ipv4v6</IpVersion>
        <RoamingIpVersion>ipv4v6</RoamingIpVersion>
        <Editable>no</Editable>
        <HiddenStatus>hidden</HiddenStatus>
        <ProfileName>IMS</ProfileName>
        <Auth>none</Auth>
        <MTUSize>1300</MTUSize>
        <PSparam>
          <APN>ims</APN>
        </PSparam>
      </Profile>
      <Profile>
        <NetworkName>TELIA DK</NetworkName>
        <IpVersion>ipv4v6</IpVersion>
        <RoamingIpVersion>ipv4v6</RoamingIpVersion>
        <Editable>no</Editable>
        <HiddenStatus>hidden</HiddenStatus>
        <ProfileName>HOS</ProfileName>
        <Auth>none</Auth>
        <Protocol>http</Protocol>
        <MTUSize>1300</MTUSize>
        <PSparam>
          <APN>hos</APN>
        </PSparam>
      </Profile>
      <Profile>
        <NetworkName>CallMe</NetworkName>
        <IpVersion>ipv4v6</IpVersion>
        <RoamingIpVersion>ipv4v6</RoamingIpVersion>
        <Editable>no</Editable>
        <HiddenStatus>hidden</HiddenStatus>
        <ProfileName>IMS</ProfileName>
        <Auth>none</Auth>
        <MTUSize>1300</MTUSize>
        <PSparam>
          <APN>ims</APN>
        </PSparam>
      </Profile>
      <Profile>
        <NetworkName>CallMe</NetworkName>
        <IpVersion>ipv4v6</IpVersion>
        <RoamingIpVersion>ipv4v6</RoamingIpVersion>
        <Editable>no</Editable>
        <HiddenStatus>hidden</HiddenStatus>
        <ProfileName>HOS</ProfileName>
        <Auth>none</Auth>
        <Protocol>http</Protocol>
        <MTUSize>1300</MTUSize>
        <PSparam>
          <APN>hos</APN>
        </PSparam>
      </Profile>
      <Profile>
        <NetworkName>Mit Tele</NetworkName>
        <IpVersion>ipv4v6</IpVersion>
        <RoamingIpVersion>ipv4v6</RoamingIpVersion>
        <Editable>no</Editable>
        <HiddenStatus>hidden</HiddenStatus>
        <ProfileName>IMS</ProfileName>
        <Auth>none</Auth>
        <MTUSize>1300</MTUSize>
        <PSparam>
          <APN>ims</APN>
        </PSparam>
      </Profile>
      <Profile>
        <NetworkName>Mit Tele</NetworkName>
        <IpVersion>ipv4v6</IpVersion>
        <RoamingIpVersion>ipv4v6</RoamingIpVersion>
        <Editable>no</Editable>
        <HiddenStatus>hidden</HiddenStatus>
        <ProfileName>HOS</ProfileName>
        <Auth>none</Auth>
        <Protocol>http</Protocol>
        <MTUSize>1300</MTUSize>
        <PSparam>
          <APN>hos</APN>
        </PSparam>
      </Profile>
      <Profile>
        <NetworkName>3 SE</NetworkName>
        <IpVersion>ipv4v6</IpVersion>
        <RoamingIpVersion>ipv4v6</RoamingIpVersion>
        <Editable>no</Editable>
        <HiddenStatus>hidden</HiddenStatus>
        <ProfileName>services</ProfileName>
        <URL>http://mms.tre.se</URL>
        <Auth>normal</Auth>
        <Bearer>iwlan</Bearer>
        <Protocol>http</Protocol>
        <MTUSize>1440</MTUSize>
        <Proxy>
          <EnableFlag>on</EnableFlag>
          <ServAddr>mmsproxy.tre.se</ServAddr>
          <Port>8799</Port>
        </Proxy>
        <PSparam>
          <APN>services</APN>
        </PSparam>
      </Profile>
      <Profile>
        <NetworkName>ice</NetworkName>
        <IpVersion>ipv6</IpVersion>
        <RoamingIpVersion>ipv6</RoamingIpVersion>
        <Editable>yes</Editable>
        <HiddenStatus>hidden</HiddenStatus>
        <ProfileName>IMS</ProfileName>
        <Auth>none</Auth>
        <Protocol>http</Protocol>
        <MTUSize>1300</MTUSize>
        <PSparam>
          <APN>ims</APN>
        </PSparam>
      </Profile>
      <Profile>
        <NetworkName>Netmore Mobile Network</NetworkName>
        <IpVersion>ipv4</IpVersion>
        <RoamingIpVersion>ipv4</RoamingIpVersion>
        <Editable>yes</Editable>
        <ProfileName>Netmore Mobile Network</ProfileName>
        <URL>https://netmore.se</URL>
        <Auth>normal</Auth>
        <Bearer>ps</Bearer>
        <Protocol>http</Protocol>
        <PSparam>
          <APN>data.rewicom.net</APN>
        </PSparam>
      </Profile>
      <Profile>
        <NetworkName>Mobilevalue</NetworkName>
        <Editable>yes</Editable>
        <ProfileName>Mobilevalue SurfPort</ProfileName>
        <Auth>normal</Auth>
        <Bearer>ps</Bearer>
        <Protocol>http</Protocol>
        <Proxy>
          <EnableFlag>off</EnableFlag>
        </Proxy>
        <PSparam>
          <APN>websp</APN>
        </PSparam>
      </Profile>
      <Profile>
        <NetworkName>Mobilevalue</NetworkName>
        <Editable>yes</Editable>
        <ProfileName>Mobilevalue MMS</ProfileName>
        <URL>http://mms.telia.dk</URL>
        <Auth>normal</Auth>
        <Bearer>ps</Bearer>
        <Protocol>http</Protocol>
        <Proxy>
          <EnableFlag>on</EnableFlag>
          <ServAddr>193.209.134.131</ServAddr>
          <Port>8080</Port>
        </Proxy>
        <PSparam>
          <APN>mmssp</APN>
        </PSparam>
      </Profile>
      <Profile>
        <NetworkName>Telavox</NetworkName>
        <Editable>yes</Editable>
        <ProfileName>Telavox SurfPort</ProfileName>
        <Auth>normal</Auth>
        <Bearer>ps</Bearer>
        <Protocol>http</Protocol>
        <Proxy>
          <EnableFlag>off</EnableFlag>
        </Proxy>
        <PSparam>
          <APN>websp</APN>
        </PSparam>
      </Profile>
      <Profile>
        <NetworkName>Telavox</NetworkName>
        <Editable>yes</Editable>
        <ProfileName>Telavox MMS</ProfileName>
        <URL>http://mms.telia.dk</URL>
        <Auth>normal</Auth>
        <Bearer>ps</Bearer>
        <Protocol>http</Protocol>
        <Proxy>
          <EnableFlag>on</EnableFlag>
          <ServAddr>193.209.134.131</ServAddr>
          <Port>8080</Port>
        </Proxy>
        <PSparam>
          <APN>mmssp</APN>
        </PSparam>
      </Profile>
      <Profile>
        <NetworkName>Føroya Tele</NetworkName>
        <IpVersion>ipv4</IpVersion>
        <Editable>yes</Editable>
        <ProfileName>FT</ProfileName>
        <Auth>secure</Auth>
        <Bearer>ps</Bearer>
        <Protocol>http</Protocol>
        <Proxy>
          <EnableFlag>off</EnableFlag>
        </Proxy>
        <PSparam>
          <APN>Internet</APN>
        </PSparam>
      </Profile>
      <Profile>
        <NetworkName>Mobilevalue</NetworkName>
        <IpVersion>ipv4v6</IpVersion>
        <RoamingIpVersion>ipv4v6</RoamingIpVersion>
        <Editable>no</Editable>
        <HiddenStatus>hidden</HiddenStatus>
        <ProfileName>IMS</ProfileName>
        <Auth>none</Auth>
        <MTUSize>1300</MTUSize>
        <PSparam>
          <APN>ims</APN>
        </PSparam>
      </Profile>
      <Profile>
        <NetworkName>Mobilevalue</NetworkName>
        <IpVersion>ipv4v6</IpVersion>
        <RoamingIpVersion>ipv4v6</RoamingIpVersion>
        <Editable>no</Editable>
        <HiddenStatus>hidden</HiddenStatus>
        <ProfileName>HOS</ProfileName>
        <Auth>none</Auth>
        <Protocol>http</Protocol>
        <MTUSize>1300</MTUSize>
        <PSparam>
          <APN>hos</APN>
        </PSparam>
      </Profile>
      <Profile>
        <NetworkName>Telavox</NetworkName>
        <IpVersion>ipv4v6</IpVersion>
        <RoamingIpVersion>ipv4v6</RoamingIpVersion>
        <Editable>no</Editable>
        <HiddenStatus>hidden</HiddenStatus>
        <ProfileName>IMS</ProfileName>
        <Auth>none</Auth>
        <MTUSize>1300</MTUSize>
        <PSparam>
          <APN>ims</APN>
        </PSparam>
      </Profile>
      <Profile>
        <NetworkName>Telavox</NetworkName>
        <IpVersion>ipv4v6</IpVersion>
        <RoamingIpVersion>ipv4v6</RoamingIpVersion>
        <Editable>no</Editable>
        <HiddenStatus>hidden</HiddenStatus>
        <ProfileName>HOS</ProfileName>
        <Auth>none</Auth>
        <Protocol>http</Protocol>
        <MTUSize>1300</MTUSize>
        <PSparam>
          <APN>hos</APN>
        </PSparam>
      </Profile>
      <Profile>
        <NetworkName>Telenor SE</NetworkName>
        <IpVersion>ipv6</IpVersion>
        <RoamingIpVersion>ipv6</RoamingIpVersion>
        <Editable>no</Editable>
        <HiddenStatus>hidden</HiddenStatus>
        <ProfileName>hos</ProfileName>
        <Protocol>http</Protocol>
        <PSparam>
          <APN>hos</APN>
        </PSparam>
      </Profile>
    </Connections>
    <IMSSetting>
      <NbSetting>24</NbSetting>
      <Setting>
        <NetworkName>Tele2comviq</NetworkName>
        <Version>3.0</Version>
        <EnableIMS>true</EnableIMS>
        <VoLTE>
          <EnableVoLTE>true</EnableVoLTE>
          <EnableVoiceoverWIFI>true</EnableVoiceoverWIFI>
          <EnableVideocall>false</EnableVideocall>
          <EnableVoLTEindicator>true</EnableVoLTEindicator>
          <Voice_Domain_Preference_EUTRAN>imspsvoicepreferred</Voice_Domain_Preference_EUTRAN>
          <Emregencycall_Domain>ps</Emregencycall_Domain>
          <SRVCCversion>10</SRVCCversion>
          <SS_Domain_Preference>cs_always</SS_Domain_Preference>
          <SS_CSFBwithIMSerror>false</SS_CSFBwithIMSerror>
          <USSD_Domain_Preference>pscs</USSD_Domain_Preference>
          <EnableSMSoverIP>true</EnableSMSoverIP>
        </VoLTE>
      </Setting>
      <Setting>
        <NetworkName>Telenor</NetworkName>
        <Version>3.0</Version>
        <EnableIMS>true</EnableIMS>
        <VoLTE>
          <EnableVoLTE>true</EnableVoLTE>
          <EnableVoiceoverWIFI>true</EnableVoiceoverWIFI>
          <EnableVideocall>false</EnableVideocall>
          <EnableVoLTEindicator>true</EnableVoLTEindicator>
          <Voice_Domain_Preference_EUTRAN>imspsvoicepreferred</Voice_Domain_Preference_EUTRAN>
          <Emregencycall_Domain>ps</Emregencycall_Domain>
          <SRVCCversion>10</SRVCCversion>
          <SS_Domain_Preference>ps_only_psregied</SS_Domain_Preference>
          <SS_PS_Control_Preference>xcap</SS_PS_Control_Preference>
          <SS_CSFBwithIMSerror>true</SS_CSFBwithIMSerror>
          <USSD_Domain_Preference>cs</USSD_Domain_Preference>
          <EnableSMSoverIP>true</EnableSMSoverIP>
        </VoLTE>
        <RCS>
          <EnableRCS>true</EnableRCS>
          <EnableRCSchat>true</EnableRCSchat>
        </RCS>
      </Setting>
      <Setting>
        <NetworkName>Telenor DK</NetworkName>
        <Version>3.0</Version>
        <EnableIMS>true</EnableIMS>
        <VoLTE>
          <EnableVoLTE>true</EnableVoLTE>
          <EnableVoiceoverWIFI>true</EnableVoiceoverWIFI>
          <EnableVideocall>false</EnableVideocall>
          <EnableVoLTEindicator>true</EnableVoLTEindicator>
          <Voice_Domain_Preference_EUTRAN>imspsvoicepreferred</Voice_Domain_Preference_EUTRAN>
          <Emregencycall_Domain>ps</Emregencycall_Domain>
          <SRVCCversion>10</SRVCCversion>
          <SS_Domain_Preference>ps_only_volteregied</SS_Domain_Preference>
          <SS_PS_Control_Preference>xcap</SS_PS_Control_Preference>
          <SS_CSFBwithIMSerror>true</SS_CSFBwithIMSerror>
          <USSD_Domain_Preference>cs</USSD_Domain_Preference>
          <EnableSMSoverIP>true</EnableSMSoverIP>
        </VoLTE>
      </Setting>
      <Setting>
        <NetworkName>3 SE</NetworkName>
        <Version>3.0</Version>
        <EnableIMS>true</EnableIMS>
        <VoLTE>
          <EnableVoLTE>true</EnableVoLTE>
          <EnableVoiceoverWIFI>true</EnableVoiceoverWIFI>
          <EnableVideocall>false</EnableVideocall>
          <EnableVoLTEindicator>false</EnableVoLTEindicator>
          <Voice_Domain_Preference_EUTRAN>imspsvoicepreferred</Voice_Domain_Preference_EUTRAN>
          <Emregencycall_Domain>ps</Emregencycall_Domain>
          <SRVCCversion>10</SRVCCversion>
          <SS_Domain_Preference>ps_always</SS_Domain_Preference>
          <SS_PS_Control_Preference>xcap</SS_PS_Control_Preference>
          <SS_CSFBwithIMSerror>true</SS_CSFBwithIMSerror>
          <USSD_Domain_Preference>cs</USSD_Domain_Preference>
          <EnableSMSoverIP>true</EnableSMSoverIP>
        </VoLTE>
      </Setting>
      <Setting>
        <NetworkName>3 DK</NetworkName>
        <Version>3.0</Version>
        <EnableIMS>true</EnableIMS>
        <VoLTE>
          <EnableVoLTE>true</EnableVoLTE>
          <EnableVoiceoverWIFI>true</EnableVoiceoverWIFI>
          <EnableVideocall>false</EnableVideocall>
          <EnableVoLTEindicator>false</EnableVoLTEindicator>
          <Voice_Domain_Preference_EUTRAN>imspsvoicepreferred</Voice_Domain_Preference_EUTRAN>
          <Emregencycall_Domain>ps</Emregencycall_Domain>
          <SRVCCversion>10</SRVCCversion>
          <SS_Domain_Preference>ps_always</SS_Domain_Preference>
          <SS_PS_Control_Preference>xcap</SS_PS_Control_Preference>
          <SS_CSFBwithIMSerror>true</SS_CSFBwithIMSerror>
          <USSD_Domain_Preference>cs</USSD_Domain_Preference>
          <EnableSMSoverIP>true</EnableSMSoverIP>
        </VoLTE>
      </Setting>
      <Setting>
        <NetworkName>DK TDC</NetworkName>
        <Version>3.0</Version>
        <EnableIMS>true</EnableIMS>
        <VoLTE>
          <EnableVoLTE>true</EnableVoLTE>
          <EnableVoiceoverWIFI>true</EnableVoiceoverWIFI>
          <EnableVideocall>true</EnableVideocall>
          <EnableVoLTEindicator>true</EnableVoLTEindicator>
          <Voice_Domain_Preference_EUTRAN>imspsvoicepreferred</Voice_Domain_Preference_EUTRAN>
          <Emregencycall_Domain>ps</Emregencycall_Domain>
          <SRVCCversion>10</SRVCCversion>
          <SS_Domain_Preference>ps_only_psregied</SS_Domain_Preference>
          <SS_PS_Control_Preference>xcap</SS_PS_Control_Preference>
          <SS_CSFBwithIMSerror>true</SS_CSFBwithIMSerror>
          <USSD_Domain_Preference>cs</USSD_Domain_Preference>
          <EnableSMSoverIP>false</EnableSMSoverIP>
        </VoLTE>
      </Setting>
      <Setting>
        <NetworkName>Telia N</NetworkName>
        <Version>3.0</Version>
        <EnableIMS>true</EnableIMS>
        <VoLTE>
          <EnableVoLTE>true</EnableVoLTE>
          <EnableVoiceoverWIFI>true</EnableVoiceoverWIFI>
          <EnableVideocall>false</EnableVideocall>
          <EnableVoLTEindicator>true</EnableVoLTEindicator>
          <Voice_Domain_Preference_EUTRAN>imspsvoicepreferred</Voice_Domain_Preference_EUTRAN>
          <Emregencycall_Domain>ps</Emregencycall_Domain>
          <SRVCCversion>10</SRVCCversion>
          <SS_Domain_Preference>ps_always</SS_Domain_Preference>
          <SS_PS_Control_Preference>xcap</SS_PS_Control_Preference>
          <SS_CSFBwithIMSerror>true</SS_CSFBwithIMSerror>
          <USSD_Domain_Preference>cs</USSD_Domain_Preference>
          <EnableSMSoverIP>true</EnableSMSoverIP>
        </VoLTE>
        <RCS>
          <EnableRCS>false</EnableRCS>
          <EnableRCSchat>false</EnableRCSchat>
        </RCS>
      </Setting>
      <Setting>
        <NetworkName>Telmore</NetworkName>
        <Version>3.0</Version>
        <EnableIMS>true</EnableIMS>
        <VoLTE>
          <EnableVoLTE>true</EnableVoLTE>
          <EnableVoiceoverWIFI>true</EnableVoiceoverWIFI>
          <EnableVideocall>true</EnableVideocall>
          <EnableVoLTEindicator>true</EnableVoLTEindicator>
          <Voice_Domain_Preference_EUTRAN>imspsvoicepreferred</Voice_Domain_Preference_EUTRAN>
          <Emregencycall_Domain>ps</Emregencycall_Domain>
          <SRVCCversion>10</SRVCCversion>
          <SS_Domain_Preference>ps_only_psregied</SS_Domain_Preference>
          <SS_PS_Control_Preference>xcap</SS_PS_Control_Preference>
          <SS_CSFBwithIMSerror>true</SS_CSFBwithIMSerror>
          <USSD_Domain_Preference>cs</USSD_Domain_Preference>
          <EnableSMSoverIP>false</EnableSMSoverIP>
        </VoLTE>
      </Setting>
      <Setting>
        <NetworkName>DNA</NetworkName>
        <Version>3.0</Version>
        <EnableIMS>true</EnableIMS>
        <VoLTE>
          <EnableVoLTE>true</EnableVoLTE>
          <EnableVoiceoverWIFI>true</EnableVoiceoverWIFI>
          <EnableVideocall>false</EnableVideocall>
          <EnableVoLTEindicator>true</EnableVoLTEindicator>
          <Voice_Domain_Preference_EUTRAN>imspsvoicepreferred</Voice_Domain_Preference_EUTRAN>
          <Emregencycall_Domain>ps</Emregencycall_Domain>
          <SRVCCversion>10</SRVCCversion>
          <SS_Domain_Preference>ps_only_volteregied</SS_Domain_Preference>
          <SS_PS_Control_Preference>xcap</SS_PS_Control_Preference>
          <SS_CSFBwithIMSerror>true</SS_CSFBwithIMSerror>
          <USSD_Domain_Preference>cs</USSD_Domain_Preference>
          <EnableSMSoverIP>true</EnableSMSoverIP>
        </VoLTE>
      </Setting>
      <Setting>
        <NetworkName>DNA Pro</NetworkName>
        <Version>3.0</Version>
        <EnableIMS>true</EnableIMS>
        <VoLTE>
          <EnableVoLTE>true</EnableVoLTE>
          <EnableVoiceoverWIFI>true</EnableVoiceoverWIFI>
          <EnableVideocall>false</EnableVideocall>
          <EnableVoLTEindicator>true</EnableVoLTEindicator>
          <Voice_Domain_Preference_EUTRAN>imspsvoicepreferred</Voice_Domain_Preference_EUTRAN>
          <Emregencycall_Domain>ps</Emregencycall_Domain>
          <SRVCCversion>10</SRVCCversion>
          <SS_Domain_Preference>ps_only_volteregied</SS_Domain_Preference>
          <SS_PS_Control_Preference>xcap</SS_PS_Control_Preference>
          <SS_CSFBwithIMSerror>true</SS_CSFBwithIMSerror>
          <USSD_Domain_Preference>cs</USSD_Domain_Preference>
          <EnableSMSoverIP>true</EnableSMSoverIP>
        </VoLTE>
      </Setting>
      <Setting>
        <NetworkName>Elisa</NetworkName>
        <Version>3.0</Version>
        <EnableIMS>true</EnableIMS>
        <VoLTE>
          <EnableVoLTE>true</EnableVoLTE>
          <EnableVoiceoverWIFI>true</EnableVoiceoverWIFI>
          <EnableVideocall>true</EnableVideocall>
          <EnableVoLTEindicator>true</EnableVoLTEindicator>
          <Voice_Domain_Preference_EUTRAN>imspsvoicepreferred</Voice_Domain_Preference_EUTRAN>
          <Emregencycall_Domain>cs</Emregencycall_Domain>
          <SRVCCversion>10</SRVCCversion>
          <SS_Domain_Preference>ps_only_volteregied</SS_Domain_Preference>
          <SS_PS_Control_Preference>xcap</SS_PS_Control_Preference>
          <SS_CSFBwithIMSerror>true</SS_CSFBwithIMSerror>
          <USSD_Domain_Preference>pscs</USSD_Domain_Preference>
          <EnableSMSoverIP>true</EnableSMSoverIP>
        </VoLTE>
      </Setting>
      <Setting>
        <NetworkName>S Telia</NetworkName>
        <Version>3.0</Version>
        <EnableIMS>true</EnableIMS>
        <VoLTE>
          <EnableVoLTE>true</EnableVoLTE>
          <EnableVoiceoverWIFI>true</EnableVoiceoverWIFI>
          <EnableVideocall>false</EnableVideocall>
          <EnableVoLTEindicator>true</EnableVoLTEindicator>
          <Voice_Domain_Preference_EUTRAN>imspsvoicepreferred</Voice_Domain_Preference_EUTRAN>
          <Emregencycall_Domain>ps</Emregencycall_Domain>
          <SRVCCversion>10</SRVCCversion>
          <SS_Domain_Preference>ps_always</SS_Domain_Preference>
          <SS_PS_Control_Preference>xcap</SS_PS_Control_Preference>
          <SS_CSFBwithIMSerror>true</SS_CSFBwithIMSerror>
          <USSD_Domain_Preference>cs</USSD_Domain_Preference>
          <EnableSMSoverIP>true</EnableSMSoverIP>
        </VoLTE>
        <RCS>
          <EnableRCS>false</EnableRCS>
          <EnableRCSchat>false</EnableRCSchat>
        </RCS>
      </Setting>
      <Setting>
        <NetworkName>Nova</NetworkName>
        <Version>3.0</Version>
        <EnableIMS>true</EnableIMS>
        <VoLTE>
          <EnableVoLTE>true</EnableVoLTE>
          <EnableVoiceoverWIFI>false</EnableVoiceoverWIFI>
          <EnableVideocall>true</EnableVideocall>
          <EnableVoLTEindicator>true</EnableVoLTEindicator>
          <Voice_Domain_Preference_EUTRAN>imspsvoicepreferred</Voice_Domain_Preference_EUTRAN>
          <Emregencycall_Domain>cs</Emregencycall_Domain>
          <SRVCCversion>10</SRVCCversion>
          <SS_Domain_Preference>ps_only_volteregied</SS_Domain_Preference>
          <SS_PS_Control_Preference>xcap</SS_PS_Control_Preference>
          <SS_CSFBwithIMSerror>true</SS_CSFBwithIMSerror>
          <USSD_Domain_Preference>cs</USSD_Domain_Preference>
          <EnableSMSoverIP>true</EnableSMSoverIP>
        </VoLTE>
      </Setting>
      <Setting>
        <NetworkName>Telenor SE</NetworkName>
        <Version>3.0</Version>
        <EnableIMS>true</EnableIMS>
        <VoLTE>
          <EnableVoLTE>true</EnableVoLTE>
          <EnableVoiceoverWIFI>true</EnableVoiceoverWIFI>
          <EnableVideocall>true</EnableVideocall>
          <EnableVoLTEindicator>true</EnableVoLTEindicator>
          <Voice_Domain_Preference_EUTRAN>imspsvoicepreferred</Voice_Domain_Preference_EUTRAN>
          <Emregencycall_Domain>ps</Emregencycall_Domain>
          <SRVCCversion>10</SRVCCversion>
          <SS_Domain_Preference>ps_always</SS_Domain_Preference>
          <SS_PS_Control_Preference>xcap</SS_PS_Control_Preference>
          <SS_CSFBwithIMSerror>false</SS_CSFBwithIMSerror>
          <USSD_Domain_Preference>cs</USSD_Domain_Preference>
          <EnableSMSoverIP>true</EnableSMSoverIP>
        </VoLTE>
      </Setting>
      <Setting>
        <NetworkName>OneCall</NetworkName>
        <Version>3.0</Version>
        <EnableIMS>true</EnableIMS>
        <VoLTE>
          <EnableVoLTE>true</EnableVoLTE>
          <EnableVoiceoverWIFI>true</EnableVoiceoverWIFI>
          <EnableVideocall>false</EnableVideocall>
          <EnableVoLTEindicator>true</EnableVoLTEindicator>
          <Voice_Domain_Preference_EUTRAN>imspsvoicepreferred</Voice_Domain_Preference_EUTRAN>
          <Emregencycall_Domain>ps</Emregencycall_Domain>
          <SRVCCversion>10</SRVCCversion>
          <SS_Domain_Preference>ps_always</SS_Domain_Preference>
          <SS_PS_Control_Preference>xcap</SS_PS_Control_Preference>
          <SS_CSFBwithIMSerror>true</SS_CSFBwithIMSerror>
          <USSD_Domain_Preference>cs</USSD_Domain_Preference>
          <EnableSMSoverIP>true</EnableSMSoverIP>
        </VoLTE>
      </Setting>
      <Setting>
        <NetworkName>Halebop</NetworkName>
        <Version>3.0</Version>
        <EnableIMS>true</EnableIMS>
        <VoLTE>
          <EnableVoLTE>true</EnableVoLTE>
          <EnableVoiceoverWIFI>true</EnableVoiceoverWIFI>
          <EnableVideocall>false</EnableVideocall>
          <EnableVoLTEindicator>true</EnableVoLTEindicator>
          <Voice_Domain_Preference_EUTRAN>imspsvoicepreferred</Voice_Domain_Preference_EUTRAN>
          <Emregencycall_Domain>ps</Emregencycall_Domain>
          <SRVCCversion>10</SRVCCversion>
          <SS_Domain_Preference>ps_always</SS_Domain_Preference>
          <SS_PS_Control_Preference>xcap</SS_PS_Control_Preference>
          <SS_CSFBwithIMSerror>true</SS_CSFBwithIMSerror>
          <USSD_Domain_Preference>cs</USSD_Domain_Preference>
          <EnableSMSoverIP>true</EnableSMSoverIP>
        </VoLTE>
        <RCS>
          <EnableRCS>false</EnableRCS>
          <EnableRCSchat>false</EnableRCSchat>
        </RCS>
      </Setting>
      <Setting>
        <NetworkName>Halebop S</NetworkName>
        <Version>3.0</Version>
        <EnableIMS>true</EnableIMS>
        <VoLTE>
          <EnableVoLTE>true</EnableVoLTE>
          <EnableVoiceoverWIFI>true</EnableVoiceoverWIFI>
          <EnableVideocall>false</EnableVideocall>
          <EnableVoLTEindicator>true</EnableVoLTEindicator>
          <Voice_Domain_Preference_EUTRAN>imspsvoicepreferred</Voice_Domain_Preference_EUTRAN>
          <Emregencycall_Domain>ps</Emregencycall_Domain>
          <SRVCCversion>10</SRVCCversion>
          <SS_Domain_Preference>ps_always</SS_Domain_Preference>
          <SS_PS_Control_Preference>xcap</SS_PS_Control_Preference>
          <SS_CSFBwithIMSerror>true</SS_CSFBwithIMSerror>
          <USSD_Domain_Preference>cs</USSD_Domain_Preference>
          <EnableSMSoverIP>true</EnableSMSoverIP>
        </VoLTE>
        <RCS>
          <EnableRCS>false</EnableRCS>
          <EnableRCSchat>false</EnableRCSchat>
        </RCS>
      </Setting>
      <Setting>
        <NetworkName>Telia FI</NetworkName>
        <Version>3.0</Version>
        <EnableIMS>true</EnableIMS>
        <VoLTE>
          <EnableVoLTE>true</EnableVoLTE>
          <EnableVoiceoverWIFI>true</EnableVoiceoverWIFI>
          <EnableVideocall>false</EnableVideocall>
          <EnableVoLTEindicator>true</EnableVoLTEindicator>
          <Voice_Domain_Preference_EUTRAN>imspsvoicepreferred</Voice_Domain_Preference_EUTRAN>
          <Emregencycall_Domain>ps</Emregencycall_Domain>
          <SRVCCversion>10</SRVCCversion>
          <SS_Domain_Preference>ps_always</SS_Domain_Preference>
          <SS_PS_Control_Preference>xcap</SS_PS_Control_Preference>
          <SS_CSFBwithIMSerror>true</SS_CSFBwithIMSerror>
          <USSD_Domain_Preference>cs</USSD_Domain_Preference>
          <EnableSMSoverIP>true</EnableSMSoverIP>
        </VoLTE>
      </Setting>
      <Setting>
        <NetworkName>TELIA DK</NetworkName>
        <Version>3.0</Version>
        <EnableIMS>true</EnableIMS>
        <VoLTE>
          <EnableVoLTE>true</EnableVoLTE>
          <EnableVoiceoverWIFI>true</EnableVoiceoverWIFI>
          <EnableVideocall>false</EnableVideocall>
          <EnableVoLTEindicator>true</EnableVoLTEindicator>
          <Voice_Domain_Preference_EUTRAN>imspsvoicepreferred</Voice_Domain_Preference_EUTRAN>
          <Emregencycall_Domain>ps</Emregencycall_Domain>
          <SRVCCversion>10</SRVCCversion>
          <SS_Domain_Preference>ps_always</SS_Domain_Preference>
          <SS_PS_Control_Preference>xcap</SS_PS_Control_Preference>
          <SS_CSFBwithIMSerror>true</SS_CSFBwithIMSerror>
          <USSD_Domain_Preference>cs</USSD_Domain_Preference>
          <EnableSMSoverIP>true</EnableSMSoverIP>
        </VoLTE>
      </Setting>
      <Setting>
        <NetworkName>CallMe</NetworkName>
        <Version>3.0</Version>
        <EnableIMS>true</EnableIMS>
        <VoLTE>
          <EnableVoLTE>true</EnableVoLTE>
          <EnableVoiceoverWIFI>true</EnableVoiceoverWIFI>
          <EnableVideocall>false</EnableVideocall>
          <EnableVoLTEindicator>true</EnableVoLTEindicator>
          <Voice_Domain_Preference_EUTRAN>imspsvoicepreferred</Voice_Domain_Preference_EUTRAN>
          <Emregencycall_Domain>ps</Emregencycall_Domain>
          <SRVCCversion>10</SRVCCversion>
          <SS_Domain_Preference>ps_always</SS_Domain_Preference>
          <SS_PS_Control_Preference>xcap</SS_PS_Control_Preference>
          <SS_CSFBwithIMSerror>true</SS_CSFBwithIMSerror>
          <USSD_Domain_Preference>cs</USSD_Domain_Preference>
          <EnableSMSoverIP>true</EnableSMSoverIP>
        </VoLTE>
      </Setting>
      <Setting>
        <NetworkName>Mit Tele</NetworkName>
        <Version>3.0</Version>
        <EnableIMS>true</EnableIMS>
        <VoLTE>
          <EnableVoLTE>true</EnableVoLTE>
          <EnableVoiceoverWIFI>true</EnableVoiceoverWIFI>
          <EnableVideocall>false</EnableVideocall>
          <EnableVoLTEindicator>true</EnableVoLTEindicator>
          <Voice_Domain_Preference_EUTRAN>imspsvoicepreferred</Voice_Domain_Preference_EUTRAN>
          <Emregencycall_Domain>ps</Emregencycall_Domain>
          <SRVCCversion>10</SRVCCversion>
          <SS_Domain_Preference>ps_always</SS_Domain_Preference>
          <SS_PS_Control_Preference>xcap</SS_PS_Control_Preference>
          <SS_CSFBwithIMSerror>true</SS_CSFBwithIMSerror>
          <USSD_Domain_Preference>cs</USSD_Domain_Preference>
          <EnableSMSoverIP>true</EnableSMSoverIP>
        </VoLTE>
      </Setting>
      <Setting>
        <NetworkName>ice</NetworkName>
        <Version>3.0</Version>
        <EnableIMS>true</EnableIMS>
        <VoLTE>
          <EnableVoLTE>true</EnableVoLTE>
          <EnableVoiceoverWIFI>true</EnableVoiceoverWIFI>
          <EnableVideocall>false</EnableVideocall>
          <EnableVoLTEindicator>true</EnableVoLTEindicator>
          <Voice_Domain_Preference_EUTRAN>imspsvoicepreferred</Voice_Domain_Preference_EUTRAN>
          <Emregencycall_Domain>cs</Emregencycall_Domain>
          <SRVCCversion>10</SRVCCversion>
          <SS_Domain_Preference>cs_always</SS_Domain_Preference>
          <SS_CSFBwithIMSerror>false</SS_CSFBwithIMSerror>
          <USSD_Domain_Preference>cs</USSD_Domain_Preference>
          <EnableSMSoverIP>true</EnableSMSoverIP>
        </VoLTE>
      </Setting>
      <Setting>
        <NetworkName>Mobilevalue</NetworkName>
        <Version>3.0</Version>
        <EnableIMS>true</EnableIMS>
        <VoLTE>
          <EnableVoLTE>true</EnableVoLTE>
          <EnableVoiceoverWIFI>true</EnableVoiceoverWIFI>
          <EnableVideocall>false</EnableVideocall>
          <EnableVoLTEindicator>true</EnableVoLTEindicator>
          <Voice_Domain_Preference_EUTRAN>imspsvoicepreferred</Voice_Domain_Preference_EUTRAN>
          <Emregencycall_Domain>ps</Emregencycall_Domain>
          <SRVCCversion>10</SRVCCversion>
          <SS_Domain_Preference>ps_always</SS_Domain_Preference>
          <SS_PS_Control_Preference>xcap</SS_PS_Control_Preference>
          <SS_CSFBwithIMSerror>true</SS_CSFBwithIMSerror>
          <USSD_Domain_Preference>cs</USSD_Domain_Preference>
          <EnableSMSoverIP>true</EnableSMSoverIP>
        </VoLTE>
      </Setting>
      <Setting>
        <NetworkName>Telavox</NetworkName>
        <Version>3.0</Version>
        <EnableIMS>true</EnableIMS>
        <VoLTE>
          <EnableVoLTE>true</EnableVoLTE>
          <EnableVoiceoverWIFI>true</EnableVoiceoverWIFI>
          <EnableVideocall>false</EnableVideocall>
          <EnableVoLTEindicator>true</EnableVoLTEindicator>
          <Voice_Domain_Preference_EUTRAN>imspsvoicepreferred</Voice_Domain_Preference_EUTRAN>
          <Emregencycall_Domain>ps</Emregencycall_Domain>
          <SRVCCversion>10</SRVCCversion>
          <SS_Domain_Preference>ps_always</SS_Domain_Preference>
          <SS_PS_Control_Preference>xcap</SS_PS_Control_Preference>
          <SS_CSFBwithIMSerror>true</SS_CSFBwithIMSerror>
          <USSD_Domain_Preference>cs</USSD_Domain_Preference>
          <EnableSMSoverIP>true</EnableSMSoverIP>
        </VoLTE>
      </Setting>
    </IMSSetting>
  </Settings>
</CustomerData>