<?xml version="1.0" encoding="UTF-8"?>
<CustomerData>
  <GeneralInfo>
    <CSCEdition>ED0002</CSCEdition>
    <Country>Poland</Country>
    <CountryISO>PL</CountryISO>
    <Region>EUR</Region>
    <SalesCode>PRT</SalesCode>
    <NbNetworkInfo>2</NbNetworkInfo>
    <NetworkInfo>
      <MCCMNC>26006</MCCMNC>
      <NetworkName>PLAY</NetworkName>
      <NWID>NW01006</NWID>
    </NetworkInfo>
    <NetworkInfo>
      <MCCMNC>26098</MCCMNC>
      <NetworkName>PLAY</NetworkName>
      <NWID>NW01006</NWID>
    </NetworkInfo>
  </GeneralInfo>
  <Settings>
    <Main>
      <Security>
        <OneSIMLock>none</OneSIMLock>
        <SeparateLock>none</SeparateLock>
      </Security>
      <Network>
        <NbMaxPDP>1</NbMaxPDP>
        <MaxPDP>
          <NetworkName>PLAY</NetworkName>
          <MaxPDP2G>4</MaxPDP2G>
        </MaxPDP>
        <NbFastDormancy>1</NbFastDormancy>
        <FastDormancy>
          <NetworkName>PLAY</NetworkName>
          <FastDormancyEnableStatus>on</FastDormancyEnableStatus>
        </FastDormancy>
        <NbWbAmr>1</NbWbAmr>
        <WbAmr>
          <NetworkName>PLAY</NetworkName>
          <WbAmrCodec>on</WbAmrCodec>
        </WbAmr>
        <AutoProfile>off</AutoProfile>
      </Network>
      <Sound>
        <RngToneAlertType>vibmelody</RngToneAlertType>
        <MsgToneAlertType>vibmelody</MsgToneAlertType>
        <NbMessageTone>1</NbMessageTone>
        <MessageTone src="/Customer/PRT/Messagetone/Wiadomosc.mp3" default="true">
          <Position>1</Position>
          <FileType>MP3</FileType>
        </MessageTone>
        <NbRingTone>1</NbRingTone>
        <RingTone src="/Customer/PRT/Ringtone/PLAY.mp3" default="true">
          <Position>1</Position>
          <FileType>MP3</FileType>
        </RingTone>
      </Sound>
      <Phone>
        <DefLanguage>pl_PL</DefLanguage>
        <DefLanguageNoSIM>pl_PL</DefLanguageNoSIM>
        <T9Enabling>enable</T9Enabling>
        <T9Language>polish</T9Language>
        <DateTimeFormat>
          <DateFormat>ddmmyyyy</DateFormat>
          <TimeFormat>24h</TimeFormat>
        </DateTimeFormat>
        <WeekendSetting>satsun</WeekendSetting>
        <AutoSyncCommon>on</AutoSyncCommon>
        <UnknownSource>off</UnknownSource>
      </Phone>
      <Display>
        <NbLockScreenBG>1</NbLockScreenBG>
        <LockScreenBG src="/Customer/PRT/LockScreenImage/lockscreen_default_wallpaper.jpg" width="3200" height="3200" default="true">
          <FileType>JPG</FileType>
        </LockScreenBG>
        <NbWallpaper>9</NbWallpaper>
        <Wallpaper src="/Customer/PRT/Wallpaper/3D_3200x3200.jpg" width="3200" height="3200">
          <Position>1</Position>
          <FileType>JPG</FileType>
        </Wallpaper>
        <Wallpaper src="/Customer/PRT/Wallpaper/3D_3200x3200_bezB.jpg" width="3200" height="3200">
          <Position>2</Position>
          <FileType>JPG</FileType>
        </Wallpaper>
        <Wallpaper src="/Customer/PRT/Wallpaper/bable_3200x3200.jpg" width="3200" height="3200">
          <Position>3</Position>
          <FileType>JPG</FileType>
        </Wallpaper>
        <Wallpaper src="/Customer/PRT/Wallpaper/bable_3200x3200_bezB.jpg" width="3200" height="3200">
          <Position>4</Position>
          <FileType>JPG</FileType>
        </Wallpaper>
        <Wallpaper src="/Customer/PRT/Wallpaper/brokat_3200x3200.jpg" width="3200" height="3200">
          <Position>5</Position>
          <FileType>JPG</FileType>
        </Wallpaper>
        <Wallpaper src="/Customer/PRT/Wallpaper/brokat_3200x3200_bezB.jpg" width="3200" height="3200">
          <Position>6</Position>
          <FileType>JPG</FileType>
        </Wallpaper>
        <Wallpaper src="/Customer/PRT/Wallpaper/default_wallpaper.jpg" width="3200" height="3200" default="true">
          <Position>7</Position>
          <FileType>JPG</FileType>
        </Wallpaper>
        <Wallpaper src="/Customer/PRT/Wallpaper/geometria_3200x3200.jpg" width="3200" height="3200">
          <Position>8</Position>
          <FileType>JPG</FileType>
        </Wallpaper>
        <Wallpaper src="/Customer/PRT/Wallpaper/geometria_3200x3200_bezB.jpg" width="3200" height="3200">
          <Position>9</Position>
          <FileType>JPG</FileType>
        </Wallpaper>
      </Display>
    </Main>
    <Contact>
      <SavePosition>ask</SavePosition>
    </Contact>
    <Calendar>
      <StartDay>monday</StartDay>
    </Calendar>
    <Messages>
      <NbVoicemail>1</NbVoicemail>
      <Voicemail>
        <NetworkName>PLAY</NetworkName>
        <TelNum>+48790200200</TelNum>
      </Voicemail>
      <SMS>
        <DeliveryReport>off</DeliveryReport>
        <MsgTypeThreshold>
          <ThresholdValue>6</ThresholdValue>
          <ThresholdType>pagecount</ThresholdType>
        </MsgTypeThreshold>
        <CharSupport>gsmalpha</CharSupport>
        <SSMS>off</SSMS>
        <CellBroadcast>off</CellBroadcast>
        <DeleteOldMessage>off</DeleteOldMessage>
        <PreviewMessage>on</PreviewMessage>
      </SMS>
      <MMS>
        <MMSVersion>1.2</MMSVersion>
        <MmsSending>
          <ReqDeliveryRep>off</ReqDeliveryRep>
          <ReqReadRep>off</ReqReadRep>
          <MessageSize>300</MessageSize>
          <CreationMode>warning</CreationMode>
        </MmsSending>
        <MmsReceiving>
          <Home>auto</Home>
          <Roaming>manual</Roaming>
        </MmsReceiving>
      </MMS>
      <Email>
        <EmailSending>
          <Signature>Wysłano z mojego smartfonu w Play</Signature>
        </EmailSending>
        <EmailReceiving>
          <AutoPoll>off</AutoPoll>
          <PollTime>off</PollTime>
          <KeepServer>on</KeepServer>
        </EmailReceiving>
        <NbAccount>1</NbAccount>
        <Account>
          <Incoming>
            <MailboxType>pop3</MailboxType>
            <Port>110</Port>
            <Secure>off</Secure>
          </Incoming>
          <Outgoing>
            <Port>25</Port>
            <SmtpAuth>on</SmtpAuth>
            <Secure>off</Secure>
          </Outgoing>
        </Account>
      </Email>
    </Messages>
    <NbFOTA>1</NbFOTA>
    <FOTA>
      <NetworkName>PLAY</NetworkName>
    </FOTA>
    <ActiveSync>
      <UseSSL>on</UseSSL>
      <AcceptAllSSLCert>on</AcceptAllSSLCert>
      <Signature>Wysłano z mojego smartfonu w PLAY</Signature>
      <SyncSchedule>
        <PeakDuration>push</PeakDuration>
      </SyncSchedule>
    </ActiveSync>
    <Browser>
      <NbBookmark>2</NbBookmark>
      <Bookmark>
        <NetworkName>default</NetworkName>
        <Index>1</Index>
        <BookmarkName>Google</BookmarkName>
        <URL>http://www.google.com/m?client={CID}&amp;source=android-home</URL>
      </Bookmark>
      <Bookmark>
        <NetworkName>default</NetworkName>
        <Editable>yes</Editable>
        <Index>2</Index>
        <BookmarkName>Galaxy Shop</BookmarkName>
        <URL>https://www.samsung.com/pl/mobile/?cid=pl_owned_app_s-internet_none_none_bookmark_bookmark_202008_none</URL>
      </Bookmark>
      <eManual>
        <URL>http://www.samsung.com/m-manual/common</URL>
      </eManual>
    </Browser>
    <Connections>
      <NbProfileHandle>1</NbProfileHandle>
      <ProfileHandle>
        <NbNetProfile>4</NbNetProfile>
        <NetworkName>PLAY</NetworkName>
        <ProfBrowser>PLAY Internet</ProfBrowser>
        <ProfMMS>PLAY MMS</ProfMMS>
        <ProfIMS>PLAY IMS</ProfIMS>
        <ProfXCAP>PLAY XCAP</ProfXCAP>
        <ProfEpdg>PLAY IMS</ProfEpdg>
      </ProfileHandle>
      <NbProfile>4</NbProfile>
      <Profile>
        <NetworkName>PLAY</NetworkName>
        <IpVersion>ipv4v6</IpVersion>
        <RoamingIpVersion>ipv4v6</RoamingIpVersion>
        <Editable>yes</Editable>
        <ProfileName>PLAY Internet</ProfileName>
        <URL>http://m.play.pl</URL>
        <Auth>none</Auth>
        <Bearer>ps</Bearer>
        <Protocol>other</Protocol>
        <Proxy>
          <EnableFlag>off</EnableFlag>
        </Proxy>
        <PSparam>
          <APN>internet</APN>
        </PSparam>
      </Profile>
      <Profile>
        <NetworkName>PLAY</NetworkName>
        <IpVersion>ipv4v6</IpVersion>
        <RoamingIpVersion>ipv4v6</RoamingIpVersion>
        <Editable>yes</Editable>
        <ProfileName>PLAY MMS</ProfileName>
        <URL>http://mmsc.play.pl/mms/wapenc</URL>
        <Auth>none</Auth>
        <Protocol>http</Protocol>
        <PSparam>
          <APN>mms</APN>
        </PSparam>
      </Profile>
      <Profile>
        <NetworkName>PLAY</NetworkName>
        <IpVersion>ipv4v6</IpVersion>
        <RoamingIpVersion>ipv4v6</RoamingIpVersion>
        <Editable>yes</Editable>
        <ProfileName>PLAY IMS</ProfileName>
        <Auth>none</Auth>
        <Protocol>other</Protocol>
        <Proxy>
          <EnableFlag>off</EnableFlag>
        </Proxy>
        <PSparam>
          <APN>ims</APN>
        </PSparam>
      </Profile>
      <Profile>
        <NetworkName>PLAY</NetworkName>
        <IpVersion>ipv4v6</IpVersion>
        <RoamingIpVersion>ipv4v6</RoamingIpVersion>
        <Editable>yes</Editable>
        <ProfileName>PLAY XCAP</ProfileName>
        <Auth>none</Auth>
        <Bearer>ps</Bearer>
        <Protocol>other</Protocol>
        <Proxy>
          <EnableFlag>off</EnableFlag>
        </Proxy>
        <PSparam>
          <APN>xcap</APN>
        </PSparam>
      </Profile>
    </Connections>
    <IMSSetting>
      <NbSetting>1</NbSetting>
      <Setting>
        <NetworkName>PLAY</NetworkName>
        <Version>3.0</Version>
        <EnableIMS>true</EnableIMS>
        <VoLTE>
          <EnableVoLTE>true</EnableVoLTE>
          <EnableVoiceoverWIFI>true</EnableVoiceoverWIFI>
          <EnableVideocall>true</EnableVideocall>
          <EnableVoLTEindicator>true</EnableVoLTEindicator>
          <Voice_Domain_Preference_EUTRAN>imspsvoicepreferred</Voice_Domain_Preference_EUTRAN>
          <Emregencycall_Domain>cs</Emregencycall_Domain>
          <SRVCCversion>10</SRVCCversion>
          <SS_Domain_Preference>ps_only_volteregied</SS_Domain_Preference>
          <SS_PS_Control_Preference>xcap</SS_PS_Control_Preference>
          <SS_CSFBwithIMSerror>true</SS_CSFBwithIMSerror>
          <USSD_Domain_Preference>pscs</USSD_Domain_Preference>
          <EnableSMSoverIP>true</EnableSMSoverIP>
        </VoLTE>
        <RCS>
          <EnableRCS>true</EnableRCS>
          <EnableRCSchat>true</EnableRCSchat>
        </RCS>
      </Setting>
    </IMSSetting>
  </Settings>
</CustomerData>