<?xml version="1.0" encoding="UTF-8"?>
<CustomerData>
  <GeneralInfo>
    <CSCEdition>ED0001</CSCEdition>
    <Country>New Zealand</Country>
    <CountryISO>NZ</CountryISO>
    <Region>SEA</Region>
    <SalesCode>VNZ</SalesCode>
    <NbNetworkInfo>1</NbNetworkInfo>
    <NetworkInfo>
      <MCCMNC>53001</MCCMNC>
      <NetworkName>Vodafone NZ</NetworkName>
      <NWID>NW01503</NWID>
      <SPName>vodafone NZ</SPName>
    </NetworkInfo>
  </GeneralInfo>
  <Settings>
    <Main>
      <Security>
        <OneSIMLock>none</OneSIMLock>
        <SeparateLock>none</SeparateLock>
      </Security>
      <Network>
        <NbMaxPDP>1</NbMaxPDP>
        <MaxPDP>
          <NetworkName>Vodafone NZ</NetworkName>
          <MaxPDP2G>4</MaxPDP2G>
        </MaxPDP>
        <NbFastDormancy>1</NbFastDormancy>
        <FastDormancy>
          <NetworkName>Vodafone NZ</NetworkName>
          <FastDormancyEnableStatus>off</FastDormancyEnableStatus>
          <LCDStatus>on</LCDStatus>
        </FastDormancy>
        <NbWbAmr>1</NbWbAmr>
        <WbAmr>
          <NetworkName>Vodafone NZ</NetworkName>
          <WbAmrCodec>on</WbAmrCodec>
        </WbAmr>
        <NbSOSNumber>3</NbSOSNumber>
        <SOSNumber>111</SOSNumber>
        <SOSNumber>112</SOSNumber>
        <SOSNumber>911</SOSNumber>
        <NbSOSNumberNoSIM>3</NbSOSNumberNoSIM>
        <SOSNumberNoSIM>111</SOSNumberNoSIM>
        <SOSNumberNoSIM>112</SOSNumberNoSIM>
        <SOSNumberNoSIM>911</SOSNumberNoSIM>
        <AutoProfile>off</AutoProfile>
      </Network>
      <Sound>
        <RngToneAlertType>melody</RngToneAlertType>
        <RngVolume>4</RngVolume>
        <KeyTone>
          <KeyVolume>4</KeyVolume>
        </KeyTone>
        <MsgToneAlertType>melody</MsgToneAlertType>
        <MsgToneVolume>4</MsgToneVolume>
        <TouchTone>on</TouchTone>
        <ExtraSound>
          <ConnectTone>off</ConnectTone>
          <CallEndTone>off</CallEndTone>
        </ExtraSound>
        <AMRVoiceCodec>on</AMRVoiceCodec>
      </Sound>
      <Phone>
        <DefLanguage>en_NZ</DefLanguage>
        <DefLanguageNoSIM>en_NZ</DefLanguageNoSIM>
        <T9Enabling>enable</T9Enabling>
        <T9Language>english</T9Language>
        <DateTimeFormat>
          <DateFormat>ddmmyyyy</DateFormat>
          <TimeFormat>12h</TimeFormat>
          <TimezoneUpdate>on</TimezoneUpdate>
        </DateTimeFormat>
      </Phone>
    </Main>
    <Contact>
      <SavePosition>sim</SavePosition>
      <ContactSort>firstname</ContactSort>
    </Contact>
    <Calendar>
      <StartDay>sunday</StartDay>
    </Calendar>
    <Messages>
      <NbVoicemail>1</NbVoicemail>
      <Voicemail>
        <NetworkName>Vodafone NZ</NetworkName>
        <VoicemailName>Voicemail</VoicemailName>
        <TelNum>+6421700700</TelNum>
      </Voicemail>
      <PushMsg>
        <RecOption>on</RecOption>
        <PushLoading>prompt</PushLoading>
      </PushMsg>
      <SMS>
        <DeliveryReport>off</DeliveryReport>
        <MsgTypeThreshold>
          <ThresholdValue>5</ThresholdValue>
          <ThresholdType>pagecount</ThresholdType>
        </MsgTypeThreshold>
        <CharSupport>automatic</CharSupport>
        <SSMS>off</SSMS>
        <PreviewMessage>on</PreviewMessage>
      </SMS>
      <MMS>
        <MMSVersion>1.2</MMSVersion>
        <MmsSending>
          <ReqDeliveryRep>off</ReqDeliveryRep>
          <ReqReadRep>off</ReqReadRep>
          <MessageSize>300</MessageSize>
          <CreationMode>warning</CreationMode>
        </MmsSending>
        <MmsReceiving>
          <Home>auto</Home>
          <Roaming>manual</Roaming>
        </MmsReceiving>
      </MMS>
      <Email>
        <EmailReceiving>
          <AutoPoll>off</AutoPoll>
          <KeepServer>on</KeepServer>
        </EmailReceiving>
        <NbAccount>1</NbAccount>
        <Account>
          <NetworkName>Vodafone NZ</NetworkName>
          <AccountName>Vodafone Mail</AccountName>
          <EmailAddr>@vodafone.net.nz</EmailAddr>
          <LoginType>domain_type</LoginType>
          <Incoming>
            <MailboxType>imap4</MailboxType>
            <ServAddr>imap.vodafone.net.nz</ServAddr>
            <Port>143</Port>
            <Secure>off</Secure>
          </Incoming>
          <Outgoing>
            <ServAddr>smtp2.vodafone.net.nz</ServAddr>
            <Port>25</Port>
            <SmtpAuth>on</SmtpAuth>
            <Secure>off</Secure>
          </Outgoing>
        </Account>
      </Email>
    </Messages>
    <Wifi>
      <CheckInternet>off</CheckInternet>
    </Wifi>
    <NbFOTA>1</NbFOTA>
    <FOTA>
      <NetworkName>Vodafone NZ</NetworkName>
    </FOTA>
    <Browser>
      <NbBookmark>1</NbBookmark>
      <Bookmark>
        <NetworkName>default</NetworkName>
        <Index>1</Index>
        <BookmarkName>Google</BookmarkName>
        <URL>http://www.google.com/m?client={CID}&amp;source=android-home</URL>
      </Bookmark>
    </Browser>
    <Connections>
      <NbProfileHandle>1</NbProfileHandle>
      <ProfileHandle>
        <NbNetProfile>4</NbNetProfile>
        <NetworkName>Vodafone NZ</NetworkName>
        <ProfBrowser>VFNZ Internet</ProfBrowser>
        <ProfMMS>VFNZ PXT</ProfMMS>
        <ProfEmail>VFNZ Internet</ProfEmail>
        <ProfIM>VFNZ Internet</ProfIM>
        <ProfStreaming>VFNZ Internet</ProfStreaming>
        <ProfSyncDS>VFNZ Internet</ProfSyncDS>
        <ProfActiveSync>VFNZ Internet</ProfActiveSync>
        <ProfSyncDM>VFNZ Internet</ProfSyncDM>
        <ProfSGPS>VFNZ Internet</ProfSGPS>
        <ProfWidget>VFNZ Internet</ProfWidget>
        <ProfIntSharing>VFNZ Internet</ProfIntSharing>
        <ProfRCS>VFNZ Internet</ProfRCS>
        <ProfIMS>IMS</ProfIMS>
        <ProfXCAP>XCAP</ProfXCAP>
      </ProfileHandle>
      <NbProfile>4</NbProfile>
      <Profile>
        <NetworkName>Vodafone NZ</NetworkName>
        <Editable>yes</Editable>
        <HiddenStatus>show</HiddenStatus>
        <ProfileName>VFNZ PXT</ProfileName>
        <URL>http://pxt.vodafone.net.nz/pxtsend</URL>
        <Auth>normal</Auth>
        <Bearer>ps</Bearer>
        <Protocol>http</Protocol>
        <Proxy>
          <EnableFlag>on</EnableFlag>
          <ServAddr>172.030.038.003</ServAddr>
          <Port>8080</Port>
        </Proxy>
        <PSparam>
          <APN>live.vodafone.com</APN>
        </PSparam>
      </Profile>
      <Profile>
        <NetworkName>Vodafone NZ</NetworkName>
        <Editable>yes</Editable>
        <HiddenStatus>show</HiddenStatus>
        <ProfileName>VFNZ Internet</ProfileName>
        <URL>http://www.vodafone.co.nz</URL>
        <Auth>normal</Auth>
        <Bearer>ps</Bearer>
        <Protocol>http</Protocol>
        <Proxy>
          <EnableFlag>off</EnableFlag>
        </Proxy>
        <PSparam>
          <APN>vodafone</APN>
        </PSparam>
      </Profile>
      <Profile>
        <NetworkName>Vodafone NZ</NetworkName>
        <IpVersion>ipv4v6</IpVersion>
        <Editable>no</Editable>
        <HiddenStatus>hidden</HiddenStatus>
        <ProfileName>IMS</ProfileName>
        <Auth>normal</Auth>
        <Bearer>ps</Bearer>
        <Protocol>http</Protocol>
        <Proxy>
          <EnableFlag>off</EnableFlag>
        </Proxy>
        <PSparam>
          <APN>IMS</APN>
        </PSparam>
      </Profile>
      <Profile>
        <NetworkName>Vodafone NZ</NetworkName>
        <IpVersion>ipv4v6</IpVersion>
        <HiddenStatus>hidden</HiddenStatus>
        <ProfileName>XCAP</ProfileName>
        <Auth>normal</Auth>
        <Bearer>ps</Bearer>
        <Protocol>http</Protocol>
        <Proxy>
          <EnableFlag>off</EnableFlag>
        </Proxy>
        <PSparam>
          <APN>xcap</APN>
        </PSparam>
      </Profile>
    </Connections>
    <IMSSetting>
      <NbSetting>1</NbSetting>
      <Setting>
        <NetworkName>Vodafone NZ</NetworkName>
        <Version>3.0</Version>
        <EnableIMS>true</EnableIMS>
        <VoLTE>
          <EnableVoLTE>true</EnableVoLTE>
          <EnableVoiceoverWIFI>false</EnableVoiceoverWIFI>
          <EnableVideocall>true</EnableVideocall>
          <EnableVoLTEindicator>true</EnableVoLTEindicator>
          <Voice_Domain_Preference_EUTRAN>imspsvoicepreferred</Voice_Domain_Preference_EUTRAN>
          <Emregencycall_Domain>ps</Emregencycall_Domain>
          <SRVCCversion>10</SRVCCversion>
          <SS_Domain_Preference>ps_always</SS_Domain_Preference>
          <SS_PS_Control_Preference>xcap</SS_PS_Control_Preference>
          <SS_CSFBwithIMSerror>false</SS_CSFBwithIMSerror>
          <USSD_Domain_Preference>pscs</USSD_Domain_Preference>
          <EnableSMSoverIP>false</EnableSMSoverIP>
        </VoLTE>
      </Setting>
    </IMSSetting>
  </Settings>
</CustomerData>