<?xml version="1.0" encoding="UTF-8"?>
<CustomerData>
  <GeneralInfo>
    <CSCEdition>ED0002</CSCEdition>
    <Country>The Netherlands</Country>
    <CountryISO>NL</CountryISO>
    <Region>EUR</Region>
    <SalesCode>VDF</SalesCode>
    <NbNetworkInfo>1</NbNetworkInfo>
    <NetworkInfo>
      <MCCMNC>20404</MCCMNC>
      <NetworkName>vodafone NL</NetworkName>
      <NWID>NW01494</NWID>
    </NetworkInfo>
  </GeneralInfo>
  <Settings>
    <Main>
      <Security>
        <OneSIMLock>none</OneSIMLock>
        <SeparateLock>none</SeparateLock>
      </Security>
      <Network>
        <NbFastDormancy>4</NbFastDormancy>
        <FastDormancy>
          <NetworkName>vodafone NL</NetworkName>
          <FastDormancyEnableStatus>off</FastDormancyEnableStatus>
          <LCDStatus>on</LCDStatus>
        </FastDormancy>
        <FastDormancy>
          <NetworkName>vodafone NL</NetworkName>
          <FastDormancyEnableStatus>on</FastDormancyEnableStatus>
          <TimeoutValue>5</TimeoutValue>
          <LCDStatus>off</LCDStatus>
        </FastDormancy>
        <FastDormancy>
          <NetworkName>vodafone NL</NetworkName>
          <FastDormancyEnableStatus>off</FastDormancyEnableStatus>
          <LCDStatus>on</LCDStatus>
          <Version>rel8</Version>
        </FastDormancy>
        <FastDormancy>
          <NetworkName>vodafone NL</NetworkName>
          <FastDormancyEnableStatus>on</FastDormancyEnableStatus>
          <TimeoutValue>5</TimeoutValue>
          <LCDStatus>off</LCDStatus>
          <Version>rel8</Version>
        </FastDormancy>
        <NbWbAmr>1</NbWbAmr>
        <WbAmr>
          <NetworkName>vodafone NL</NetworkName>
          <WbAmrCodec>on</WbAmrCodec>
        </WbAmr>
      </Network>
      <Sound>
        <ExtraSound>
          <ConnectTone>off</ConnectTone>
        </ExtraSound>
      </Sound>
      <Phone>
        <DefLanguage>nl_NL</DefLanguage>
        <DefLanguageNoSIM>nl_NL</DefLanguageNoSIM>
        <T9Enabling>enable</T9Enabling>
        <DateTimeFormat>
          <DateFormat>ddmmyyyy</DateFormat>
          <TimeFormat>24h</TimeFormat>
        </DateTimeFormat>
      </Phone>
    </Main>
    <Contact>
      <SavePosition>sim</SavePosition>
    </Contact>
    <Messages>
      <NbVoicemail>1</NbVoicemail>
      <Voicemail>
        <NetworkName>vodafone NL</NetworkName>
        <TelNum>+31654501233</TelNum>
      </Voicemail>
      <PushMsg>
        <PushLoading>prompt</PushLoading>
      </PushMsg>
      <SMS>
        <MsgTypeThreshold>
          <ThresholdValue>10</ThresholdValue>
          <ThresholdType>pagecount</ThresholdType>
        </MsgTypeThreshold>
        <MaxRecipient>20</MaxRecipient>
        <CellBroadcast>off</CellBroadcast>
      </SMS>
      <Email>
        <NbAccount>2</NbAccount>
        <Account>
          <NetworkName>vodafone NL</NetworkName>
          <AccountName>Vodafone Mail</AccountName>
          <EmailAddr>@vodafone.nl</EmailAddr>
          <Incoming>
            <MailboxType>pop3</MailboxType>
            <ServAddr>pop3.vodafone.nl</ServAddr>
            <Port>995</Port>
            <Secure>ssl</Secure>
          </Incoming>
          <Outgoing>
            <ServAddr>authsmtp.vodafone.nl</ServAddr>
            <Port>465</Port>
            <SmtpAuth>on</SmtpAuth>
            <Secure>ssl</Secure>
          </Outgoing>
        </Account>
        <Account>
          <NetworkName>vodafone NL</NetworkName>
          <AccountName>Gmail</AccountName>
          <EmailAddr>@gmail.com</EmailAddr>
          <Incoming>
            <MailboxType>pop3</MailboxType>
            <ServAddr>pop.gmail.com</ServAddr>
            <Port>995</Port>
            <Secure>ssl</Secure>
          </Incoming>
          <Outgoing>
            <ServAddr>smtp.gmail.com</ServAddr>
            <Port>465</Port>
            <SmtpAuth>on</SmtpAuth>
            <Secure>ssl</Secure>
          </Outgoing>
        </Account>
      </Email>
    </Messages>
    <Browser>
      <NbBookmark>3</NbBookmark>
      <Bookmark>
        <NetworkName>vodafone NL</NetworkName>
        <BookmarkName>My Vodafone</BookmarkName>
        <URL>https://www.vodafone.nl/my</URL>
      </Bookmark>
      <Bookmark>
        <NetworkName>vodafone NL</NetworkName>
        <BookmarkName>Vodafone</BookmarkName>
        <URL>https://www.vodafone.nl</URL>
      </Bookmark>
      <Bookmark>
        <NetworkName>default</NetworkName>
        <Editable>yes</Editable>
        <BookmarkName>Galaxy Shop</BookmarkName>
        <URL>https://www.samsung.com/nl/mobile/?cid=nl_owned_app_s-internet_none_none_bookmark_bookmark_202008_none</URL>
      </Bookmark>
      <eManual>
        <URL>http://www.samsung.com/m-manual/voda</URL>
      </eManual>
    </Browser>
    <GPS>
      <NbAGPS>1</NbAGPS>
      <AGPS>
        <TLS>on</TLS>
        <ServAddr>supl.vodafone.com</ServAddr>
        <Port>7275</Port>
      </AGPS>
    </GPS>
    <Connections>
      <NbProfileHandle>1</NbProfileHandle>
      <ProfileHandle>
        <NbNetProfile>2</NbNetProfile>
        <NetworkName>vodafone NL</NetworkName>
        <ProfBrowser>Vodafone Internet</ProfBrowser>
        <ProfIMS>IMS</ProfIMS>
        <ProfXCAP>Vodafone Internet</ProfXCAP>
      </ProfileHandle>
      <NbProfile>2</NbProfile>
      <Profile>
        <NetworkName>vodafone NL</NetworkName>
        <Editable>no</Editable>
        <ProfileName>Vodafone Internet</ProfileName>
        <URL>https://www.vodafone.nl</URL>
        <Auth>normal</Auth>
        <Bearer>ps</Bearer>
        <Protocol>http</Protocol>
        <PSparam>
          <APN>live.vodafone.com</APN>
          <UserId>vodafone</UserId>
          <Password>vodafone</Password>
        </PSparam>
      </Profile>
      <Profile>
        <NetworkName>vodafone NL</NetworkName>
        <IpVersion>ipv4v6</IpVersion>
        <Editable>no</Editable>
        <HiddenStatus>hidden</HiddenStatus>
        <ProfileName>IMS</ProfileName>
        <Auth>none</Auth>
        <Protocol>http</Protocol>
        <PSparam>
          <APN>ims</APN>
        </PSparam>
      </Profile>
    </Connections>
    <IMSSetting>
      <NbSetting>1</NbSetting>
      <Setting>
        <NetworkName>vodafone NL</NetworkName>
        <Version>3.0</Version>
        <EnableIMS>true</EnableIMS>
        <VoLTE>
          <EnableVoLTE>true</EnableVoLTE>
          <EnableVoiceoverWIFI>true</EnableVoiceoverWIFI>
          <EnableVideocall>false</EnableVideocall>
          <EnableVoLTEindicator>false</EnableVoLTEindicator>
          <Voice_Domain_Preference_EUTRAN>imspsvoicepreferred</Voice_Domain_Preference_EUTRAN>
          <Emregencycall_Domain>ps</Emregencycall_Domain>
          <SRVCCversion>10</SRVCCversion>
          <SS_Domain_Preference>ps_only_volteregied</SS_Domain_Preference>
          <SS_PS_Control_Preference>xcap</SS_PS_Control_Preference>
          <SS_CSFBwithIMSerror>true</SS_CSFBwithIMSerror>
          <USSD_Domain_Preference>cs</USSD_Domain_Preference>
          <EnableSMSoverIP>false</EnableSMSoverIP>
        </VoLTE>
      </Setting>
    </IMSSetting>
  </Settings>
</CustomerData>