<?xml version="1.0" encoding="UTF-8"?>
<SamsungMobileFeature>
  <NetworkVersion>ED00003</NetworkVersion>
  <NetworkCountry>AUSTRALIA</NetworkCountry>
  <NetworkCountryISO>AU</NetworkCountryISO>
  <NetworkCode>VAU</NetworkCode>
  <FeatureSet>
    <CscFeature_RIL_ConfigEccListDuringEncryptionMode>505</CscFeature_RIL_ConfigEccListDuringEncryptionMode>
    <CscFeature_RIL_ConfigEpdgE911RoutingPolicy>NoService</CscFeature_RIL_ConfigEpdgE911RoutingPolicy>
    <CscFeature_RIL_ConfigGlobalModuleType>LTE</CscFeature_RIL_ConfigGlobalModuleType>
    <CscFeature_RIL_ConfigNetworkTypeCapability>EUR-EUR-GSM-EUR</CscFeature_RIL_ConfigNetworkTypeCapability>
    <CscFeature_RIL_DataPrefDataTechSnapShot>TRUE</CscFeature_RIL_DataPrefDataTechSnapShot>
    <CscFeature_RIL_Display4gPlusIconBandwidth>100</CscFeature_RIL_Display4gPlusIconBandwidth>
    <CscFeature_RIL_DisplayAntennaLimited>TRUE</CscFeature_RIL_DisplayAntennaLimited>
    <CscFeature_RIL_DisplayPlmnnameSimload>TRUE</CscFeature_RIL_DisplayPlmnnameSimload>
    <CscFeature_RIL_DisplayRatInfoInManualNetSearchList>TRUE</CscFeature_RIL_DisplayRatInfoInManualNetSearchList>
    <CscFeature_RIL_DisplayStkUssdDialog>TRUE</CscFeature_RIL_DisplayStkUssdDialog>
    <CscFeature_RIL_E911RoutingPolicy>auto</CscFeature_RIL_E911RoutingPolicy>
    <CscFeature_RIL_FixedAutomaticSearch>TRUE</CscFeature_RIL_FixedAutomaticSearch>
    <CscFeature_RIL_GcfSor>TRUE</CscFeature_RIL_GcfSor>
    <CscFeature_RIL_ReferEonsWithoutLac>TRUE</CscFeature_RIL_ReferEonsWithoutLac>
    <CscFeature_RIL_ReferSpnOnManualSearch>TRUE</CscFeature_RIL_ReferSpnOnManualSearch>
    <CscFeature_RIL_SendDynamicSVN>TRUE</CscFeature_RIL_SendDynamicSVN>
    <CscFeature_RIL_SetNetworkTypeWhenRadioOff>TRUE</CscFeature_RIL_SetNetworkTypeWhenRadioOff>
    <CscFeature_RIL_SupportImsClirOverriding>TRUE</CscFeature_RIL_SupportImsClirOverriding>
    <CscFeature_RIL_SupportRegistrationLocationInfo>TRUE</CscFeature_RIL_SupportRegistrationLocationInfo>
    <CscFeature_RIL_SupportVolte>TRUE</CscFeature_RIL_SupportVolte>
    <CscFeature_RIL_WbamrDefaultOn>TRUE</CscFeature_RIL_WbamrDefaultOn>
    <CscFeature_Setting_CustNetworkSelMenu4>NUMERIC</CscFeature_Setting_CustNetworkSelMenu4>
    <CscFeature_Setting_DataRoamingOption>national</CscFeature_Setting_DataRoamingOption>
    <CscFeature_Setting_DisableNetworkMode>gsmonly</CscFeature_Setting_DisableNetworkMode>
    <CscFeature_Setting_SupportWiFiCallingMenu>TRUE</CscFeature_Setting_SupportWiFiCallingMenu>
    <CscFeature_Setting_SupportWifiCall>TRUE</CscFeature_Setting_SupportWifiCall>
    <CscFeature_SyncML_EnableNotiDeltaBinarySizeBeforeDownload>TRUE</CscFeature_SyncML_EnableNotiDeltaBinarySizeBeforeDownload>
    <CscFeature_VoiceCall_ConfigOpStyleForEmergencyDialCall>DisableMuteHold,EndPreviousCall</CscFeature_VoiceCall_ConfigOpStyleForEmergencyDialCall>
    <CscFeature_VoiceCall_ConfigOpStyleForMobileNetSetting>voltesettingscommon,checknonvoltesim,voltesettingOPS</CscFeature_VoiceCall_ConfigOpStyleForMobileNetSetting>
    <CscFeature_VoiceCall_ConfigOpStyleForNetworkSetting>StopNetworkSearchingOnPause</CscFeature_VoiceCall_ConfigOpStyleForNetworkSetting>
    <CscFeature_VoiceCall_ConfigOpStyleMobileNetworkSettingMenu>-voltecall</CscFeature_VoiceCall_ConfigOpStyleMobileNetworkSettingMenu>
  </FeatureSet>
</SamsungMobileFeature>
