<?xml version="1.0" encoding="UTF-8"?>
<SamsungMobileFeature>
  <Version>ED00001</Version>
  <Country>SWITZERLAND</Country>
  <CountryISO>CH</CountryISO>
  <SalesCode>EUY</SalesCode>
  <FeatureSet>
    <CscFeature_Audio_SupportSafeMediaVolumeDialog>TRUE</CscFeature_Audio_SupportSafeMediaVolumeDialog>
    <CscFeature_Contact_SupportDuoVideoCall>TRUE</CscFeature_Contact_SupportDuoVideoCall>
    <CscFeature_SetupWizard_ConfigProvidedCountrySet>AT_AT;CH_CH;LI_CH;BG_BG;GB_GB;IE_GB;DE_DE;GR_GR;IT_IT;MT_IT;SM_IT;VA_IT;BE_LU;LU_LU;SE_SE;DK_SE;FI_SE;NO_SE;IS_SE;ES_ES;AD_ES;NL_NL;EE_LV;LT_LV;LV_LV;RS_RS;XK_RS;BA_RS;AL_RS;MK_RS;ME_RS;HR_SI;SI_SI;PT_PT;RO_RO;FR_FR;MC_FR;HU_HU;PL_PL;CZ_CZ;SK_SK</CscFeature_SetupWizard_ConfigProvidedCountrySet>
    <CscFeature_SetupWizard_ConfigProvidedLocaleSet>en;fr_rCA;de;it;es_rES;pt_rPT;nl;sq_rAL;hr;mk_rMK;sr;sl;ko_KR;zh_rCN</CscFeature_SetupWizard_ConfigProvidedLocaleSet>
    <CscFeature_SetupWizard_DisablePrivacyPolicyAgreement>TRUE</CscFeature_SetupWizard_DisablePrivacyPolicyAgreement>
    <CscFeature_VT_ConfigBearer>-CSVT</CscFeature_VT_ConfigBearer>
    <CscFeature_Weather_ConfigCpType>TWC</CscFeature_Weather_ConfigCpType>
    <CscFeature_Wifi_SupportBlockSkipForSetupWizard>TRUE</CscFeature_Wifi_SupportBlockSkipForSetupWizard>
    
    <!-- Additions -->
    <CscFeature_Camera_ShutterSoundMenu>TRUE</CscFeature_Camera_ShutterSoundMenu>
    <CscFeature_Setting_EnableMenuBlockCallMsg>TRUE</CscFeature_Setting_EnableMenuBlockCallMsg>
    <CscFeature_SystemUI_SupportRecentAppProtection>TRUE</CscFeature_SystemUI_SupportRecentAppProtection>
    <CscFeature_VoiceCall_ConfigRecording>RecordingAllowed</CscFeature_VoiceCall_ConfigRecording>
    <CscFeature_Message_SupportAntiPhishing>TRUE</CscFeature_Message_SupportAntiPhishing>
    <CscFeature_Message_DisableSpam>TRUE</CscFeature_Message_DisableSpam>
    <CscFeature_Music_SupportPlaybackDuringCall>TRUE</CscFeature_Music_SupportPlaybackDuringCall>
    <CscFeature_Video_SupportPlayDuringCall>TRUE</CscFeature_Video_SupportPlayDuringCall>
    <CscFeature_Camera_EnableCameraDuringCall>TRUE</CscFeature_Camera_EnableCameraDuringCall>
  </FeatureSet>
</SamsungMobileFeature>
