<?xml version="1.0" encoding="UTF-8"?>
<CustomerData>
  <GeneralInfo>
    <CSCEdition>ED0002</CSCEdition>
    <Country>New Zealand</Country>
    <CountryISO>NZ</CountryISO>
    <Region>SEA</Region>
    <SalesCode>NZO</SalesCode>
  </GeneralInfo>
  <Settings>
    <Main>
      <Security>
        <OneSIMLock>none</OneSIMLock>
        <SeparateLock>none</SeparateLock>
      </Security>
      <Phone>
        <DefLanguage>en_NZ</DefLanguage>
        <DefLanguageNoSIM>en_NZ</DefLanguageNoSIM>
      </Phone>
    </Main>
    <Browser>
      <NbBookmark>1</NbBookmark>
      <Bookmark>
        <NetworkName>default</NetworkName>
        <BookmarkName>Google</BookmarkName>
        <URL>http://www.google.com/m?client={CID}&amp;source=android-home</URL>
      </Bookmark>
      <eManual>
        <URL>http://www.samsung.com/m-manual/common</URL>
      </eManual>
    </Browser>
  </Settings>
</CustomerData>