<?xml version="1.0" encoding="UTF-8"?>
<CustomerData>
  <GeneralInfo>
    <CSCEdition>ED0002</CSCEdition>
    <Country>ITALY</Country>
    <CountryISO>IT</CountryISO>
    <Region>EUR</Region>
    <SalesCode>ITV</SalesCode>
    <NbNetworkInfo>25</NbNetworkInfo>
    <NetworkInfo>
      <MCCMNC>22201</MCCMNC>
      <NetworkName>TIM</NetworkName>
      <NWID>NW01299</NWID>
    </NetworkInfo>
    <NetworkInfo>
      <MCCMNC>22210</MCCMNC>
      <NetworkName>vodafone IT</NetworkName>
      <NWID>NW01500</NWID>
    </NetworkInfo>
    <NetworkInfo>
      <MCCMNC>22299</MCCMNC>
      <NetworkName>WINDTRE</NetworkName>
      <NWID>NW02006</NWID>
    </NetworkInfo>
    <NetworkInfo>
      <MCCMNC>22288</MCCMNC>
      <NetworkName>WINDTRE</NetworkName>
      <NWID>NW02006</NWID>
    </NetworkInfo>
    <NetworkInfo>
      <MCCMNC>22288</MCCMNC>
      <NetworkName>VERY</NetworkName>
      <NWID>NW02007</NWID>
      <CodeType>HEX</CodeType>
      <SubsetCode>0000000099</SubsetCode>
    </NetworkInfo>
    <NetworkInfo>
      <MCCMNC>22299</MCCMNC>
      <NetworkName>VERY</NetworkName>
      <NWID>NW02007</NWID>
      <CodeType>HEX</CodeType>
      <SubsetCode>0000000099</SubsetCode>
    </NetworkInfo>
    <NetworkInfo>
      <MCCMNC>22299</MCCMNC>
      <NetworkName>FASTWEB</NetworkName>
      <NWID>NW00462</NWID>
      <SPCode>800</SPCode>
      <SPName>FASTWEB</SPName>
    </NetworkInfo>
    <NetworkInfo>
      <MCCMNC>22208</MCCMNC>
      <NetworkName>FASTWEB1</NetworkName>
      <NWID>NW00463</NWID>
    </NetworkInfo>
    <NetworkInfo>
      <MCCMNC>22801</MCCMNC>
      <NetworkName>FASTWEB2</NetworkName>
      <NWID>NW00507</NWID>
      <SPName>FASTWEB</SPName>
    </NetworkInfo>
    <NetworkInfo>
      <MCCMNC>22233</MCCMNC>
      <NetworkName>Poste Mobile</NetworkName>
      <NWID>NW01048</NWID>
    </NetworkInfo>
    <NetworkInfo>
      <MCCMNC>22201</MCCMNC>
      <NetworkName>Tiscali</NetworkName>
      <NWID>NW01302</NWID>
      <SPName>tiscali mobile</SPName>
    </NetworkInfo>
    <NetworkInfo>
      <MCCMNC>22201</MCCMNC>
      <NetworkName>CoopVoce1</NetworkName>
      <NWID>NW00336</NWID>
      <SPName>COOP</SPName>
    </NetworkInfo>
    <NetworkInfo>
      <MCCMNC>22201</MCCMNC>
      <NetworkName>CoopVoce2</NetworkName>
      <NWID>NW00304</NWID>
      <SPName>COOP ¡OBILE</SPName>
    </NetworkInfo>
    <NetworkInfo>
      <MCCMNC>22201</MCCMNC>
      <NetworkName>CoopVoce3</NetworkName>
      <NWID>NW00305</NWID>
      <SPName>COOP MOBILE</SPName>
    </NetworkInfo>
    <NetworkInfo>
      <MCCMNC>22253</MCCMNC>
      <NetworkName>CoopVoce IT</NetworkName>
      <NWID>NW01968</NWID>
    </NetworkInfo>
    <NetworkInfo>
      <MCCMNC>22201</MCCMNC>
      <NetworkName>CoopVoce IT R</NetworkName>
      <NWID>NW01969</NWID>
      <CodeType>HEX</CodeType>
      <SubsetCode>434F4F50FFFFFFFFFF</SubsetCode>
      <SPName>CoopVoce</SPName>
    </NetworkInfo>
    <NetworkInfo>
      <MCCMNC>22234</MCCMNC>
      <NetworkName>British Telecom</NetworkName>
      <NWID>NW00241</NWID>
    </NetworkInfo>
    <NetworkInfo>
      <MCCMNC>22201</MCCMNC>
      <NetworkName>BTItalia</NetworkName>
      <NWID>NW00175</NWID>
      <SPName>BT Italia</SPName>
    </NetworkInfo>
    <NetworkInfo>
      <MCCMNC>22201</MCCMNC>
      <NetworkName>BTEnia</NetworkName>
      <NWID>NW00174</NWID>
      <SPName>BT Enia</SPName>
    </NetworkInfo>
    <NetworkInfo>
      <MCCMNC>22207</MCCMNC>
      <NetworkName>Kena Mobile</NetworkName>
      <NWID>NW00644</NWID>
    </NetworkInfo>
    <NetworkInfo>
      <MCCMNC>22201</MCCMNC>
      <NetworkName>Kena Mobile R</NetworkName>
      <NWID>NW00642</NWID>
      <SPName>Kena Mobile R</SPName>
    </NetworkInfo>
    <NetworkInfo>
      <MCCMNC>22210</MCCMNC>
      <NetworkName>ho.</NetworkName>
      <NWID>NW01590</NWID>
      <SPName>ho.</SPName>
    </NetworkInfo>
    <NetworkInfo>
      <MCCMNC>22250</MCCMNC>
      <NetworkName>Iliad</NetworkName>
      <NWID>NW01626</NWID>
      <CodeType>HEX</CodeType>
      <SubsetCode>F003</SubsetCode>
    </NetworkInfo>
    <NetworkInfo>
      <MCCMNC>20815</MCCMNC>
      <NetworkName>Iliad Int</NetworkName>
      <NWID>NW01637</NWID>
      <CodeType>HEX</CodeType>
      <SubsetCode>F003</SubsetCode>
    </NetworkInfo>
    <NetworkInfo>
      <MCCMNC>27801</MCCMNC>
      <NetworkName>vodafone MT</NetworkName>
      <NWID>NW01493</NWID>
    </NetworkInfo>
  </GeneralInfo>
  <Settings>
    <Main>
      <Security>
        <OneSIMLock>none</OneSIMLock>
        <SeparateLock>none</SeparateLock>
      </Security>
      <Network>
        <NbFastDormancy>6</NbFastDormancy>
        <FastDormancy>
          <NetworkName>TIM</NetworkName>
          <FastDormancyEnableStatus>on</FastDormancyEnableStatus>
        </FastDormancy>
        <FastDormancy>
          <NetworkName>vodafone IT</NetworkName>
          <FastDormancyEnableStatus>on</FastDormancyEnableStatus>
        </FastDormancy>
        <FastDormancy>
          <NetworkName>WINDTRE</NetworkName>
          <FastDormancyEnableStatus>on</FastDormancyEnableStatus>
          <TimeoutValue>3</TimeoutValue>
          <LCDStatus>on</LCDStatus>
          <Version>rel8</Version>
        </FastDormancy>
        <FastDormancy>
          <NetworkName>WINDTRE</NetworkName>
          <FastDormancyEnableStatus>on</FastDormancyEnableStatus>
          <TimeoutValue>3</TimeoutValue>
          <LCDStatus>off</LCDStatus>
          <Version>rel8</Version>
        </FastDormancy>
        <FastDormancy>
          <NetworkName>VERY</NetworkName>
          <FastDormancyEnableStatus>on</FastDormancyEnableStatus>
          <TimeoutValue>3</TimeoutValue>
          <LCDStatus>on</LCDStatus>
          <Version>rel8</Version>
        </FastDormancy>
        <FastDormancy>
          <NetworkName>VERY</NetworkName>
          <FastDormancyEnableStatus>on</FastDormancyEnableStatus>
          <TimeoutValue>3</TimeoutValue>
          <LCDStatus>off</LCDStatus>
          <Version>rel8</Version>
        </FastDormancy>
        <NbWbAmr>4</NbWbAmr>
        <WbAmr>
          <NetworkName>WINDTRE</NetworkName>
          <WbAmrCodec>on</WbAmrCodec>
        </WbAmr>
        <WbAmr>
          <NetworkName>VERY</NetworkName>
          <WbAmrCodec>on</WbAmrCodec>
        </WbAmr>
        <WbAmr>
          <NetworkName>TIM</NetworkName>
          <WbAmrCodec>on</WbAmrCodec>
        </WbAmr>
        <WbAmr>
          <NetworkName>vodafone IT</NetworkName>
          <WbAmrCodec>on</WbAmrCodec>
        </WbAmr>
        <NbSOSNumber>2</NbSOSNumber>
        <SOSNumber>112</SOSNumber>
        <SOSNumber>911</SOSNumber>
        <NbSOSNumberNoSIM>8</NbSOSNumberNoSIM>
        <SOSNumberNoSIM>112</SOSNumberNoSIM>
        <SOSNumberNoSIM>911</SOSNumberNoSIM>
        <SOSNumberNoSIM>999</SOSNumberNoSIM>
        <SOSNumberNoSIM>000</SOSNumberNoSIM>
        <SOSNumberNoSIM>08</SOSNumberNoSIM>
        <SOSNumberNoSIM>110</SOSNumberNoSIM>
        <SOSNumberNoSIM>119</SOSNumberNoSIM>
        <SOSNumberNoSIM>118</SOSNumberNoSIM>
        <AutoProfile>on</AutoProfile>
        <AutoVoicemail>off</AutoVoicemail>
        <AutoEmailAccount>off</AutoEmailAccount>
        <AutoBookmark>off</AutoBookmark>
        <AutoLink>off</AutoLink>
        <AutoSyncML>off</AutoSyncML>
        <AutoFastDormancy>on</AutoFastDormancy>
        <AutoWbAmr>on</AutoWbAmr>
        <AutoFOTA>off</AutoFOTA>
      </Network>
      <Sound>
        <TouchTone>off</TouchTone>
        <ExtraSound>
          <ConnectTone>on</ConnectTone>
          <CallEndTone>on</CallEndTone>
        </ExtraSound>
      </Sound>
      <Phone>
        <AlertOnCall>on</AlertOnCall>
        <DefLanguage>it_IT</DefLanguage>
        <DefLanguageNoSIM>it_IT</DefLanguageNoSIM>
        <T9Enabling>enable</T9Enabling>
        <T9Language>italian</T9Language>
        <DateTimeFormat>
          <DateFormat>ddmmyyyy</DateFormat>
          <TimeFormat>24h</TimeFormat>
          <TimezoneUpdate>on</TimezoneUpdate>
        </DateTimeFormat>
        <AutoSyncCommon>on</AutoSyncCommon>
        <Motion>
          <DoubleTapToTop>on</DoubleTapToTop>
          <SmartAlert>on</SmartAlert>
        </Motion>
      </Phone>
    </Main>
    <Contact>
      <SavePosition>ask</SavePosition>
    </Contact>
    <Calendar>
      <StartDay>monday</StartDay>
    </Calendar>
    <Messages>
      <PushMsg>
        <PushLoading>prompt</PushLoading>
      </PushMsg>
      <SMS>
        <DeliveryReport>off</DeliveryReport>
        <MsgTypeThreshold>
          <ThresholdValue>10</ThresholdValue>
          <ThresholdType>pagecount</ThresholdType>
        </MsgTypeThreshold>
        <CharSupport>gsmalpha</CharSupport>
        <SSMS>off</SSMS>
        <FontSizeByVolumeKey>on</FontSizeByVolumeKey>
      </SMS>
      <MMS>
        <MmsSending>
          <ReqDeliveryRep>off</ReqDeliveryRep>
          <ReqReadRep>off</ReqReadRep>
          <MessageSize>300</MessageSize>
        </MmsSending>
        <MmsReceiving>
          <Home>auto</Home>
          <Roaming>manual</Roaming>
        </MmsReceiving>
      </MMS>
      <Email>
        <EmailReceiving>
          <AutoPoll>off</AutoPoll>
          <KeepServer>on</KeepServer>
        </EmailReceiving>
      </Email>
    </Messages>
    <Browser>
      <NbBookmark>3</NbBookmark>
      <Bookmark>
        <NetworkName>default</NetworkName>
        <Editable>yes</Editable>
        <Index>1</Index>
        <BookmarkName>Google</BookmarkName>
        <URL>http://www.google.com/m?client={CID}&amp;source=android-home</URL>
      </Bookmark>
      <Bookmark>
        <NetworkName>default</NetworkName>
        <Editable>no</Editable>
        <Index>2</Index>
        <BookmarkName>Contenuti e Servizi</BookmarkName>
        <URL>http://content.samsung.com</URL>
      </Bookmark>
      <Bookmark>
        <NetworkName>default</NetworkName>
        <Editable>yes</Editable>
        <Index>3</Index>
        <BookmarkName>Galaxy Shop</BookmarkName>
        <URL>https://www.samsung.com/it/mobile/?cid=it_owned_app_s-internet_none_none_bookmark_bookmark_202008_none</URL>
      </Bookmark>
      <eManual>
        <URL>http://www.samsung.com/m-manual/common</URL>
      </eManual>
    </Browser>
    <Connections>
      <NbProfileHandle>23</NbProfileHandle>
      <ProfileHandle>
        <NbNetProfile>5</NbNetProfile>
        <NetworkName>TIM</NetworkName>
        <ProfBrowser>WAP TIM</ProfBrowser>
        <ProfMMS>iTIM</ProfMMS>
        <ProfAGPS>WAP TIM</ProfAGPS>
        <ProfIntSharing>TIM WEB</ProfIntSharing>
        <ProfIMS>IMS</ProfIMS>
        <ProfXCAP>XCAP</ProfXCAP>
      </ProfileHandle>
      <ProfileHandle>
        <NbNetProfile>4</NbNetProfile>
        <NetworkName>vodafone IT</NetworkName>
        <ProfBrowser>Acc. Internet da cell</ProfBrowser>
        <ProfMMS>MMS Vodafone</ProfMMS>
        <ProfAGPS>Acc. Internet da cell</ProfAGPS>
        <ProfIntSharing>Tethering Internet</ProfIntSharing>
        <ProfIMS>IMS</ProfIMS>
        <ProfXCAP>Acc. Internet da cell</ProfXCAP>
      </ProfileHandle>
      <ProfileHandle>
        <NbNetProfile>4</NbNetProfile>
        <NetworkName>WINDTRE</NetworkName>
        <ProfBrowser>INTERNET</ProfBrowser>
        <ProfMMS>MMS</ProfMMS>
        <ProfAGPS>INTERNET</ProfAGPS>
        <ProfIMS>ims</ProfIMS>
        <ProfXCAP>xcap</ProfXCAP>
      </ProfileHandle>
      <ProfileHandle>
        <NbNetProfile>4</NbNetProfile>
        <NetworkName>VERY</NetworkName>
        <ProfBrowser>INTERNET</ProfBrowser>
        <ProfMMS>MMS</ProfMMS>
        <ProfAGPS>INTERNET</ProfAGPS>
        <ProfIMS>ims</ProfIMS>
        <ProfXCAP>xcap</ProfXCAP>
      </ProfileHandle>
      <ProfileHandle>
        <NbNetProfile>2</NbNetProfile>
        <NetworkName>FASTWEB</NetworkName>
        <ProfBrowser>FASTWEB WEB</ProfBrowser>
        <ProfMMS>FASTWEB MMS</ProfMMS>
        <ProfAGPS>FASTWEB WEB</ProfAGPS>
      </ProfileHandle>
      <ProfileHandle>
        <NbNetProfile>2</NbNetProfile>
        <NetworkName>FASTWEB1</NetworkName>
        <ProfBrowser>FW WEB</ProfBrowser>
        <ProfMMS>FW MMS</ProfMMS>
        <ProfAGPS>FW WEB</ProfAGPS>
      </ProfileHandle>
      <ProfileHandle>
        <NbNetProfile>2</NbNetProfile>
        <NetworkName>FASTWEB2</NetworkName>
        <ProfBrowser>FW WEB</ProfBrowser>
        <ProfMMS>FW MMS</ProfMMS>
        <ProfAGPS>FW WEB</ProfAGPS>
      </ProfileHandle>
      <ProfileHandle>
        <NbNetProfile>2</NbNetProfile>
        <NetworkName>Poste Mobile</NetworkName>
        <ProfBrowser>PosteMobile WAP</ProfBrowser>
        <ProfMMS>PosteMobile MMS</ProfMMS>
        <ProfAGPS>PosteMobile WAP</ProfAGPS>
      </ProfileHandle>
      <ProfileHandle>
        <NbNetProfile>2</NbNetProfile>
        <NetworkName>Tiscali</NetworkName>
        <ProfBrowser>Tiscali INTERNET</ProfBrowser>
        <ProfMMS>Tiscali MMS</ProfMMS>
        <ProfAGPS>Tiscali INTERNET</ProfAGPS>
      </ProfileHandle>
      <ProfileHandle>
        <NbNetProfile>2</NbNetProfile>
        <NetworkName>CoopVoce1</NetworkName>
        <ProfBrowser>CoopVoce WEB</ProfBrowser>
        <ProfMMS>CoopVoce MMS</ProfMMS>
        <ProfAGPS>CoopVoce WEB</ProfAGPS>
      </ProfileHandle>
      <ProfileHandle>
        <NbNetProfile>2</NbNetProfile>
        <NetworkName>CoopVoce2</NetworkName>
        <ProfBrowser>CoopVoce WEB</ProfBrowser>
        <ProfMMS>CoopVoce MMS</ProfMMS>
        <ProfAGPS>CoopVoce WEB</ProfAGPS>
      </ProfileHandle>
      <ProfileHandle>
        <NbNetProfile>2</NbNetProfile>
        <NetworkName>CoopVoce3</NetworkName>
        <ProfBrowser>CoopVoce WEB</ProfBrowser>
        <ProfMMS>CoopVoce MMS</ProfMMS>
        <ProfAGPS>CoopVoce WEB</ProfAGPS>
      </ProfileHandle>
      <ProfileHandle>
        <NbNetProfile>2</NbNetProfile>
        <NetworkName>CoopVoce IT</NetworkName>
        <ProfBrowser>WEB CoopVoce</ProfBrowser>
        <ProfMMS>MMS CoopVoce</ProfMMS>
        <ProfAGPS>WEB CoopVoce</ProfAGPS>
        <ProfIntSharing>WEB CoopVoce</ProfIntSharing>
      </ProfileHandle>
      <ProfileHandle>
        <NbNetProfile>2</NbNetProfile>
        <NetworkName>CoopVoce IT R</NetworkName>
        <ProfBrowser>WEB CoopVoce</ProfBrowser>
        <ProfMMS>MMS CoopVoce</ProfMMS>
        <ProfAGPS>WEB CoopVoce</ProfAGPS>
        <ProfIntSharing>WEB CoopVoce</ProfIntSharing>
      </ProfileHandle>
      <ProfileHandle>
        <NbNetProfile>2</NbNetProfile>
        <NetworkName>British Telecom</NetworkName>
        <ProfBrowser>BT Internet</ProfBrowser>
        <ProfMMS>BT MMS</ProfMMS>
        <ProfAGPS>BT Internet</ProfAGPS>
      </ProfileHandle>
      <ProfileHandle>
        <NbNetProfile>2</NbNetProfile>
        <NetworkName>BTItalia</NetworkName>
        <ProfBrowser>BT Internet</ProfBrowser>
        <ProfMMS>BT MMS</ProfMMS>
        <ProfAGPS>BT Internet</ProfAGPS>
      </ProfileHandle>
      <ProfileHandle>
        <NbNetProfile>2</NbNetProfile>
        <NetworkName>BTEnia</NetworkName>
        <ProfBrowser>BT Internet</ProfBrowser>
        <ProfMMS>BT MMS</ProfMMS>
        <ProfAGPS>BT Internet</ProfAGPS>
      </ProfileHandle>
      <ProfileHandle>
        <NbNetProfile>2</NbNetProfile>
        <NetworkName>Kena Mobile</NetworkName>
        <ProfBrowser>Kena Mobile Web</ProfBrowser>
        <ProfMMS>Kena Mobile MMS</ProfMMS>
        <ProfAGPS>Kena Mobile Web</ProfAGPS>
      </ProfileHandle>
      <ProfileHandle>
        <NbNetProfile>2</NbNetProfile>
        <NetworkName>Kena Mobile R</NetworkName>
        <ProfBrowser>Kena Mobile Web</ProfBrowser>
        <ProfMMS>Kena Mobile MMS</ProfMMS>
        <ProfAGPS>Kena Mobile Web</ProfAGPS>
      </ProfileHandle>
      <ProfileHandle>
        <NbNetProfile>3</NbNetProfile>
        <NetworkName>ho.</NetworkName>
        <ProfBrowser>Web Ho Mobile</ProfBrowser>
        <ProfAGPS>Web Ho Mobile</ProfAGPS>
        <ProfIntSharing>Internet Ho Mobile</ProfIntSharing>
        <ProfIMS>IMS</ProfIMS>
      </ProfileHandle>
      <ProfileHandle>
        <NbNetProfile>1</NbNetProfile>
        <NetworkName>Iliad</NetworkName>
        <ProfBrowser>Iliad</ProfBrowser>
        <ProfMMS>Iliad</ProfMMS>
        <ProfAGPS>Iliad</ProfAGPS>
      </ProfileHandle>
      <ProfileHandle>
        <NbNetProfile>1</NbNetProfile>
        <NetworkName>Iliad Int</NetworkName>
        <ProfBrowser>Iliad Int</ProfBrowser>
        <ProfMMS>Iliad Int</ProfMMS>
        <ProfAGPS>Iliad Int</ProfAGPS>
      </ProfileHandle>
      <ProfileHandle>
        <NbNetProfile>2</NbNetProfile>
        <NetworkName>vodafone MT</NetworkName>
        <ProfBrowser>Vodafone MT-Connect</ProfBrowser>
        <ProfMMS>Vodafone MT-MMS</ProfMMS>
        <ProfEmail>Vodafone MT-Connect</ProfEmail>
        <ProfIM>Vodafone MT-Connect</ProfIM>
        <ProfStreaming>Vodafone MT-Connect</ProfStreaming>
        <ProfSyncDS>Vodafone MT-Connect</ProfSyncDS>
        <ProfActiveSync>Vodafone MT-Connect</ProfActiveSync>
        <ProfAGPS>Vodafone MT-Connect</ProfAGPS>
        <ProfWidget>Vodafone MT-Connect</ProfWidget>
        <ProfIntSharing>Vodafone MT-Connect</ProfIntSharing>
      </ProfileHandle>
      <NbProfile>54</NbProfile>
      <Profile>
        <NetworkName>TIM</NetworkName>
        <Editable>yes</Editable>
        <ProfileName>WAP TIM</ProfileName>
        <Auth>normal</Auth>
        <Bearer>ps</Bearer>
        <Protocol>http</Protocol>
        <PSparam>
          <APN>wap.tim.it</APN>
          <UserId>WAPTIM</UserId>
          <Password>WAPTIM</Password>
        </PSparam>
      </Profile>
      <Profile>
        <NetworkName>TIM</NetworkName>
        <Editable>yes</Editable>
        <ProfileName>iTIM</ProfileName>
        <URL>http://mms.tim.it/servlets/mms</URL>
        <Auth>none</Auth>
        <Bearer>ps</Bearer>
        <Protocol>http</Protocol>
        <Proxy>
          <EnableFlag>on</EnableFlag>
          <ServAddr>213.230.130.89</ServAddr>
          <Port>80</Port>
        </Proxy>
        <PSparam>
          <APN>unico.tim.it</APN>
        </PSparam>
      </Profile>
      <Profile>
        <NetworkName>TIM</NetworkName>
        <Editable>yes</Editable>
        <ProfileName>TIM WEB</ProfileName>
        <Auth>none</Auth>
        <Bearer>ps</Bearer>
        <Protocol>other</Protocol>
        <Proxy>
          <EnableFlag>off</EnableFlag>
        </Proxy>
        <PSparam>
          <APN>ibox.tim.it</APN>
        </PSparam>
      </Profile>
      <Profile>
        <NetworkName>TIM</NetworkName>
        <IpVersion>ipv4v6</IpVersion>
        <Editable>yes</Editable>
        <HiddenStatus>hidden</HiddenStatus>
        <ProfileName>IMS</ProfileName>
        <Auth>none</Auth>
        <Protocol>http</Protocol>
        <PSparam>
          <APN>ims</APN>
        </PSparam>
      </Profile>
      <Profile>
        <NetworkName>TIM</NetworkName>
        <IpVersion>ipv4v6</IpVersion>
        <Editable>yes</Editable>
        <HiddenStatus>hidden</HiddenStatus>
        <ProfileName>XCAP</ProfileName>
        <Auth>none</Auth>
        <Protocol>http</Protocol>
        <PSparam>
          <APN>xcap.tim.it</APN>
        </PSparam>
      </Profile>
      <Profile>
        <NetworkName>vodafone IT</NetworkName>
        <Editable>yes</Editable>
        <ProfileName>MMS Vodafone</ProfileName>
        <URL>http://mms.vodafone.it/servlets/mms</URL>
        <Auth>none</Auth>
        <Bearer>ps</Bearer>
        <Protocol>http</Protocol>
        <MTUSize>1350</MTUSize>
        <Proxy>
          <EnableFlag>on</EnableFlag>
          <ServAddr>10.128.224.10</ServAddr>
          <Port>80</Port>
        </Proxy>
        <PSparam>
          <APN>mms.vodafone.it</APN>
        </PSparam>
        <CSparam>
          <TelNum>+393482002024</TelNum>
          <CallType>analog</CallType>
        </CSparam>
      </Profile>
      <Profile>
        <NetworkName>vodafone IT</NetworkName>
        <Editable>yes</Editable>
        <ProfileName>Tethering Internet</ProfileName>
        <Auth>none</Auth>
        <Bearer>ps</Bearer>
        <MTUSize>1350</MTUSize>
        <Proxy>
          <EnableFlag>off</EnableFlag>
        </Proxy>
        <PSparam>
          <APN>web.omnitel.it</APN>
        </PSparam>
      </Profile>
      <Profile>
        <NetworkName>vodafone IT</NetworkName>
        <Editable>yes</Editable>
        <ProfileName>Acc. Internet da cell</ProfileName>
        <Auth>none</Auth>
        <Bearer>ps</Bearer>
        <Protocol>http</Protocol>
        <MTUSize>1350</MTUSize>
        <Proxy>
          <EnableFlag>off</EnableFlag>
        </Proxy>
        <PSparam>
          <APN>mobile.vodafone.it</APN>
        </PSparam>
        <CSparam>
          <TelNum>+393492002821</TelNum>
          <CallType>analog</CallType>
        </CSparam>
      </Profile>
      <Profile>
        <NetworkName>vodafone IT</NetworkName>
        <IpVersion>ipv4v6</IpVersion>
        <RoamingIpVersion>ipv4v6</RoamingIpVersion>
        <Editable>yes</Editable>
        <HiddenStatus>hidden</HiddenStatus>
        <ProfileName>IMS</ProfileName>
        <Auth>normal</Auth>
        <Protocol>other</Protocol>
        <MTUSize>1350</MTUSize>
        <PSparam>
          <APN>ims</APN>
        </PSparam>
      </Profile>
      <Profile>
        <NetworkName>WINDTRE</NetworkName>
        <Editable>yes</Editable>
        <ProfileName>MMS</ProfileName>
        <URL>http://mms.windtre.it</URL>
        <Auth>none</Auth>
        <Bearer>ps</Bearer>
        <Protocol>http</Protocol>
        <Proxy>
          <EnableFlag>on</EnableFlag>
          <ServAddr>mmsproxy.windtre.it</ServAddr>
          <Port>8080</Port>
        </Proxy>
        <PSparam>
          <APN>mms.it</APN>
        </PSparam>
      </Profile>
      <Profile>
        <NetworkName>WINDTRE</NetworkName>
        <Editable>yes</Editable>
        <ProfileName>INTERNET</ProfileName>
        <Auth>none</Auth>
        <Bearer>ps</Bearer>
        <Protocol>http</Protocol>
        <Proxy>
          <EnableFlag>off</EnableFlag>
        </Proxy>
        <PSparam>
          <APN>internet.it</APN>
        </PSparam>
      </Profile>
      <Profile>
        <NetworkName>WINDTRE</NetworkName>
        <IpVersion>ipv4</IpVersion>
        <Editable>no</Editable>
        <HiddenStatus>hidden</HiddenStatus>
        <ProfileName>ims</ProfileName>
        <Auth>none</Auth>
        <PSparam>
          <APN>ims</APN>
        </PSparam>
      </Profile>
      <Profile>
        <NetworkName>WINDTRE</NetworkName>
        <IpVersion>ipv4</IpVersion>
        <Editable>no</Editable>
        <HiddenStatus>hidden</HiddenStatus>
        <ProfileName>xcap</ProfileName>
        <Proxy>
          <EnableFlag>off</EnableFlag>
        </Proxy>
        <PSparam>
          <APN>xcap</APN>
        </PSparam>
      </Profile>
      <Profile>
        <NetworkName>VERY</NetworkName>
        <Editable>yes</Editable>
        <ProfileName>INTERNET</ProfileName>
        <Auth>none</Auth>
        <Bearer>ps</Bearer>
        <Protocol>http</Protocol>
        <Proxy>
          <EnableFlag>off</EnableFlag>
        </Proxy>
        <PSparam>
          <APN>internet.it</APN>
        </PSparam>
      </Profile>
      <Profile>
        <NetworkName>VERY</NetworkName>
        <Editable>yes</Editable>
        <ProfileName>MMS</ProfileName>
        <URL>http://mms.windtre.it</URL>
        <Auth>none</Auth>
        <Bearer>ps</Bearer>
        <Protocol>http</Protocol>
        <Proxy>
          <EnableFlag>on</EnableFlag>
          <ServAddr>mmsproxy.windtre.it</ServAddr>
          <Port>8080</Port>
        </Proxy>
        <PSparam>
          <APN>mms.it</APN>
        </PSparam>
      </Profile>
      <Profile>
        <NetworkName>VERY</NetworkName>
        <IpVersion>ipv4</IpVersion>
        <Editable>no</Editable>
        <HiddenStatus>hidden</HiddenStatus>
        <ProfileName>ims</ProfileName>
        <Auth>none</Auth>
        <PSparam>
          <APN>ims</APN>
        </PSparam>
      </Profile>
      <Profile>
        <NetworkName>VERY</NetworkName>
        <IpVersion>ipv4</IpVersion>
        <Editable>no</Editable>
        <HiddenStatus>hidden</HiddenStatus>
        <ProfileName>xcap</ProfileName>
        <Proxy>
          <EnableFlag>off</EnableFlag>
        </Proxy>
        <PSparam>
          <APN>xcap</APN>
        </PSparam>
      </Profile>
      <Profile>
        <NetworkName>FASTWEB</NetworkName>
        <Editable>yes</Editable>
        <ProfileName>FASTWEB WEB</ProfileName>
        <Auth>none</Auth>
        <Bearer>ps</Bearer>
        <Protocol>http</Protocol>
        <Proxy>
          <EnableFlag>off</EnableFlag>
        </Proxy>
        <PSparam>
          <APN>apn.fastweb.it</APN>
        </PSparam>
      </Profile>
      <Profile>
        <NetworkName>FASTWEB</NetworkName>
        <Editable>yes</Editable>
        <ProfileName>FASTWEB MMS</ProfileName>
        <URL>http://mms.fastweb.it/mms/wapenc</URL>
        <Auth>none</Auth>
        <Bearer>ps</Bearer>
        <Protocol>http</Protocol>
        <Proxy>
          <EnableFlag>on</EnableFlag>
          <ServAddr>10.0.65.9</ServAddr>
          <Port>8080</Port>
        </Proxy>
        <PSparam>
          <APN>apn.fastweb.it</APN>
        </PSparam>
      </Profile>
      <Profile>
        <NetworkName>FASTWEB1</NetworkName>
        <IpVersion>ipv4v6</IpVersion>
        <RoamingIpVersion>ipv4v6</RoamingIpVersion>
        <Editable>yes</Editable>
        <ProfileName>FW WEB</ProfileName>
        <Auth>none</Auth>
        <Bearer>ps</Bearer>
        <Protocol>http</Protocol>
        <Proxy>
          <EnableFlag>off</EnableFlag>
        </Proxy>
        <PSparam>
          <APN>apn.fastweb.it</APN>
        </PSparam>
      </Profile>
      <Profile>
        <NetworkName>FASTWEB1</NetworkName>
        <Editable>yes</Editable>
        <ProfileName>FW MMS</ProfileName>
        <URL>http://mms.fastweb.it/mms/wapenc</URL>
        <Auth>none</Auth>
        <Bearer>ps</Bearer>
        <Protocol>http</Protocol>
        <Proxy>
          <EnableFlag>on</EnableFlag>
          <ServAddr>85.18.189.217</ServAddr>
          <Port>8080</Port>
        </Proxy>
        <PSparam>
          <APN>apn.fastweb.it</APN>
        </PSparam>
      </Profile>
      <Profile>
        <NetworkName>FASTWEB2</NetworkName>
        <IpVersion>ipv4v6</IpVersion>
        <RoamingIpVersion>ipv4v6</RoamingIpVersion>
        <Editable>yes</Editable>
        <ProfileName>FW WEB</ProfileName>
        <Auth>none</Auth>
        <Bearer>ps</Bearer>
        <Protocol>http</Protocol>
        <Proxy>
          <EnableFlag>off</EnableFlag>
        </Proxy>
        <PSparam>
          <APN>apn.fastweb.it</APN>
        </PSparam>
      </Profile>
      <Profile>
        <NetworkName>FASTWEB2</NetworkName>
        <Editable>yes</Editable>
        <ProfileName>FW MMS</ProfileName>
        <URL>http://mms.fastweb.it/mms/wapenc</URL>
        <Auth>none</Auth>
        <Bearer>ps</Bearer>
        <Protocol>http</Protocol>
        <Proxy>
          <EnableFlag>on</EnableFlag>
          <ServAddr>85.18.189.217</ServAddr>
          <Port>8080</Port>
        </Proxy>
        <PSparam>
          <APN>apn.fastweb.it</APN>
        </PSparam>
      </Profile>
      <Profile>
        <NetworkName>Poste Mobile</NetworkName>
        <Editable>yes</Editable>
        <ProfileName>PosteMobile WAP</ProfileName>
        <Auth>none</Auth>
        <Bearer>ps</Bearer>
        <Protocol>other</Protocol>
        <Proxy>
          <EnableFlag>off</EnableFlag>
        </Proxy>
        <PSparam>
          <APN>wap.postemobile.it</APN>
        </PSparam>
      </Profile>
      <Profile>
        <NetworkName>Poste Mobile</NetworkName>
        <Editable>yes</Editable>
        <ProfileName>PosteMobile MMS</ProfileName>
        <URL>http://mms.postemobile.it/servlets/mms</URL>
        <Auth>none</Auth>
        <Bearer>ps</Bearer>
        <Protocol>http</Protocol>
        <Proxy>
          <EnableFlag>on</EnableFlag>
          <ServAddr>10.128.224.10</ServAddr>
          <Port>80</Port>
        </Proxy>
        <PSparam>
          <APN>mms.postemobile.it</APN>
        </PSparam>
      </Profile>
      <Profile>
        <NetworkName>Tiscali</NetworkName>
        <Editable>yes</Editable>
        <ProfileName>Tiscali INTERNET</ProfileName>
        <Auth>normal</Auth>
        <Bearer>ps</Bearer>
        <Protocol>http</Protocol>
        <Proxy>
          <EnableFlag>off</EnableFlag>
        </Proxy>
        <PSparam>
          <APN>tiscalimobileinternet</APN>
        </PSparam>
      </Profile>
      <Profile>
        <NetworkName>Tiscali</NetworkName>
        <Editable>yes</Editable>
        <ProfileName>Tiscali MMS</ProfileName>
        <URL>http://mms.tiscali.mobi/servlets/mms</URL>
        <Auth>none</Auth>
        <Bearer>ps</Bearer>
        <Protocol>http</Protocol>
        <Proxy>
          <EnableFlag>on</EnableFlag>
          <ServAddr>213.230.130.89</ServAddr>
          <Port>80</Port>
        </Proxy>
        <PSparam>
          <APN>tiscalimobilemms</APN>
        </PSparam>
      </Profile>
      <Profile>
        <NetworkName>CoopVoce1</NetworkName>
        <Editable>yes</Editable>
        <ProfileName>CoopVoce WEB</ProfileName>
        <Auth>normal</Auth>
        <Bearer>ps</Bearer>
        <Protocol>http</Protocol>
        <Proxy>
          <EnableFlag>off</EnableFlag>
        </Proxy>
        <PSparam>
          <APN>web.coopvoce.it</APN>
        </PSparam>
      </Profile>
      <Profile>
        <NetworkName>CoopVoce1</NetworkName>
        <Editable>yes</Editable>
        <ProfileName>CoopVoce MMS</ProfileName>
        <URL>http://mms.coop.it/servlets/mms</URL>
        <Auth>none</Auth>
        <Bearer>ps</Bearer>
        <Protocol>http</Protocol>
        <Proxy>
          <EnableFlag>on</EnableFlag>
          <ServAddr>213.230.130.89</ServAddr>
          <Port>80</Port>
        </Proxy>
        <PSparam>
          <APN>mms.coopvoce.it</APN>
        </PSparam>
      </Profile>
      <Profile>
        <NetworkName>CoopVoce2</NetworkName>
        <Editable>yes</Editable>
        <ProfileName>CoopVoce WEB</ProfileName>
        <Auth>normal</Auth>
        <Bearer>ps</Bearer>
        <Protocol>http</Protocol>
        <Proxy>
          <EnableFlag>off</EnableFlag>
        </Proxy>
        <PSparam>
          <APN>web.coopvoce.it</APN>
        </PSparam>
      </Profile>
      <Profile>
        <NetworkName>CoopVoce2</NetworkName>
        <Editable>yes</Editable>
        <ProfileName>CoopVoce MMS</ProfileName>
        <URL>http://mms.coop.it/servlets/mms</URL>
        <Auth>none</Auth>
        <Bearer>ps</Bearer>
        <Protocol>http</Protocol>
        <Proxy>
          <EnableFlag>on</EnableFlag>
          <ServAddr>213.230.130.89</ServAddr>
          <Port>80</Port>
        </Proxy>
        <PSparam>
          <APN>mms.coopvoce.it</APN>
        </PSparam>
      </Profile>
      <Profile>
        <NetworkName>CoopVoce3</NetworkName>
        <Editable>yes</Editable>
        <ProfileName>CoopVoce WEB</ProfileName>
        <Auth>normal</Auth>
        <Bearer>ps</Bearer>
        <Protocol>http</Protocol>
        <Proxy>
          <EnableFlag>off</EnableFlag>
        </Proxy>
        <PSparam>
          <APN>web.coopvoce.it</APN>
        </PSparam>
      </Profile>
      <Profile>
        <NetworkName>CoopVoce3</NetworkName>
        <Editable>yes</Editable>
        <ProfileName>CoopVoce MMS</ProfileName>
        <URL>http://mms.coop.it/servlets/mms</URL>
        <Auth>none</Auth>
        <Bearer>ps</Bearer>
        <Protocol>http</Protocol>
        <Proxy>
          <EnableFlag>on</EnableFlag>
          <ServAddr>213.230.130.89</ServAddr>
          <Port>80</Port>
        </Proxy>
        <PSparam>
          <APN>mms.coopvoce.it</APN>
        </PSparam>
      </Profile>
      <Profile>
        <NetworkName>CoopVoce IT</NetworkName>
        <Editable>yes</Editable>
        <ProfileName>WEB CoopVoce</ProfileName>
        <Auth>none</Auth>
        <Bearer>ps</Bearer>
        <Protocol>http</Protocol>
        <Proxy>
          <EnableFlag>off</EnableFlag>
        </Proxy>
        <PSparam>
          <APN>internet.coopvoce.it</APN>
        </PSparam>
      </Profile>
      <Profile>
        <NetworkName>CoopVoce IT</NetworkName>
        <Editable>yes</Editable>
        <ProfileName>MMS CoopVoce</ProfileName>
        <URL>http://mms.coop.it/servlets/mms</URL>
        <Auth>none</Auth>
        <Bearer>ps</Bearer>
        <Protocol>http</Protocol>
        <Proxy>
          <EnableFlag>on</EnableFlag>
          <ServAddr>213.230.130.89</ServAddr>
          <Port>80</Port>
        </Proxy>
        <PSparam>
          <APN>message.coopvoce.it</APN>
        </PSparam>
      </Profile>
      <Profile>
        <NetworkName>CoopVoce IT R</NetworkName>
        <Editable>yes</Editable>
        <ProfileName>WEB CoopVoce</ProfileName>
        <Auth>none</Auth>
        <Bearer>ps</Bearer>
        <Protocol>http</Protocol>
        <Proxy>
          <EnableFlag>off</EnableFlag>
        </Proxy>
        <PSparam>
          <APN>internet.coopvoce.it</APN>
        </PSparam>
      </Profile>
      <Profile>
        <NetworkName>CoopVoce IT R</NetworkName>
        <Editable>yes</Editable>
        <ProfileName>MMS CoopVoce</ProfileName>
        <URL>http://mms.coop.it/servlets/mms</URL>
        <Auth>none</Auth>
        <Bearer>ps</Bearer>
        <Protocol>http</Protocol>
        <Proxy>
          <EnableFlag>on</EnableFlag>
          <ServAddr>213.230.130.89</ServAddr>
          <Port>80</Port>
        </Proxy>
        <PSparam>
          <APN>message.coopvoce.it</APN>
        </PSparam>
      </Profile>
      <Profile>
        <NetworkName>British Telecom</NetworkName>
        <Editable>yes</Editable>
        <ProfileName>BT Internet</ProfileName>
        <Auth>none</Auth>
        <Bearer>ps</Bearer>
        <Protocol>http</Protocol>
        <Proxy>
          <EnableFlag>off</EnableFlag>
        </Proxy>
        <PSparam>
          <APN>internet.btitalia.it</APN>
        </PSparam>
      </Profile>
      <Profile>
        <NetworkName>British Telecom</NetworkName>
        <Editable>yes</Editable>
        <ProfileName>BT MMS</ProfileName>
        <URL>http://mms.tim.it/servlets/mms</URL>
        <Auth>none</Auth>
        <Bearer>ps</Bearer>
        <Protocol>http</Protocol>
        <Proxy>
          <EnableFlag>on</EnableFlag>
          <ServAddr>213.230.130.89</ServAddr>
          <Port>80</Port>
        </Proxy>
        <PSparam>
          <APN>mms.btitalia.it</APN>
        </PSparam>
      </Profile>
      <Profile>
        <NetworkName>BTItalia</NetworkName>
        <Editable>yes</Editable>
        <ProfileName>BT Internet</ProfileName>
        <Auth>none</Auth>
        <Bearer>ps</Bearer>
        <Protocol>http</Protocol>
        <Proxy>
          <EnableFlag>off</EnableFlag>
        </Proxy>
        <PSparam>
          <APN>internet.btitalia.it</APN>
        </PSparam>
      </Profile>
      <Profile>
        <NetworkName>BTItalia</NetworkName>
        <Editable>yes</Editable>
        <ProfileName>BT MMS</ProfileName>
        <URL>http://mms.tim.it/servlets/mms</URL>
        <Auth>none</Auth>
        <Bearer>ps</Bearer>
        <Protocol>http</Protocol>
        <Proxy>
          <EnableFlag>on</EnableFlag>
          <ServAddr>213.230.130.89</ServAddr>
          <Port>80</Port>
        </Proxy>
        <PSparam>
          <APN>mms.btitalia.it</APN>
        </PSparam>
      </Profile>
      <Profile>
        <NetworkName>BTEnia</NetworkName>
        <Editable>yes</Editable>
        <ProfileName>BT Internet</ProfileName>
        <Auth>none</Auth>
        <Bearer>ps</Bearer>
        <Protocol>http</Protocol>
        <Proxy>
          <EnableFlag>off</EnableFlag>
        </Proxy>
        <PSparam>
          <APN>internet.btitalia.it</APN>
        </PSparam>
      </Profile>
      <Profile>
        <NetworkName>BTEnia</NetworkName>
        <Editable>yes</Editable>
        <ProfileName>BT MMS</ProfileName>
        <URL>http://mms.tim.it/servlets/mms</URL>
        <Auth>none</Auth>
        <Bearer>ps</Bearer>
        <Protocol>http</Protocol>
        <Proxy>
          <EnableFlag>on</EnableFlag>
          <ServAddr>213.230.130.89</ServAddr>
          <Port>80</Port>
        </Proxy>
        <PSparam>
          <APN>mms.btitalia.it</APN>
        </PSparam>
      </Profile>
      <Profile>
        <NetworkName>Kena Mobile</NetworkName>
        <Editable>yes</Editable>
        <ProfileName>Kena Mobile Web</ProfileName>
        <Auth>none</Auth>
        <Bearer>ps</Bearer>
        <Protocol>http</Protocol>
        <Proxy>
          <EnableFlag>off</EnableFlag>
        </Proxy>
        <PSparam>
          <APN>web.kenamobile.it</APN>
        </PSparam>
      </Profile>
      <Profile>
        <NetworkName>Kena Mobile</NetworkName>
        <Editable>yes</Editable>
        <ProfileName>Kena Mobile MMS</ProfileName>
        <URL>http://mms.kenamobile.it/</URL>
        <Auth>none</Auth>
        <Bearer>ps</Bearer>
        <Protocol>http</Protocol>
        <Proxy>
          <EnableFlag>on</EnableFlag>
          <ServAddr>10.248.1.12</ServAddr>
          <Port>80</Port>
        </Proxy>
        <PSparam>
          <APN>mms.kenamobile.it</APN>
        </PSparam>
      </Profile>
      <Profile>
        <NetworkName>Kena Mobile R</NetworkName>
        <Editable>yes</Editable>
        <ProfileName>Kena Mobile Web</ProfileName>
        <Auth>none</Auth>
        <Bearer>ps</Bearer>
        <Protocol>http</Protocol>
        <Proxy>
          <EnableFlag>off</EnableFlag>
        </Proxy>
        <PSparam>
          <APN>web.kenamobile.it</APN>
        </PSparam>
      </Profile>
      <Profile>
        <NetworkName>Kena Mobile R</NetworkName>
        <Editable>yes</Editable>
        <ProfileName>Kena Mobile MMS</ProfileName>
        <URL>http://mms.kenamobile.it/</URL>
        <Auth>none</Auth>
        <Bearer>ps</Bearer>
        <Protocol>http</Protocol>
        <Proxy>
          <EnableFlag>on</EnableFlag>
          <ServAddr>10.248.1.12</ServAddr>
          <Port>80</Port>
        </Proxy>
        <PSparam>
          <APN>mms.kenamobile.it</APN>
        </PSparam>
      </Profile>
      <Profile>
        <NetworkName>ho.</NetworkName>
        <Editable>yes</Editable>
        <ProfileName>Web Ho Mobile</ProfileName>
        <URL>https://www.ho-mobile.it</URL>
        <Auth>none</Auth>
        <Bearer>ps</Bearer>
        <Proxy>
          <EnableFlag>off</EnableFlag>
        </Proxy>
        <PSparam>
          <APN>web.ho-mobile.it</APN>
        </PSparam>
      </Profile>
      <Profile>
        <NetworkName>ho.</NetworkName>
        <Editable>yes</Editable>
        <ProfileName>Internet Ho Mobile</ProfileName>
        <URL>https://www.ho-mobile.it</URL>
        <Auth>none</Auth>
        <Bearer>ps</Bearer>
        <Protocol>http</Protocol>
        <Proxy>
          <EnableFlag>off</EnableFlag>
        </Proxy>
        <PSparam>
          <APN>internet.ho-mobile.it</APN>
        </PSparam>
      </Profile>
      <Profile>
        <NetworkName>ho.</NetworkName>
        <IpVersion>ipv4v6</IpVersion>
        <RoamingIpVersion>ipv4v6</RoamingIpVersion>
        <Editable>no</Editable>
        <HiddenStatus>hidden</HiddenStatus>
        <ProfileName>IMS</ProfileName>
        <Auth>normal</Auth>
        <Protocol>other</Protocol>
        <MTUSize>1350</MTUSize>
        <PSparam>
          <APN>IMS</APN>
        </PSparam>
      </Profile>
      <Profile>
        <NetworkName>Iliad</NetworkName>
        <Editable>yes</Editable>
        <ProfileName>Iliad</ProfileName>
        <URL>http://mms.iliad.it</URL>
        <Auth>none</Auth>
        <Bearer>ps</Bearer>
        <Proxy>
          <EnableFlag>off</EnableFlag>
        </Proxy>
        <PSparam>
          <APN>iliad</APN>
        </PSparam>
      </Profile>
      <Profile>
        <NetworkName>Iliad Int</NetworkName>
        <Editable>yes</Editable>
        <ProfileName>Iliad Int</ProfileName>
        <URL>http://mms.iliad.it</URL>
        <Auth>none</Auth>
        <Bearer>ps</Bearer>
        <Proxy>
          <EnableFlag>off</EnableFlag>
        </Proxy>
        <PSparam>
          <APN>iliad</APN>
        </PSparam>
      </Profile>
      <Profile>
        <NetworkName>vodafone MT</NetworkName>
        <RoamingIpVersion>ipv4</RoamingIpVersion>
        <Editable>yes</Editable>
        <ProfileName>Vodafone MT-Connect</ProfileName>
        <URL>www.vodafone.com.mt</URL>
        <Auth>none</Auth>
        <Bearer>ps</Bearer>
        <Protocol>http</Protocol>
        <MTUSize>1350</MTUSize>
        <Proxy>
          <EnableFlag>off</EnableFlag>
        </Proxy>
        <PSparam>
          <APN>connect</APN>
          <UserId>connect</UserId>
          <Password>connect</Password>
        </PSparam>
        <CSparam>
          <CallType>analog</CallType>
        </CSparam>
      </Profile>
      <Profile>
        <NetworkName>vodafone MT</NetworkName>
        <IpVersion>ipv4v6</IpVersion>
        <RoamingIpVersion>ipv4v6</RoamingIpVersion>
        <Editable>yes</Editable>
        <ProfileName>Vodafone MT-MMS</ProfileName>
        <URL>http://mms.vodafone.com.mt/servlets/mms</URL>
        <Auth>none</Auth>
        <Bearer>ps</Bearer>
        <Protocol>http</Protocol>
        <MTUSize>1350</MTUSize>
        <Proxy>
          <EnableFlag>on</EnableFlag>
          <ServAddr>10.12.0.3</ServAddr>
          <Port>8080</Port>
        </Proxy>
        <PSparam>
          <APN>mms.vodafone.com.mt</APN>
          <UserId>mms</UserId>
          <Password>mms</Password>
        </PSparam>
        <CSparam>
          <CallType>analog</CallType>
        </CSparam>
      </Profile>
    </Connections>
    <IMSSetting>
      <NbSetting>5</NbSetting>
      <Setting>
        <NetworkName>vodafone IT</NetworkName>
        <Version>3.0</Version>
        <EnableIMS>true</EnableIMS>
        <VoLTE>
          <EnableVoLTE>true</EnableVoLTE>
          <EnableVoiceoverWIFI>false</EnableVoiceoverWIFI>
          <EnableVideocall>false</EnableVideocall>
          <EnableVoLTEindicator>false</EnableVoLTEindicator>
          <Voice_Domain_Preference_EUTRAN>imspsvoicepreferred</Voice_Domain_Preference_EUTRAN>
          <Emregencycall_Domain>cs</Emregencycall_Domain>
          <SRVCCversion>10</SRVCCversion>
          <SS_Domain_Preference>cs_always</SS_Domain_Preference>
          <SS_PS_Control_Preference>xcap</SS_PS_Control_Preference>
          <SS_CSFBwithIMSerror>true</SS_CSFBwithIMSerror>
          <USSD_Domain_Preference>cs</USSD_Domain_Preference>
          <EnableSMSoverIP>true</EnableSMSoverIP>
        </VoLTE>
        <RCS>
          <EnableRCS>true</EnableRCS>
          <EnableRCSchat>true</EnableRCSchat>
        </RCS>
      </Setting>
      <Setting>
        <NetworkName>TIM</NetworkName>
        <Version>3.0</Version>
        <EnableIMS>true</EnableIMS>
        <VoLTE>
          <EnableVoLTE>true</EnableVoLTE>
          <EnableVoiceoverWIFI>false</EnableVoiceoverWIFI>
          <EnableVideocall>false</EnableVideocall>
          <EnableVoLTEindicator>true</EnableVoLTEindicator>
          <Voice_Domain_Preference_EUTRAN>imspsvoicepreferred</Voice_Domain_Preference_EUTRAN>
          <Emregencycall_Domain>cs</Emregencycall_Domain>
          <SRVCCversion>10</SRVCCversion>
          <SS_Domain_Preference>ps_always</SS_Domain_Preference>
          <SS_PS_Control_Preference>xcap</SS_PS_Control_Preference>
          <SS_CSFBwithIMSerror>true</SS_CSFBwithIMSerror>
          <USSD_Domain_Preference>pscs</USSD_Domain_Preference>
          <EnableSMSoverIP>false</EnableSMSoverIP>
        </VoLTE>
      </Setting>
      <Setting>
        <NetworkName>WINDTRE</NetworkName>
        <Version>3.0</Version>
        <EnableIMS>true</EnableIMS>
        <VoLTE>
          <EnableVoLTE>true</EnableVoLTE>
          <EnableVoiceoverWIFI>false</EnableVoiceoverWIFI>
          <EnableVideocall>false</EnableVideocall>
          <EnableVoLTEindicator>true</EnableVoLTEindicator>
          <Voice_Domain_Preference_EUTRAN>imspsvoicepreferred</Voice_Domain_Preference_EUTRAN>
          <Emregencycall_Domain>cs</Emregencycall_Domain>
          <SRVCCversion>10</SRVCCversion>
          <SS_Domain_Preference>ps_only_volteregied</SS_Domain_Preference>
          <SS_CSFBwithIMSerror>true</SS_CSFBwithIMSerror>
          <USSD_Domain_Preference>cs</USSD_Domain_Preference>
          <EnableSMSoverIP>false</EnableSMSoverIP>
        </VoLTE>
      </Setting>
      <Setting>
        <NetworkName>VERY</NetworkName>
        <Version>3.0</Version>
        <EnableIMS>true</EnableIMS>
        <VoLTE>
          <EnableVoLTE>true</EnableVoLTE>
          <EnableVoiceoverWIFI>false</EnableVoiceoverWIFI>
          <EnableVideocall>false</EnableVideocall>
          <EnableVoLTEindicator>true</EnableVoLTEindicator>
          <Voice_Domain_Preference_EUTRAN>imspsvoicepreferred</Voice_Domain_Preference_EUTRAN>
          <Emregencycall_Domain>cs</Emregencycall_Domain>
          <SRVCCversion>10</SRVCCversion>
          <SS_Domain_Preference>ps_only_volteregied</SS_Domain_Preference>
          <SS_CSFBwithIMSerror>true</SS_CSFBwithIMSerror>
          <USSD_Domain_Preference>cs</USSD_Domain_Preference>
          <EnableSMSoverIP>false</EnableSMSoverIP>
        </VoLTE>
      </Setting>
      <Setting>
        <NetworkName>ho.</NetworkName>
        <Version>3.0</Version>
        <EnableIMS>true</EnableIMS>
        <VoLTE>
          <EnableVoLTE>true</EnableVoLTE>
          <EnableVoiceoverWIFI>false</EnableVoiceoverWIFI>
          <EnableVideocall>false</EnableVideocall>
          <EnableVoLTEindicator>false</EnableVoLTEindicator>
          <Voice_Domain_Preference_EUTRAN>imspsvoicepreferred</Voice_Domain_Preference_EUTRAN>
          <Emregencycall_Domain>cs</Emregencycall_Domain>
          <SRVCCversion>10</SRVCCversion>
          <SS_Domain_Preference>cs_always</SS_Domain_Preference>
          <SS_PS_Control_Preference>xcap</SS_PS_Control_Preference>
          <SS_CSFBwithIMSerror>true</SS_CSFBwithIMSerror>
          <USSD_Domain_Preference>cs</USSD_Domain_Preference>
          <EnableSMSoverIP>true</EnableSMSoverIP>
        </VoLTE>
      </Setting>
    </IMSSetting>
  </Settings>
</CustomerData>