<?xml version="1.0" encoding="UTF-8"?>
<CustomerData>
  <GeneralInfo>
    <CSCEdition>ED0003</CSCEdition>
    <Country>Austria</Country>
    <CountryISO>AT</CountryISO>
    <Region>EUR</Region>
    <SalesCode>DRE</SalesCode>
    <NbNetworkInfo>3</NbNetworkInfo>
    <NetworkInfo>
      <MCCMNC>23205</MCCMNC>
      <NetworkName>3</NetworkName>
      <NWID>NW00005</NWID>
    </NetworkInfo>
    <NetworkInfo>
      <MCCMNC>23210</MCCMNC>
      <NetworkName>3</NetworkName>
      <NWID>NW00005</NWID>
    </NetworkInfo>
    <NetworkInfo>
      <MCCMNC>23214</MCCMNC>
      <NetworkName>3</NetworkName>
      <NWID>NW00005</NWID>
    </NetworkInfo>
  </GeneralInfo>
  <Settings>
    <Main>
      <Security>
        <OneSIMLock>none</OneSIMLock>
        <SeparateLock>none</SeparateLock>
      </Security>
      <Network>
        <NbFastDormancy>4</NbFastDormancy>
        <FastDormancy>
          <NetworkName>3</NetworkName>
          <FastDormancyEnableStatus>off</FastDormancyEnableStatus>
          <LCDStatus>on</LCDStatus>
        </FastDormancy>
        <FastDormancy>
          <NetworkName>3</NetworkName>
          <FastDormancyEnableStatus>off</FastDormancyEnableStatus>
          <LCDStatus>off</LCDStatus>
        </FastDormancy>
        <FastDormancy>
          <NetworkName>3</NetworkName>
          <FastDormancyEnableStatus>off</FastDormancyEnableStatus>
          <LCDStatus>on</LCDStatus>
          <Version>rel8</Version>
        </FastDormancy>
        <FastDormancy>
          <NetworkName>3</NetworkName>
          <FastDormancyEnableStatus>on</FastDormancyEnableStatus>
          <TimeoutValue>8</TimeoutValue>
          <LCDStatus>off</LCDStatus>
          <Version>rel8</Version>
        </FastDormancy>
        <NbWbAmr>1</NbWbAmr>
        <WbAmr>
          <NetworkName>3</NetworkName>
          <WbAmrCodec>on</WbAmrCodec>
        </WbAmr>
        <NbSOSNumber>2</NbSOSNumber>
        <SOSNumber>112</SOSNumber>
        <SOSNumber>911</SOSNumber>
        <NbSOSNumberNoSIM>8</NbSOSNumberNoSIM>
        <SOSNumberNoSIM>112</SOSNumberNoSIM>
        <SOSNumberNoSIM>911</SOSNumberNoSIM>
        <SOSNumberNoSIM>000</SOSNumberNoSIM>
        <SOSNumberNoSIM>08</SOSNumberNoSIM>
        <SOSNumberNoSIM>110</SOSNumberNoSIM>
        <SOSNumberNoSIM>118</SOSNumberNoSIM>
        <SOSNumberNoSIM>119</SOSNumberNoSIM>
        <SOSNumberNoSIM>999</SOSNumberNoSIM>
      </Network>
      <Phone>
        <DefLanguage>de_AT</DefLanguage>
        <DefLanguageNoSIM>de_AT</DefLanguageNoSIM>
        <DateTimeFormat>
          <DateFormat>ddmmyyyy</DateFormat>
          <TimeFormat>24h</TimeFormat>
        </DateTimeFormat>
      </Phone>
    </Main>
    <Messages>
      <NbVoicemail>1</NbVoicemail>
      <Voicemail>
        <NetworkName>3</NetworkName>
        <TelNum>+43660303060</TelNum>
      </Voicemail>
      <SMS>
        <DeliveryReport>off</DeliveryReport>
        <MsgTypeThreshold>
          <ThresholdValue>10</ThresholdValue>
          <ThresholdType>pagecount</ThresholdType>
        </MsgTypeThreshold>
        <MaxRecipient>200</MaxRecipient>
        <CharSupport>gsmalpha</CharSupport>
      </SMS>
      <MMS>
        <MmsSending>
          <CreationMode>free</CreationMode>
          <MaxRecipientMMS>200</MaxRecipientMMS>
        </MmsSending>
        <MmsReceiving>
          <Home>auto</Home>
          <Roaming>auto</Roaming>
        </MmsReceiving>
      </MMS>
      <Email>
        <EmailReceiving>
          <AutoPoll>on</AutoPoll>
          <PollTime>15m</PollTime>
        </EmailReceiving>
        <NbAccount>1</NbAccount>
        <Account>
          <NetworkName>3</NetworkName>
          <AccountName>Drei Box</AccountName>
          <LoginType>domain_type</LoginType>
          <Incoming>
            <MailboxType>imap4</MailboxType>
            <ServAddr>imaps.drei.at</ServAddr>
            <Port>993</Port>
            <Secure>ssl</Secure>
          </Incoming>
          <Outgoing>
            <ServAddr>asmtp.drei.at</ServAddr>
            <Port>465</Port>
            <SmtpAuth>on</SmtpAuth>
            <Secure>ssl</Secure>
          </Outgoing>
        </Account>
      </Email>
    </Messages>
    <ActiveSync>
      <SyncSchedule>
        <PeakTimeStart>08:00</PeakTimeStart>
        <PeakTimeEnd>17:00</PeakTimeEnd>
      </SyncSchedule>
    </ActiveSync>
    <Browser>
      <NbBookmark>7</NbBookmark>
      <Bookmark>
        <NetworkName>3</NetworkName>
        <Index>1</Index>
        <BookmarkName>Planet Drei</BookmarkName>
        <URL>https://mobile.drei.at/redirect/bm_planet3</URL>
      </Bookmark>
      <Bookmark>
        <NetworkName>3</NetworkName>
        <Index>2</Index>
        <BookmarkName>Kundenzone</BookmarkName>
        <URL>https://mobile.drei.at/redirect/bm_kundenzone</URL>
      </Bookmark>
      <Bookmark>
        <NetworkName>3</NetworkName>
        <Index>3</Index>
        <BookmarkName>Drei Kiosk</BookmarkName>
        <URL>https://mobile.drei.at/redirect/bm_kiosk</URL>
      </Bookmark>
      <Bookmark>
        <NetworkName>3</NetworkName>
        <Index>4</Index>
        <BookmarkName>DreiTV</BookmarkName>
        <URL>https://www.drei.at/drei-tv</URL>
      </Bookmark>
      <Bookmark>
        <NetworkName>3</NetworkName>
        <Index>5</Index>
        <BookmarkName>Wetter</BookmarkName>
        <URL>https://mobile.drei.at/redirect/bm_wetter</URL>
      </Bookmark>
      <Bookmark>
        <NetworkName>3</NetworkName>
        <Editable>no</Editable>
        <Index>6</Index>
        <BookmarkName>Google</BookmarkName>
        <URL>http://www.google.at/m?client={CID}&amp;source=android-home</URL>
      </Bookmark>
      <Bookmark>
        <NetworkName>default</NetworkName>
        <Editable>yes</Editable>
        <Index>7</Index>
        <BookmarkName>Galaxy Shop</BookmarkName>
        <URL>https://www.samsung.com/at/mobile/?cid=at_owned_app_s-internet_none_none_bookmark_bookmark_202008_none</URL>
      </Bookmark>
      <eManual>
        <URL>http://www.samsung.com/m-manual/common</URL>
      </eManual>
    </Browser>
    <Connections>
      <NbProfileHandle>1</NbProfileHandle>
      <ProfileHandle>
        <NbNetProfile>3</NbNetProfile>
        <NetworkName>3</NetworkName>
        <ProfBrowser>Planet 3</ProfBrowser>
        <ProfMMS>3MMS</ProfMMS>
        <ProfIMS>ims</ProfIMS>
        <ProfXCAP>Planet 3</ProfXCAP>
      </ProfileHandle>
      <NbProfile>3</NbProfile>
      <Profile>
        <NetworkName>3</NetworkName>
        <Editable>yes</Editable>
        <ProfileName>Planet 3</ProfileName>
        <URL>https://mobile.drei.at/redirect/bm_planet3</URL>
        <Auth>none</Auth>
        <Protocol>http</Protocol>
        <MTUSize>1500</MTUSize>
        <Proxy>
          <EnableFlag>off</EnableFlag>
        </Proxy>
        <PSparam>
          <APN>drei.at</APN>
        </PSparam>
      </Profile>
      <Profile>
        <NetworkName>3</NetworkName>
        <Editable>yes</Editable>
        <ProfileName>3MMS</ProfileName>
        <URL>http://mmsc</URL>
        <Auth>none</Auth>
        <Protocol>http</Protocol>
        <MTUSize>1500</MTUSize>
        <Proxy>
          <EnableFlag>on</EnableFlag>
          <ServAddr>213.94.78.133</ServAddr>
          <Port>8799</Port>
        </Proxy>
        <PSparam>
          <APN>drei.at</APN>
        </PSparam>
      </Profile>
      <Profile>
        <NetworkName>3</NetworkName>
        <IpVersion>ipv6</IpVersion>
        <RoamingIpVersion>ipv4v6</RoamingIpVersion>
        <Editable>no</Editable>
        <ProfileName>ims</ProfileName>
        <Auth>none</Auth>
        <Protocol>http</Protocol>
        <MTUSize>1500</MTUSize>
        <Proxy>
          <EnableFlag>off</EnableFlag>
        </Proxy>
        <PSparam>
          <APN>ims</APN>
        </PSparam>
      </Profile>
    </Connections>
  </Settings>
</CustomerData>