<?xml version="1.0" encoding="UTF-8"?>
<CustomerData>
  <GeneralInfo>
    <CSCEdition>ED0002</CSCEdition>
    <Country>ITALY</Country>
    <CountryISO>IT</CountryISO>
    <Region>EUR</Region>
    <SalesCode>HUI</SalesCode>
    <NbNetworkInfo>4</NbNetworkInfo>
    <NetworkInfo>
      <MCCMNC>22299</MCCMNC>
      <NetworkName>WINDTRE</NetworkName>
      <NWID>NW02006</NWID>
    </NetworkInfo>
    <NetworkInfo>
      <MCCMNC>22288</MCCMNC>
      <NetworkName>WINDTRE</NetworkName>
      <NWID>NW02006</NWID>
    </NetworkInfo>
    <NetworkInfo>
      <MCCMNC>22288</MCCMNC>
      <NetworkName>VERY</NetworkName>
      <NWID>NW02007</NWID>
      <CodeType>HEX</CodeType>
      <SubsetCode>0000000099</SubsetCode>
    </NetworkInfo>
    <NetworkInfo>
      <MCCMNC>22299</MCCMNC>
      <NetworkName>VERY</NetworkName>
      <NWID>NW02007</NWID>
      <CodeType>HEX</CodeType>
      <SubsetCode>0000000099</SubsetCode>
    </NetworkInfo>
  </GeneralInfo>
  <Settings>
    <Main>
      <Security>
        <OneSIMLock>none</OneSIMLock>
        <SeparateLock>none</SeparateLock>
      </Security>
      <Network>
        <NbFastDormancy>4</NbFastDormancy>
        <FastDormancy>
          <NetworkName>WINDTRE</NetworkName>
          <FastDormancyEnableStatus>on</FastDormancyEnableStatus>
          <TimeoutValue>3</TimeoutValue>
          <LCDStatus>on</LCDStatus>
          <Version>rel8</Version>
        </FastDormancy>
        <FastDormancy>
          <NetworkName>WINDTRE</NetworkName>
          <FastDormancyEnableStatus>on</FastDormancyEnableStatus>
          <TimeoutValue>3</TimeoutValue>
          <LCDStatus>off</LCDStatus>
          <Version>rel8</Version>
        </FastDormancy>
        <FastDormancy>
          <NetworkName>VERY</NetworkName>
          <FastDormancyEnableStatus>on</FastDormancyEnableStatus>
          <TimeoutValue>3</TimeoutValue>
          <LCDStatus>on</LCDStatus>
          <Version>rel8</Version>
        </FastDormancy>
        <FastDormancy>
          <NetworkName>VERY</NetworkName>
          <FastDormancyEnableStatus>on</FastDormancyEnableStatus>
          <TimeoutValue>3</TimeoutValue>
          <LCDStatus>off</LCDStatus>
          <Version>rel8</Version>
        </FastDormancy>
        <NbWbAmr>2</NbWbAmr>
        <WbAmr>
          <NetworkName>WINDTRE</NetworkName>
          <WbAmrCodec>on</WbAmrCodec>
        </WbAmr>
        <WbAmr>
          <NetworkName>VERY</NetworkName>
          <WbAmrCodec>on</WbAmrCodec>
        </WbAmr>
        <NbSOSNumber>2</NbSOSNumber>
        <SOSNumber>112</SOSNumber>
        <SOSNumber>911</SOSNumber>
        <NbSOSNumberNoSIM>8</NbSOSNumberNoSIM>
        <SOSNumberNoSIM>112</SOSNumberNoSIM>
        <SOSNumberNoSIM>999</SOSNumberNoSIM>
        <SOSNumberNoSIM>911</SOSNumberNoSIM>
        <SOSNumberNoSIM>118</SOSNumberNoSIM>
        <SOSNumberNoSIM>119</SOSNumberNoSIM>
        <SOSNumberNoSIM>110</SOSNumberNoSIM>
        <SOSNumberNoSIM>000</SOSNumberNoSIM>
        <SOSNumberNoSIM>08</SOSNumberNoSIM>
        <AutoProfile>on</AutoProfile>
        <AutoVoicemail>off</AutoVoicemail>
        <AutoEmailAccount>off</AutoEmailAccount>
        <AutoBookmark>on</AutoBookmark>
        <AutoLink>off</AutoLink>
        <AutoSyncML>off</AutoSyncML>
        <AutoFastDormancy>on</AutoFastDormancy>
        <AutoWbAmr>on</AutoWbAmr>
        <AutoFOTA>off</AutoFOTA>
      </Network>
      <Phone>
        <DefLanguage>it_IT</DefLanguage>
        <DefLanguageNoSIM>it_IT</DefLanguageNoSIM>
        <T9Enabling>enable</T9Enabling>
        <KeypadType>qwerty</KeypadType>
        <DateTimeFormat>
          <DateFormat>ddmmyyyy</DateFormat>
          <TimeFormat>24h</TimeFormat>
        </DateTimeFormat>
        <AutoSyncCommon>on</AutoSyncCommon>
        <VisiblePassword>off</VisiblePassword>
      </Phone>
      <CountryCert>
        <CertCountryName>Italy</CertCountryName>
      </CountryCert>
    </Main>
    <Contact>
      <SavePosition>phone</SavePosition>
    </Contact>
    <Calendar>
      <StartDay>monday</StartDay>
    </Calendar>
    <Messages>
      <SMS>
        <DeliveryReport>off</DeliveryReport>
        <MsgTypeThreshold>
          <ThresholdValue>13</ThresholdValue>
          <ThresholdType>pagecount</ThresholdType>
        </MsgTypeThreshold>
        <MaxRecipient>200</MaxRecipient>
        <CharSupport>gsmalpha</CharSupport>
        <SSMS>off</SSMS>
        <DeleteOldMessage>off</DeleteOldMessage>
        <FontSizeByVolumeKey>off</FontSizeByVolumeKey>
      </SMS>
      <MMS>
        <MmsSending>
          <ReqDeliveryRep>off</ReqDeliveryRep>
          <ReqReadRep>off</ReqReadRep>
          <MessageSize>300</MessageSize>
          <CreationMode>warning</CreationMode>
        </MmsSending>
        <MmsReceiving>
          <Home>auto</Home>
          <Roaming>manual</Roaming>
        </MmsReceiving>
      </MMS>
      <Email>
        <EmailReceiving>
          <AutoPoll>off</AutoPoll>
          <KeepServer>on</KeepServer>
        </EmailReceiving>
      </Email>
    </Messages>
    <Wifi>
      <WifiEnableStatus>off</WifiEnableStatus>
    </Wifi>
    <Browser>
      <NbBookmark>5</NbBookmark>
      <Bookmark>
        <NetworkName>WINDTRE</NetworkName>
        <Editable>no</Editable>
        <Index>0</Index>
        <BookmarkName>Homepage</BookmarkName>
        <URL>https://internet.windtre.it</URL>
      </Bookmark>
      <Bookmark>
        <NetworkName>WINDTRE</NetworkName>
        <Editable>yes</Editable>
        <Index>1</Index>
        <BookmarkName>Google</BookmarkName>
        <URL>http://www.google.com/m?client={CID}&amp;source=android-home</URL>
      </Bookmark>
      <Bookmark>
        <NetworkName>default</NetworkName>
        <Editable>yes</Editable>
        <Index>2</Index>
        <BookmarkName>Samsung Galaxy</BookmarkName>
        <URL>https://www.samsung.com/mobile/?cid=global_owned_app_s-internet_none_none_quickaccess_bookmark_none_none&amp;utm_source=s-internet&amp;utm_medium=referral&amp;utm_campaign=quickaccess</URL>
      </Bookmark>
      <Bookmark>
        <NetworkName>VERY</NetworkName>
        <Editable>no</Editable>
        <Index>0</Index>
        <BookmarkName>Contenuti e Servizi</BookmarkName>
        <URL>http://content.samsung.com</URL>
      </Bookmark>
      <Bookmark>
        <NetworkName>VERY</NetworkName>
        <Editable>yes</Editable>
        <Index>1</Index>
        <BookmarkName>Google</BookmarkName>
        <URL>http://www.google.com/m?client={CID}&amp;source=android-home</URL>
      </Bookmark>
      <eManual>
        <URL>http://www.samsung.com/m-manual/common</URL>
      </eManual>
    </Browser>
    <Connections>
      <NbProfileHandle>2</NbProfileHandle>
      <ProfileHandle>
        <NbNetProfile>4</NbNetProfile>
        <NetworkName>WINDTRE</NetworkName>
        <ProfBrowser>INTERNET</ProfBrowser>
        <ProfMMS>MMS</ProfMMS>
        <ProfIMS>ims</ProfIMS>
        <ProfXCAP>xcap</ProfXCAP>
      </ProfileHandle>
      <ProfileHandle>
        <NbNetProfile>4</NbNetProfile>
        <NetworkName>VERY</NetworkName>
        <ProfBrowser>INTERNET</ProfBrowser>
        <ProfMMS>MMS</ProfMMS>
        <ProfIMS>ims</ProfIMS>
        <ProfXCAP>xcap</ProfXCAP>
      </ProfileHandle>
      <NbProfile>8</NbProfile>
      <Profile>
        <NetworkName>WINDTRE</NetworkName>
        <Editable>yes</Editable>
        <ProfileName>MMS</ProfileName>
        <URL>http://mms.windtre.it</URL>
        <Auth>none</Auth>
        <Bearer>ps</Bearer>
        <Protocol>http</Protocol>
        <Proxy>
          <EnableFlag>on</EnableFlag>
          <ServAddr>mmsproxy.windtre.it</ServAddr>
          <Port>8080</Port>
        </Proxy>
        <PSparam>
          <APN>mms.it</APN>
        </PSparam>
      </Profile>
      <Profile>
        <NetworkName>WINDTRE</NetworkName>
        <Editable>yes</Editable>
        <ProfileName>INTERNET</ProfileName>
        <URL>https://internet.windtre.it</URL>
        <Auth>none</Auth>
        <Bearer>ps</Bearer>
        <Protocol>http</Protocol>
        <Proxy>
          <EnableFlag>off</EnableFlag>
        </Proxy>
        <PSparam>
          <APN>internet.it</APN>
        </PSparam>
      </Profile>
      <Profile>
        <NetworkName>WINDTRE</NetworkName>
        <IpVersion>ipv4</IpVersion>
        <Editable>no</Editable>
        <HiddenStatus>hidden</HiddenStatus>
        <ProfileName>ims</ProfileName>
        <Auth>none</Auth>
        <PSparam>
          <APN>ims</APN>
        </PSparam>
      </Profile>
      <Profile>
        <NetworkName>WINDTRE</NetworkName>
        <IpVersion>ipv4</IpVersion>
        <Editable>no</Editable>
        <HiddenStatus>hidden</HiddenStatus>
        <ProfileName>xcap</ProfileName>
        <Proxy>
          <EnableFlag>off</EnableFlag>
        </Proxy>
        <PSparam>
          <APN>xcap</APN>
        </PSparam>
      </Profile>
      <Profile>
        <NetworkName>VERY</NetworkName>
        <Editable>yes</Editable>
        <ProfileName>INTERNET</ProfileName>
        <Auth>none</Auth>
        <Bearer>ps</Bearer>
        <Protocol>http</Protocol>
        <Proxy>
          <EnableFlag>off</EnableFlag>
        </Proxy>
        <PSparam>
          <APN>internet.it</APN>
        </PSparam>
      </Profile>
      <Profile>
        <NetworkName>VERY</NetworkName>
        <Editable>yes</Editable>
        <ProfileName>MMS</ProfileName>
        <URL>http://mms.windtre.it</URL>
        <Auth>none</Auth>
        <Bearer>ps</Bearer>
        <Protocol>http</Protocol>
        <Proxy>
          <EnableFlag>on</EnableFlag>
          <ServAddr>mmsproxy.windtre.it</ServAddr>
          <Port>8080</Port>
        </Proxy>
        <PSparam>
          <APN>mms.it</APN>
        </PSparam>
      </Profile>
      <Profile>
        <NetworkName>VERY</NetworkName>
        <IpVersion>ipv4</IpVersion>
        <Editable>no</Editable>
        <HiddenStatus>hidden</HiddenStatus>
        <ProfileName>ims</ProfileName>
        <Auth>none</Auth>
        <PSparam>
          <APN>ims</APN>
        </PSparam>
      </Profile>
      <Profile>
        <NetworkName>VERY</NetworkName>
        <IpVersion>ipv4</IpVersion>
        <Editable>no</Editable>
        <HiddenStatus>hidden</HiddenStatus>
        <ProfileName>xcap</ProfileName>
        <Proxy>
          <EnableFlag>off</EnableFlag>
        </Proxy>
        <PSparam>
          <APN>xcap</APN>
        </PSparam>
      </Profile>
    </Connections>
  </Settings>
</CustomerData>