<?xml version="1.0" encoding="UTF-8"?>
<SamsungMobileFeature>
  <NetworkVersion>ED00003</NetworkVersion>
  <NetworkCountry>SPAIN</NetworkCountry>
  <NetworkCountryISO>ES</NetworkCountryISO>
  <NetworkCode>AMO</NetworkCode>
  <FeatureSet>
    <CscFeature_RIL_ApnControlByModem>TRUE</CscFeature_RIL_ApnControlByModem>
    <CscFeature_RIL_ConfigAlwaysOnApn>mms,ims,xcap</CscFeature_RIL_ConfigAlwaysOnApn>
    <CscFeature_RIL_ConfigEmergencyApn>ims,IPV4V6,IPV4V6,IWLAN</CscFeature_RIL_ConfigEmergencyApn>
    <CscFeature_RIL_ConfigEpdgE911RoutingPolicy>NoService</CscFeature_RIL_ConfigEpdgE911RoutingPolicy>
    <CscFeature_RIL_ConfigGlobalModuleType>LTE</CscFeature_RIL_ConfigGlobalModuleType>
    <CscFeature_RIL_ConfigNetworkTypeCapability>EUR-EUR-GSM-EUR</CscFeature_RIL_ConfigNetworkTypeCapability>
    <CscFeature_RIL_ConfigPresetMtuSize>modem</CscFeature_RIL_ConfigPresetMtuSize>
    <CscFeature_RIL_ConfigWbamr>2G</CscFeature_RIL_ConfigWbamr>
    <CscFeature_RIL_DataPrefDataTechSnapShot>TRUE</CscFeature_RIL_DataPrefDataTechSnapShot>
    <CscFeature_RIL_DisplayPlmnnameSimload>TRUE</CscFeature_RIL_DisplayPlmnnameSimload>
    <CscFeature_RIL_E911RoutingPolicy>auto</CscFeature_RIL_E911RoutingPolicy>
    <CscFeature_RIL_GcfSor>TRUE</CscFeature_RIL_GcfSor>
    <CscFeature_RIL_PDPRetryMechanism4>ORG</CscFeature_RIL_PDPRetryMechanism4>
    <CscFeature_RIL_ReferEonsWithoutLac>TRUE</CscFeature_RIL_ReferEonsWithoutLac>
    <CscFeature_RIL_SetNetworkTypeWhenRadioOff>TRUE</CscFeature_RIL_SetNetworkTypeWhenRadioOff>
    <CscFeature_RIL_SignalstrengthPolicy>0</CscFeature_RIL_SignalstrengthPolicy>
    <CscFeature_RIL_StkCmdTimeOut>Select item,30</CscFeature_RIL_StkCmdTimeOut>
    <CscFeature_RIL_SupportImsClirOverriding>TRUE</CscFeature_RIL_SupportImsClirOverriding>
    <CscFeature_RIL_SupportOrangeCPHS>TRUE</CscFeature_RIL_SupportOrangeCPHS>
    <CscFeature_RIL_SupportRegistrationLocationInfo>TRUE</CscFeature_RIL_SupportRegistrationLocationInfo>
    <CscFeature_RIL_SupportVolte>TRUE</CscFeature_RIL_SupportVolte>
    <CscFeature_RIL_WbamrDefaultOn>TRUE</CscFeature_RIL_WbamrDefaultOn>
    <CscFeature_Setting_CustNetworkSelMenu4>NUMERIC,5GREADY</CscFeature_Setting_CustNetworkSelMenu4>
    <CscFeature_Setting_SupportWiFiCallingMenu>TRUE</CscFeature_Setting_SupportWiFiCallingMenu>
    <CscFeature_Setting_SupportWifiCall>TRUE</CscFeature_Setting_SupportWifiCall>
    <CscFeature_SyncML_EnableNotiDeltaBinarySizeBeforeDownload>TRUE</CscFeature_SyncML_EnableNotiDeltaBinarySizeBeforeDownload>
    <CscFeature_VoiceCall_ConfigOpStyleForEmergencyDialCall>NoWaitInSvcE911</CscFeature_VoiceCall_ConfigOpStyleForEmergencyDialCall>
    <CscFeature_Web_ResetCookiesOnSimCardChanging>FALSE</CscFeature_Web_ResetCookiesOnSimCardChanging>
  </FeatureSet>
</SamsungMobileFeature>
