<?xml version="1.0" encoding="UTF-8"?>
<CustomerData>
  <GeneralInfo>
    <CSCEdition>ED0002</CSCEdition>
    <Country>Austria</Country>
    <CountryISO>AT</CountryISO>
    <Region>EUR</Region>
    <SalesCode>MOB</SalesCode>
    <NbNetworkInfo>1</NbNetworkInfo>
    <NetworkInfo>
      <MCCMNC>23201</MCCMNC>
      <NetworkName>A1</NetworkName>
      <NWID>NW00119</NWID>
    </NetworkInfo>
  </GeneralInfo>
  <Settings>
    <Main>
      <Security>
        <OneSIMLock>none</OneSIMLock>
        <SeparateLock>none</SeparateLock>
      </Security>
      <Network>
        <NbFastDormancy>4</NbFastDormancy>
        <FastDormancy>
          <NetworkName>A1</NetworkName>
          <FastDormancyEnableStatus>off</FastDormancyEnableStatus>
          <LCDStatus>on</LCDStatus>
        </FastDormancy>
        <FastDormancy>
          <NetworkName>A1</NetworkName>
          <FastDormancyEnableStatus>on</FastDormancyEnableStatus>
          <TimeoutValue>5</TimeoutValue>
          <LCDStatus>off</LCDStatus>
        </FastDormancy>
        <FastDormancy>
          <NetworkName>A1</NetworkName>
          <FastDormancyEnableStatus>off</FastDormancyEnableStatus>
          <LCDStatus>on</LCDStatus>
          <Version>rel8</Version>
        </FastDormancy>
        <FastDormancy>
          <NetworkName>A1</NetworkName>
          <FastDormancyEnableStatus>on</FastDormancyEnableStatus>
          <TimeoutValue>5</TimeoutValue>
          <LCDStatus>off</LCDStatus>
          <Version>rel8</Version>
        </FastDormancy>
        <NbWbAmr>1</NbWbAmr>
        <WbAmr>
          <NetworkName>A1</NetworkName>
          <WbAmrCodec>on</WbAmrCodec>
        </WbAmr>
      </Network>
      <Phone>
        <DefLanguage>de_AT</DefLanguage>
        <DefLanguageNoSIM>de_AT</DefLanguageNoSIM>
        <T9Enabling>enable</T9Enabling>
        <DateTimeFormat>
          <TimeFormat>24h</TimeFormat>
        </DateTimeFormat>
      </Phone>
    </Main>
    <Contact>
      <SavePosition>sim</SavePosition>
    </Contact>
    <Messages>
      <NbVoicemail>1</NbVoicemail>
      <Voicemail>
        <NetworkName>A1</NetworkName>
        <TelNum>66477</TelNum>
      </Voicemail>
      <PushMsg>
        <PushLoading>prompt</PushLoading>
      </PushMsg>
      <SMS>
        <PageLimit>10</PageLimit>
        <MsgTypeThreshold>
          <ThresholdValue>10</ThresholdValue>
          <ThresholdType>pagecount</ThresholdType>
        </MsgTypeThreshold>
      </SMS>
      <MMS>
        <MmsSending>
          <CreationMode>free</CreationMode>
        </MmsSending>
        <MmsReceiving>
          <Home>auto</Home>
          <Roaming>manual</Roaming>
        </MmsReceiving>
      </MMS>
      <Email>
        <NbAccount>1</NbAccount>
        <Account>
          <NetworkName>A1</NetworkName>
          <AccountName>A1 Mail</AccountName>
          <EmailAddr>@A1.net</EmailAddr>
          <LoginType>domain_type</LoginType>
          <Incoming>
            <MailboxType>imap4</MailboxType>
            <ServAddr>imap.A1.net</ServAddr>
            <Port>143</Port>
            <Secure>off</Secure>
          </Incoming>
          <Outgoing>
            <ServAddr>smtp.A1.net</ServAddr>
            <Port>25</Port>
            <SmtpAuth>on</SmtpAuth>
            <Secure>off</Secure>
          </Outgoing>
        </Account>
      </Email>
    </Messages>
    <Browser>
      <NbBookmark>3</NbBookmark>
      <Bookmark>
        <NetworkName>A1</NetworkName>
        <Editable>yes</Editable>
        <BookmarkName>A1 World</BookmarkName>
        <URL>http://world.a1.net</URL>
      </Bookmark>
      <Bookmark>
        <NetworkName>default</NetworkName>
        <Editable>yes</Editable>
        <BookmarkName>Google</BookmarkName>
        <URL>http://www.google.com/m?client={CID}&amp;source=android-home</URL>
      </Bookmark>
      <Bookmark>
        <NetworkName>default</NetworkName>
        <Editable>yes</Editable>
        <BookmarkName>Galaxy Shop</BookmarkName>
        <URL>https://www.samsung.com/at/mobile/?cid=at_owned_app_s-internet_none_none_bookmark_bookmark_202008_none</URL>
      </Bookmark>
      <eManual>
        <URL>http://www.samsung.com/m-manual/common</URL>
      </eManual>
    </Browser>
    <Connections>
      <NbProfileHandle>1</NbProfileHandle>
      <ProfileHandle>
        <NbNetProfile>3</NbNetProfile>
        <NetworkName>A1</NetworkName>
        <ProfBrowser>A1.net</ProfBrowser>
        <ProfMMS>A1 MMS</ProfMMS>
        <ProfIMS>IMS</ProfIMS>
      </ProfileHandle>
      <NbProfile>3</NbProfile>
      <Profile>
        <NetworkName>A1</NetworkName>
        <IpVersion>ipv4v6</IpVersion>
        <Editable>no</Editable>
        <ProfileName>A1.net</ProfileName>
        <URL>http://world.a1.net</URL>
        <Auth>normal</Auth>
        <Bearer>ps</Bearer>
        <Protocol>http</Protocol>
        <PSparam>
          <APN>A1.net</APN>
          <UserId>ppp@a1plus.at</UserId>
          <Password>ppp</Password>
        </PSparam>
      </Profile>
      <Profile>
        <NetworkName>A1</NetworkName>
        <Editable>no</Editable>
        <ProfileName>A1 MMS</ProfileName>
        <URL>http://mmsc.A1.net</URL>
        <Auth>normal</Auth>
        <Bearer>ps</Bearer>
        <Protocol>http</Protocol>
        <Proxy>
          <EnableFlag>on</EnableFlag>
          <ServAddr>194.48.124.71</ServAddr>
          <Port>8001</Port>
        </Proxy>
        <PSparam>
          <APN>free.A1.net</APN>
          <UserId>ppp@a1plus.at</UserId>
          <Password>ppp</Password>
        </PSparam>
      </Profile>
      <Profile>
        <NetworkName>A1</NetworkName>
        <IpVersion>ipv4v6</IpVersion>
        <Editable>no</Editable>
        <ProfileName>IMS</ProfileName>
        <Protocol>http</Protocol>
        <PSparam>
          <APN>IMS</APN>
        </PSparam>
      </Profile>
    </Connections>
    <IMSSetting>
      <NbSetting>1</NbSetting>
      <Setting>
        <NetworkName>A1</NetworkName>
        <Version>3.0</Version>
        <EnableIMS>true</EnableIMS>
        <VoLTE>
          <EnableVoLTE>true</EnableVoLTE>
          <EnableVoiceoverWIFI>true</EnableVoiceoverWIFI>
          <EnableVideocall>false</EnableVideocall>
          <EnableVoLTEindicator>false</EnableVoLTEindicator>
          <Voice_Domain_Preference_EUTRAN>imspsvoicepreferred</Voice_Domain_Preference_EUTRAN>
          <Emregencycall_Domain>cs</Emregencycall_Domain>
          <SRVCCversion>10</SRVCCversion>
          <SS_Domain_Preference>cs_always</SS_Domain_Preference>
          <SS_PS_Control_Preference>xcap</SS_PS_Control_Preference>
          <SS_CSFBwithIMSerror>true</SS_CSFBwithIMSerror>
          <USSD_Domain_Preference>cs</USSD_Domain_Preference>
          <EnableSMSoverIP>true</EnableSMSoverIP>
        </VoLTE>
      </Setting>
    </IMSSetting>
  </Settings>
</CustomerData>