<?xml version="1.0" encoding="UTF-8"?>
<CustomerData>
  <GeneralInfo>
    <CSCEdition>ED0002</CSCEdition>
    <Country>Poland</Country>
    <CountryISO>PL</CountryISO>
    <Region>EUR</Region>
    <SalesCode>PLS</SalesCode>
    <NbNetworkInfo>1</NbNetworkInfo>
    <NetworkInfo>
      <MCCMNC>26001</MCCMNC>
      <NetworkName>Plus</NetworkName>
      <NWID>NW01046</NWID>
    </NetworkInfo>
  </GeneralInfo>
  <Settings>
    <Main>
      <Security>
        <OneSIMLock>none</OneSIMLock>
        <SeparateLock>none</SeparateLock>
      </Security>
      <Network>
        <NbMaxPDP>1</NbMaxPDP>
        <MaxPDP>
          <NetworkName>Plus</NetworkName>
          <MaxPDP2G>4</MaxPDP2G>
        </MaxPDP>
        <NbFastDormancy>1</NbFastDormancy>
        <FastDormancy>
          <NetworkName>Plus</NetworkName>
          <FastDormancyEnableStatus>on</FastDormancyEnableStatus>
        </FastDormancy>
        <NbWbAmr>1</NbWbAmr>
        <WbAmr>
          <NetworkName>Plus</NetworkName>
          <WbAmrCodec>on</WbAmrCodec>
        </WbAmr>
        <NbSOSNumber>2</NbSOSNumber>
        <SOSNumber>112</SOSNumber>
        <SOSNumber>911</SOSNumber>
        <AutoProfile>off</AutoProfile>
      </Network>
      <Sound>
        <RngToneAlertType>vibmelody</RngToneAlertType>
        <RngVolume>6</RngVolume>
        <KeyTone>
          <KeyVolume>3</KeyVolume>
        </KeyTone>
        <MsgToneAlertType>vibmelody</MsgToneAlertType>
        <ExtraSound>
          <ConnectTone>on</ConnectTone>
        </ExtraSound>
      </Sound>
      <Phone>
        <DefLanguage>pl_PL</DefLanguage>
        <DefLanguageNoSIM>pl_PL</DefLanguageNoSIM>
        <T9Enabling>enable</T9Enabling>
        <T9Language>polish</T9Language>
        <DateTimeFormat>
          <DateFormat>ddmmyyyy</DateFormat>
          <TimeFormat>24h</TimeFormat>
        </DateTimeFormat>
        <WeekendSetting>satsun</WeekendSetting>
        <AutoSyncCommon>on</AutoSyncCommon>
        <UnknownSource>off</UnknownSource>
      </Phone>
      <Display>
        <NbLockScreenBG>1</NbLockScreenBG>
        <LockScreenBG src="/Customer/PLS/LockScreenImage/lockscreen_default_wallpaper.png" width="1440" height="3200" default="true">
          <FileType>PNG</FileType>
        </LockScreenBG>
        <NbWallpaper>1</NbWallpaper>
        <Wallpaper src="/Customer/PLS/Wallpaper/default_wallpaper.png" width="1440" height="3200" default="true">
          <Position>1</Position>
          <FileType>PNG</FileType>
        </Wallpaper>
      </Display>
    </Main>
    <Contact>
      <SavePosition>ask</SavePosition>
    </Contact>
    <Calendar>
      <StartDay>monday</StartDay>
    </Calendar>
    <Messages>
      <NbVoicemail>1</NbVoicemail>
      <Voicemail>
        <NetworkName>Plus</NetworkName>
        <VoicemailName>Poczta głosowa</VoicemailName>
        <TelNum>+48601222222</TelNum>
      </Voicemail>
      <PushMsg>
        <RecOption>on</RecOption>
        <PushLoading>prompt</PushLoading>
      </PushMsg>
      <SMS>
        <DeliveryReport>off</DeliveryReport>
        <MsgTypeThreshold>
          <ThresholdValue>6</ThresholdValue>
          <ThresholdType>pagecount</ThresholdType>
        </MsgTypeThreshold>
        <CharSupport>gsmalpha</CharSupport>
        <SSMS>off</SSMS>
        <CellBroadcast>off</CellBroadcast>
        <DeleteOldMessage>off</DeleteOldMessage>
        <FontSizeByVolumeKey>on</FontSizeByVolumeKey>
        <PreviewMessage>on</PreviewMessage>
      </SMS>
      <MMS>
        <MMSVersion>1.2</MMSVersion>
        <MmsSending>
          <ReqDeliveryRep>off</ReqDeliveryRep>
          <ReqReadRep>off</ReqReadRep>
          <MessageSize>300</MessageSize>
          <CreationMode>warning</CreationMode>
        </MmsSending>
        <MmsReceiving>
          <Home>auto</Home>
          <Roaming>manual</Roaming>
        </MmsReceiving>
      </MMS>
      <Email>
        <EmailSending>
          <Signature>Wysłano z Samsung w Plus</Signature>
        </EmailSending>
        <EmailReceiving>
          <AutoPoll>off</AutoPoll>
          <PollTime>off</PollTime>
          <KeepServer>on</KeepServer>
        </EmailReceiving>
        <NbAccount>1</NbAccount>
        <Account>
          <NetworkName>Plus</NetworkName>
          <AccountName>PLUSNET</AccountName>
          <EmailAddr>@plusnet.pl</EmailAddr>
          <Incoming>
            <MailboxType>imap4</MailboxType>
            <ServAddr>mail.plusnet.pl</ServAddr>
            <Port>143</Port>
            <Secure>off</Secure>
          </Incoming>
          <Outgoing>
            <ServAddr>mail.plusnet.pl</ServAddr>
            <Port>25</Port>
            <SmtpAuth>on</SmtpAuth>
            <Secure>off</Secure>
          </Outgoing>
        </Account>
      </Email>
    </Messages>
    <Multimedia>
      <Camera>
        <Quality>high</Quality>
        <ShutterSound>off</ShutterSound>
        <FlashSetting>auto</FlashSetting>
      </Camera>
      <Video>
        <Quality>high</Quality>
        <VideoResolution>hd1080</VideoResolution>
      </Video>
    </Multimedia>
    <ActiveSync>
      <UseSSL>on</UseSSL>
      <AcceptAllSSLCert>on</AcceptAllSSLCert>
      <Signature>Wysłano z telefonu Samsung</Signature>
      <SyncSchedule>
        <PeakDuration>push</PeakDuration>
      </SyncSchedule>
    </ActiveSync>
    <Browser>
      <NbBookmark>2</NbBookmark>
      <Bookmark>
        <NetworkName>default</NetworkName>
        <Index>1</Index>
        <BookmarkName>Google</BookmarkName>
        <URL>http://www.google.com/m?client={CID}&amp;source=android-home</URL>
      </Bookmark>
      <Bookmark>
        <NetworkName>default</NetworkName>
        <Editable>yes</Editable>
        <Index>2</Index>
        <BookmarkName>Galaxy Shop</BookmarkName>
        <URL>https://www.samsung.com/pl/mobile/?cid=pl_owned_app_s-internet_none_none_bookmark_bookmark_202008_none</URL>
      </Bookmark>
      <eManual>
        <URL>http://www.samsung.com/m-manual/common</URL>
      </eManual>
    </Browser>
    <Connections>
      <NbProfileHandle>1</NbProfileHandle>
      <ProfileHandle>
        <NbNetProfile>4</NbNetProfile>
        <NetworkName>Plus</NetworkName>
        <ProfBrowser>INTERNET</ProfBrowser>
        <ProfMMS>MMS</ProfMMS>
        <ProfEmail>INTERNET</ProfEmail>
        <ProfIM>INTERNET</ProfIM>
        <ProfStreaming>INTERNET</ProfStreaming>
        <ProfSyncDS>INTERNET</ProfSyncDS>
        <ProfActiveSync>INTERNET</ProfActiveSync>
        <ProfSyncDM>INTERNET</ProfSyncDM>
        <ProfAGPS>INTERNET</ProfAGPS>
        <ProfSGPS>INTERNET</ProfSGPS>
        <ProfWidget>INTERNET</ProfWidget>
        <ProfIntSharing>INTERNET</ProfIntSharing>
        <ProfRCS>INTERNET</ProfRCS>
        <ProfIMS>IMS</ProfIMS>
        <ProfXCAP>HOS</ProfXCAP>
        <ProfEpdg>IMS</ProfEpdg>
      </ProfileHandle>
      <NbProfile>4</NbProfile>
      <Profile>
        <NetworkName>Plus</NetworkName>
        <Editable>yes</Editable>
        <ProfileName>INTERNET</ProfileName>
        <URL>www.plus.pl</URL>
        <Auth>none</Auth>
        <Bearer>ps</Bearer>
        <Protocol>http</Protocol>
        <Proxy>
          <EnableFlag>off</EnableFlag>
        </Proxy>
        <PSparam>
          <APN>plus</APN>
        </PSparam>
      </Profile>
      <Profile>
        <NetworkName>Plus</NetworkName>
        <Editable>yes</Editable>
        <ProfileName>MMS</ProfileName>
        <URL>http://mms.plusgsm.pl:8002</URL>
        <Auth>none</Auth>
        <Bearer>ps</Bearer>
        <Protocol>http</Protocol>
        <Proxy>
          <EnableFlag>on</EnableFlag>
          <ServAddr>212.2.96.16</ServAddr>
          <Port>8080</Port>
        </Proxy>
        <PSparam>
          <APN>mms</APN>
        </PSparam>
      </Profile>
      <Profile>
        <NetworkName>Plus</NetworkName>
        <IpVersion>ipv4v6</IpVersion>
        <RoamingIpVersion>ipv4v6</RoamingIpVersion>
        <Editable>no</Editable>
        <HiddenStatus>hidden</HiddenStatus>
        <ProfileName>IMS</ProfileName>
        <MTUSize>1300</MTUSize>
        <PSparam>
          <APN>IMS</APN>
        </PSparam>
      </Profile>
      <Profile>
        <NetworkName>Plus</NetworkName>
        <IpVersion>ipv4v6</IpVersion>
        <RoamingIpVersion>ipv4v6</RoamingIpVersion>
        <Editable>no</Editable>
        <HiddenStatus>hidden</HiddenStatus>
        <ProfileName>HOS</ProfileName>
        <Protocol>http</Protocol>
        <PSparam>
          <APN>HOS</APN>
        </PSparam>
      </Profile>
    </Connections>
    <IMSSetting>
      <NbSetting>1</NbSetting>
      <Setting>
        <NetworkName>Plus</NetworkName>
        <Version>3.0</Version>
        <EnableIMS>true</EnableIMS>
        <VoLTE>
          <EnableVoLTE>true</EnableVoLTE>
          <EnableVoiceoverWIFI>true</EnableVoiceoverWIFI>
          <EnableVideocall>false</EnableVideocall>
          <EnableVoLTEindicator>true</EnableVoLTEindicator>
          <Voice_Domain_Preference_EUTRAN>imspsvoicepreferred</Voice_Domain_Preference_EUTRAN>
          <Emregencycall_Domain>cs</Emregencycall_Domain>
          <SRVCCversion>10</SRVCCversion>
          <SS_Domain_Preference>cs_always</SS_Domain_Preference>
          <SS_PS_Control_Preference>xcap</SS_PS_Control_Preference>
          <SS_CSFBwithIMSerror>true</SS_CSFBwithIMSerror>
          <USSD_Domain_Preference>cs</USSD_Domain_Preference>
          <EnableSMSoverIP>true</EnableSMSoverIP>
        </VoLTE>
      </Setting>
    </IMSSetting>
  </Settings>
</CustomerData>