<?xml version="1.0" encoding="UTF-8"?>
<SamsungMobileFeature>
  <Version>ED00003</Version>
  <Country>NEW ZEALAND</Country>
  <CountryISO>NZ</CountryISO>
  <SalesCode>NZC</SalesCode>
  <FeatureSet>
    <CscFeature_Camera_CameraFlicker>50hz</CscFeature_Camera_CameraFlicker>
    <CscFeature_Camera_EnableCameraDuringCall>TRUE</CscFeature_Camera_EnableCameraDuringCall>
    <CscFeature_Common_AutoConfigurationType>NO_DFLT_CSC, SIMBASED_OMC</CscFeature_Common_AutoConfigurationType>
    <CscFeature_Common_ConfigAllowedPackagesDuringDataSaving>com.samsung.android.smartcallprovider</CscFeature_Common_ConfigAllowedPackagesDuringDataSaving>
    <CscFeature_Common_ConfigSvcProviderForUnknownNumber>whitepages,whitepages,whitepages</CscFeature_Common_ConfigSvcProviderForUnknownNumber>
    <CscFeature_Common_DisableLTEFallbackAtLowThroughput>TRUE</CscFeature_Common_DisableLTEFallbackAtLowThroughput>
    <CscFeature_Common_DisablePhoneNumberFormatting>TRUE</CscFeature_Common_DisablePhoneNumberFormatting>
    <CscFeature_Common_EulaVersion>2</CscFeature_Common_EulaVersion>
    <CscFeature_Contact_ReplaceLabelEmergency4>TRUE</CscFeature_Contact_ReplaceLabelEmergency4>
    <CscFeature_Contact_SupportDuoVideoCall>TRUE</CscFeature_Contact_SupportDuoVideoCall>
    <CscFeature_GMS_SetClientIDBaseMs>android-samsung-gs-rev1</CscFeature_GMS_SetClientIDBaseMs>
    <CscFeature_GMS_SupportSTSTool>FALSE</CscFeature_GMS_SupportSTSTool>
    <CscFeature_GPS_ConfigLppBitmask>7</CscFeature_GPS_ConfigLppBitmask>
    <CscFeature_GPS_SupportEnableAgps>TRUE</CscFeature_GPS_SupportEnableAgps>
    <CscFeature_Message_CMASOperator>nz-open</CscFeature_Message_CMASOperator>
    <CscFeature_NFC_DefStatus>ON</CscFeature_NFC_DefStatus>
    <CscFeature_RIL_ConfigSpecialPdpFlag>im_cn</CscFeature_RIL_ConfigSpecialPdpFlag>
    <CscFeature_RIL_SupportEsim>TRUE</CscFeature_RIL_SupportEsim>
    <CscFeature_Setting_ConfigAboutDeviceItems>fcc=disabled;</CscFeature_Setting_ConfigAboutDeviceItems>
    <CscFeature_Setting_ConfigAddSuffixModelNumber>/DS</CscFeature_Setting_ConfigAddSuffixModelNumber>
    <CscFeature_Setting_DisableELabelCeWeeeMarks>FALSE</CscFeature_Setting_DisableELabelCeWeeeMarks>
    <CscFeature_Setting_EnableDataRoamingMenuInDetail>TRUE</CscFeature_Setting_EnableDataRoamingMenuInDetail>
    <CscFeature_Setting_SetLockScreenComponent>Information ticker,Clock,Camera quick access,Shortcuts,Help text</CscFeature_Setting_SetLockScreenComponent>
    <CscFeature_Setting_SkipWifiActvDuringSetupWizard>TRUE</CscFeature_Setting_SkipWifiActvDuringSetupWizard>
    <CscFeature_Setting_SupportRegulatoryInfo>TRUE</CscFeature_Setting_SupportRegulatoryInfo>
    <CscFeature_SyncML_SupportOmcAppDataChargePopup>FALSE</CscFeature_SyncML_SupportOmcAppDataChargePopup>
    <CscFeature_SystemUI_ConfigOpBranding5GIcon>5GAvailable</CscFeature_SystemUI_ConfigOpBranding5GIcon>
    <CscFeature_VT_ConfigBearer>-CSVT</CscFeature_VT_ConfigBearer>
    <CscFeature_VoiceCall_EnableDetailCallEndCause>TRUE</CscFeature_VoiceCall_EnableDetailCallEndCause>
    <CscFeature_Weather_ConfigCpType>TWC</CscFeature_Weather_ConfigCpType>
    <CscFeature_Web_EnableAutoBookmarkSetBySim>FALSE</CscFeature_Web_EnableAutoBookmarkSetBySim>
    <CscFeature_Wifi_ConfigSnsStatus>DEFAULT_ON</CscFeature_Wifi_ConfigSnsStatus>
    
    <!-- Additions -->
    <CscFeature_Camera_ShutterSoundMenu>TRUE</CscFeature_Camera_ShutterSoundMenu>
    <CscFeature_Setting_EnableMenuBlockCallMsg>TRUE</CscFeature_Setting_EnableMenuBlockCallMsg>
    <CscFeature_SystemUI_SupportRecentAppProtection>TRUE</CscFeature_SystemUI_SupportRecentAppProtection>
    <CscFeature_VoiceCall_ConfigRecording>RecordingAllowed</CscFeature_VoiceCall_ConfigRecording>
    <CscFeature_Message_SupportAntiPhishing>TRUE</CscFeature_Message_SupportAntiPhishing>
    <CscFeature_Message_DisableSpam>TRUE</CscFeature_Message_DisableSpam>
    <CscFeature_Music_SupportPlaybackDuringCall>TRUE</CscFeature_Music_SupportPlaybackDuringCall>
    <CscFeature_Video_SupportPlayDuringCall>TRUE</CscFeature_Video_SupportPlayDuringCall>
    <CscFeature_Camera_EnableCameraDuringCall>TRUE</CscFeature_Camera_EnableCameraDuringCall>
  </FeatureSet>
</SamsungMobileFeature>
