<?xml version="1.0" encoding="UTF-8"?>
<CustomerData>
  <GeneralInfo>
    <CSCEdition>ED0001</CSCEdition>
    <Country>New Zealand</Country>
    <CountryISO>NZ</CountryISO>
    <Region>SEA</Region>
    <SalesCode>NZC</SalesCode>
    <NbNetworkInfo>1</NbNetworkInfo>
    <NetworkInfo>
      <MCCMNC>53024</MCCMNC>
      <NetworkName>2degrees</NetworkName>
      <NWID>NW00013</NWID>
      <SPName>2degrees</SPName>
    </NetworkInfo>
  </GeneralInfo>
  <Settings>
    <Main>
      <Security>
        <OneSIMLock>none</OneSIMLock>
        <SeparateLock>none</SeparateLock>
      </Security>
      <Network>
        <NbMaxPDP>1</NbMaxPDP>
        <MaxPDP>
          <MaxPDP2G>4</MaxPDP2G>
        </MaxPDP>
        <NbFastDormancy>1</NbFastDormancy>
        <FastDormancy>
          <NetworkName>2degrees</NetworkName>
          <FastDormancyEnableStatus>off</FastDormancyEnableStatus>
        </FastDormancy>
        <NbWbAmr>1</NbWbAmr>
        <WbAmr>
          <NetworkName>2degrees</NetworkName>
          <WbAmrCodec>on</WbAmrCodec>
        </WbAmr>
        <NbSOSNumber>3</NbSOSNumber>
        <SOSNumber>111</SOSNumber>
        <SOSNumber>112</SOSNumber>
        <SOSNumber>911</SOSNumber>
        <NbSOSNumberNoSIM>3</NbSOSNumberNoSIM>
        <SOSNumberNoSIM>111</SOSNumberNoSIM>
        <SOSNumberNoSIM>112</SOSNumberNoSIM>
        <SOSNumberNoSIM>911</SOSNumberNoSIM>
        <AutoProfile>off</AutoProfile>
      </Network>
      <Sound>
        <RngToneAlertType>melody</RngToneAlertType>
        <RngVolume>4</RngVolume>
        <KeyTone>
          <KeyVolume>4</KeyVolume>
        </KeyTone>
        <MsgToneAlertType>melody</MsgToneAlertType>
        <MsgToneVolume>4</MsgToneVolume>
        <TouchTone>on</TouchTone>
        <ExtraSound>
          <ConnectTone>off</ConnectTone>
          <CallEndTone>on</CallEndTone>
        </ExtraSound>
        <AMRVoiceCodec>on</AMRVoiceCodec>
      </Sound>
      <Phone>
        <DefLanguage>en_NZ</DefLanguage>
        <DefLanguageNoSIM>en_NZ</DefLanguageNoSIM>
        <T9Enabling>enable</T9Enabling>
        <T9Language>english</T9Language>
        <DateTimeFormat>
          <DateFormat>ddmmyyyy</DateFormat>
          <TimeFormat>24h</TimeFormat>
          <TimezoneUpdate>on</TimezoneUpdate>
        </DateTimeFormat>
      </Phone>
    </Main>
    <Contact>
      <SavePosition>sim</SavePosition>
      <ContactSort>firstname</ContactSort>
    </Contact>
    <Calendar>
      <StartDay>sunday</StartDay>
    </Calendar>
    <Messages>
      <NbVoicemail>1</NbVoicemail>
      <Voicemail>
        <NetworkName>2degrees</NetworkName>
        <VoicemailName>Voicemail</VoicemailName>
        <TelNum>+64222022002</TelNum>
      </Voicemail>
      <PushMsg>
        <RecOption>on</RecOption>
        <PushLoading>prompt</PushLoading>
      </PushMsg>
      <SMS>
        <DeliveryReport>off</DeliveryReport>
        <MsgTypeThreshold>
          <ThresholdValue>5</ThresholdValue>
          <ThresholdType>pagecount</ThresholdType>
        </MsgTypeThreshold>
        <CharSupport>automatic</CharSupport>
        <SSMS>off</SSMS>
        <PreviewMessage>on</PreviewMessage>
      </SMS>
      <MMS>
        <MMSVersion>1.2</MMSVersion>
        <MmsSending>
          <ReqDeliveryRep>off</ReqDeliveryRep>
          <ReqReadRep>off</ReqReadRep>
          <MessageSize>300</MessageSize>
          <CreationMode>warning</CreationMode>
        </MmsSending>
        <MmsReceiving>
          <Home>auto</Home>
          <Roaming>auto</Roaming>
        </MmsReceiving>
      </MMS>
    </Messages>
    <Wifi>
      <WifiEnableStatus>off</WifiEnableStatus>
    </Wifi>
    <NbFOTA>1</NbFOTA>
    <FOTA>
      <NetworkName>2degrees</NetworkName>
    </FOTA>
    <ActiveSync>
      <RoamingSetting>use_sync_setting</RoamingSetting>
    </ActiveSync>
    <Browser>
      <NbBookmark>2</NbBookmark>
      <Bookmark>
        <NetworkName>2degrees</NetworkName>
        <Editable>no</Editable>
        <Index>1</Index>
        <BookmarkName>2degrees</BookmarkName>
        <URL>http://m.2degreesmobile.co.nz</URL>
      </Bookmark>
      <Bookmark>
        <NetworkName>default</NetworkName>
        <Index>1</Index>
        <BookmarkName>Google</BookmarkName>
        <URL>http://www.google.com/m?client={CID}&amp;source=android-home</URL>
      </Bookmark>
    </Browser>
    <Connections>
      <NbProfileHandle>1</NbProfileHandle>
      <ProfileHandle>
        <NbNetProfile>3</NbNetProfile>
        <NetworkName>2degrees</NetworkName>
        <ProfBrowser>Internet</ProfBrowser>
        <ProfMMS>MMS</ProfMMS>
        <ProfEmail>Internet</ProfEmail>
        <ProfIM>Internet</ProfIM>
        <ProfStreaming>Internet</ProfStreaming>
        <ProfSyncDS>Internet</ProfSyncDS>
        <ProfActiveSync>Internet</ProfActiveSync>
        <ProfSyncDM>Internet</ProfSyncDM>
        <ProfSGPS>Internet</ProfSGPS>
        <ProfWidget>Internet</ProfWidget>
        <ProfIntSharing>Internet</ProfIntSharing>
        <ProfRCS>Internet</ProfRCS>
        <ProfIMS>IMS</ProfIMS>
      </ProfileHandle>
      <NbProfile>3</NbProfile>
      <Profile>
        <NetworkName>2degrees</NetworkName>
        <Editable>yes</Editable>
        <HiddenStatus>show</HiddenStatus>
        <ProfileName>MMS</ProfileName>
        <URL>http://mms.2degreesmobile.net.nz:48090</URL>
        <Auth>normal</Auth>
        <Bearer>ps</Bearer>
        <Protocol>http</Protocol>
        <Proxy>
          <EnableFlag>on</EnableFlag>
          <ServAddr>118.148.1.118</ServAddr>
          <Port>8080</Port>
        </Proxy>
        <PSparam>
          <APN>mms</APN>
        </PSparam>
      </Profile>
      <Profile>
        <NetworkName>2degrees</NetworkName>
        <Editable>yes</Editable>
        <HiddenStatus>show</HiddenStatus>
        <ProfileName>Internet</ProfileName>
        <URL>http://m.2degreesmobile.co.nz</URL>
        <Auth>normal</Auth>
        <Bearer>ps</Bearer>
        <Protocol>http</Protocol>
        <Proxy>
          <EnableFlag>off</EnableFlag>
        </Proxy>
        <PSparam>
          <APN>internet</APN>
        </PSparam>
      </Profile>
      <Profile>
        <NetworkName>2degrees</NetworkName>
        <IpVersion>ipv4</IpVersion>
        <Editable>yes</Editable>
        <HiddenStatus>show</HiddenStatus>
        <ProfileName>IMS</ProfileName>
        <PSparam>
          <APN>ims</APN>
        </PSparam>
      </Profile>
    </Connections>
    <IMSSetting>
      <NbSetting>1</NbSetting>
      <Setting>
        <NetworkName>2degrees</NetworkName>
        <Version>3.0</Version>
        <EnableIMS>true</EnableIMS>
        <VoLTE>
          <EnableVoLTE>true</EnableVoLTE>
          <EnableVoiceoverWIFI>true</EnableVoiceoverWIFI>
          <EnableVideocall>false</EnableVideocall>
          <EnableVoLTEindicator>true</EnableVoLTEindicator>
          <Voice_Domain_Preference_EUTRAN>imspsvoicepreferred</Voice_Domain_Preference_EUTRAN>
          <Emregencycall_Domain>ps</Emregencycall_Domain>
          <SRVCCversion>10</SRVCCversion>
          <SS_Domain_Preference>cs_always</SS_Domain_Preference>
          <SS_PS_Control_Preference>xcap</SS_PS_Control_Preference>
          <SS_CSFBwithIMSerror>true</SS_CSFBwithIMSerror>
          <USSD_Domain_Preference>cs</USSD_Domain_Preference>
          <EnableSMSoverIP>true</EnableSMSoverIP>
        </VoLTE>
      </Setting>
    </IMSSetting>
  </Settings>
</CustomerData>