<?xml version="1.0" encoding="UTF-8"?>
<CustomerData>
  <GeneralInfo>
    <CSCEdition>ED0005</CSCEdition>
    <Country>Germany</Country>
    <CountryISO>DE</CountryISO>
    <Region>EUR</Region>
    <SalesCode>DBT</SalesCode>
    <NbNetworkInfo>8</NbNetworkInfo>
    <NetworkInfo>
      <MCCMNC>26201</MCCMNC>
      <NetworkName>Telekom.de</NetworkName>
      <NWID>NW01250</NWID>
    </NetworkInfo>
    <NetworkInfo>
      <MCCMNC>26202</MCCMNC>
      <NetworkName>vodafone.de</NetworkName>
      <NWID>NW01517</NWID>
    </NetworkInfo>
    <NetworkInfo>
      <MCCMNC>26203</MCCMNC>
      <NetworkName>o2 - de</NetworkName>
      <NWID>NW00892</NWID>
    </NetworkInfo>
    <NetworkInfo>
      <MCCMNC>26207</MCCMNC>
      <NetworkName>o2 - de</NetworkName>
      <NWID>NW00892</NWID>
    </NetworkInfo>
    <NetworkInfo>
      <MCCMNC>26203</MCCMNC>
      <NetworkName>o2 DE</NetworkName>
      <NWID>NW01648</NWID>
      <CodeType>HEX</CodeType>
      <SubsetCode>010301</SubsetCode>
    </NetworkInfo>
    <NetworkInfo>
      <MCCMNC>26203</MCCMNC>
      <NetworkName>o2 DE</NetworkName>
      <NWID>NW01648</NWID>
      <CodeType>HEX</CodeType>
      <SubsetCode>010901</SubsetCode>
    </NetworkInfo>
    <NetworkInfo>
      <MCCMNC>26207</MCCMNC>
      <NetworkName>o2 DE</NetworkName>
      <NWID>NW01648</NWID>
      <CodeType>HEX</CodeType>
      <SubsetCode>010301</SubsetCode>
    </NetworkInfo>
    <NetworkInfo>
      <MCCMNC>26207</MCCMNC>
      <NetworkName>o2 DE</NetworkName>
      <NWID>NW01648</NWID>
      <CodeType>HEX</CodeType>
      <SubsetCode>010901</SubsetCode>
    </NetworkInfo>
  </GeneralInfo>
  <Settings>
    <Main>
      <Security>
        <OneSIMLock>none</OneSIMLock>
        <SeparateLock>none</SeparateLock>
      </Security>
      <Network>
        <NbWbAmr>1</NbWbAmr>
        <WbAmr>
          <NetworkName>default</NetworkName>
          <WbAmrCodec>on</WbAmrCodec>
        </WbAmr>
        <NbSOSNumber>2</NbSOSNumber>
        <SOSNumber>112</SOSNumber>
        <SOSNumber>911</SOSNumber>
        <AutoProfile>on</AutoProfile>
        <AutoVoicemail>on</AutoVoicemail>
        <AutoEmailAccount>off</AutoEmailAccount>
        <AutoBookmark>off</AutoBookmark>
        <AutoLink>off</AutoLink>
        <AutoSyncML>off</AutoSyncML>
        <AutoFastDormancy>off</AutoFastDormancy>
        <AutoWbAmr>off</AutoWbAmr>
        <AutoFOTA>off</AutoFOTA>
      </Network>
      <Sound>
        <AMRVoiceCodec>off</AMRVoiceCodec>
      </Sound>
      <Phone>
        <DefLanguage>de_DE</DefLanguage>
        <DefLanguageNoSIM>de_DE</DefLanguageNoSIM>
        <T9Enabling>enable</T9Enabling>
        <DateTimeFormat>
          <TimeFormat>24h</TimeFormat>
        </DateTimeFormat>
      </Phone>
    </Main>
    <Calendar>
      <StartDay>monday</StartDay>
    </Calendar>
    <Messages>
      <NbVoicemail>1</NbVoicemail>
      <Voicemail>
        <NetworkName>Telekom.de</NetworkName>
        <TelNum>3311</TelNum>
      </Voicemail>
      <SMS>
        <MsgTypeThreshold>
          <ThresholdValue>5</ThresholdValue>
          <ThresholdType>pagecount</ThresholdType>
        </MsgTypeThreshold>
        <CharSupport>gsmalpha</CharSupport>
      </SMS>
      <MMS>
        <MmsSending>
          <CreationMode>free</CreationMode>
        </MmsSending>
        <MmsReceiving>
          <Home>auto</Home>
          <Roaming>manual</Roaming>
        </MmsReceiving>
      </MMS>
    </Messages>
    <Browser>
      <NbBookmark>3</NbBookmark>
      <Bookmark>
        <NetworkName>default</NetworkName>
        <Editable>no</Editable>
        <BookmarkName>Samsung Home</BookmarkName>
        <URL>http://mobileinfo.samsung.de</URL>
      </Bookmark>
      <Bookmark>
        <NetworkName>default</NetworkName>
        <Editable>yes</Editable>
        <BookmarkName>Google</BookmarkName>
        <URL>http://www.google.com/m?client={CID}&amp;source=android-home</URL>
      </Bookmark>
      <Bookmark>
        <NetworkName>default</NetworkName>
        <Editable>yes</Editable>
        <BookmarkName>Galaxy Shop</BookmarkName>
        <URL>https://www.samsung.com/galaxy-shop/?cid=global_owned_app_s-internet_none_none_bookmark_bookmark_202008_none</URL>
      </Bookmark>
      <eManual>
        <URL>http://www.samsung.com/m-manual/common</URL>
      </eManual>
    </Browser>
    <Connections>
      <NbProfileHandle>4</NbProfileHandle>
      <ProfileHandle>
        <NbNetProfile>3</NbNetProfile>
        <NetworkName>Telekom.de</NetworkName>
        <ProfBrowser>Telekom Internet</ProfBrowser>
        <ProfMMS>HOS</ProfMMS>
        <ProfIMS>Telekom IMS</ProfIMS>
        <ProfXCAP>HOS</ProfXCAP>
      </ProfileHandle>
      <ProfileHandle>
        <NbNetProfile>3</NbNetProfile>
        <NetworkName>vodafone.de</NetworkName>
        <ProfBrowser>VF DE Web</ProfBrowser>
        <ProfMMS>VF DE Event</ProfMMS>
        <ProfIMS>IMS</ProfIMS>
        <ProfXCAP>VF DE Web</ProfXCAP>
      </ProfileHandle>
      <ProfileHandle>
        <NbNetProfile>3</NbNetProfile>
        <NetworkName>o2 - de</NetworkName>
        <ProfBrowser>o2 Internet</ProfBrowser>
        <ProfMMS>o2 MMS</ProfMMS>
        <ProfEmail>o2 Internet</ProfEmail>
        <ProfStreaming>o2 Internet</ProfStreaming>
        <ProfSyncDS>o2 Internet</ProfSyncDS>
        <ProfWidget>o2 Internet</ProfWidget>
        <ProfIMS>o2 IMS</ProfIMS>
        <ProfXCAP>o2 Internet</ProfXCAP>
      </ProfileHandle>
      <ProfileHandle>
        <NbNetProfile>3</NbNetProfile>
        <NetworkName>o2 DE</NetworkName>
        <ProfBrowser>o2 Internet</ProfBrowser>
        <ProfMMS>o2 MMS</ProfMMS>
        <ProfEmail>o2 Internet</ProfEmail>
        <ProfStreaming>o2 Internet</ProfStreaming>
        <ProfSyncDS>o2 Internet</ProfSyncDS>
        <ProfWidget>o2 Internet</ProfWidget>
        <ProfIMS>o2 IMS</ProfIMS>
        <ProfXCAP>o2 Internet</ProfXCAP>
      </ProfileHandle>
      <NbProfile>12</NbProfile>
      <Profile>
        <NetworkName>Telekom.de</NetworkName>
        <IpVersion>ipv4v6</IpVersion>
        <Editable>yes</Editable>
        <ProfileName>Telekom Internet</ProfileName>
        <URL>http://mobileinfo.samsung.de</URL>
        <Auth>normal</Auth>
        <Protocol>http</Protocol>
        <Proxy>
          <EnableFlag>off</EnableFlag>
        </Proxy>
        <PSparam>
          <APN>internet.v6.telekom</APN>
          <UserId>telekom</UserId>
          <Password>telekom</Password>
        </PSparam>
      </Profile>
      <Profile>
        <NetworkName>Telekom.de</NetworkName>
        <IpVersion>ipv4v6</IpVersion>
        <Editable>yes</Editable>
        <HiddenStatus>hidden</HiddenStatus>
        <ProfileName>HOS</ProfileName>
        <URL>http://mms.t-mobile.de/servlets/mms</URL>
        <Auth>normal</Auth>
        <Protocol>http</Protocol>
        <Proxy>
          <EnableFlag>on</EnableFlag>
          <ServAddr>109.237.176.193</ServAddr>
          <Port>8008</Port>
        </Proxy>
        <PSparam>
          <APN>hos</APN>
          <UserId>telekom</UserId>
          <Password>telekom</Password>
        </PSparam>
      </Profile>
      <Profile>
        <NetworkName>Telekom.de</NetworkName>
        <IpVersion>ipv4v6</IpVersion>
        <RoamingIpVersion>ipv4v6</RoamingIpVersion>
        <Editable>no</Editable>
        <HiddenStatus>hidden</HiddenStatus>
        <ProfileName>Telekom IMS</ProfileName>
        <Auth>none</Auth>
        <Protocol>http</Protocol>
        <PSparam>
          <APN>IMS</APN>
        </PSparam>
      </Profile>
      <Profile>
        <NetworkName>vodafone.de</NetworkName>
        <IpVersion>ipv4v6</IpVersion>
        <RoamingIpVersion>ipv4v6</RoamingIpVersion>
        <Editable>no</Editable>
        <ProfileName>VF DE Web</ProfileName>
        <URL>http://mobileinfo.samsung.de</URL>
        <Auth>normalorsecure</Auth>
        <Bearer>ps</Bearer>
        <Protocol>http</Protocol>
        <MTUSize>1500</MTUSize>
        <Proxy>
          <EnableFlag>off</EnableFlag>
        </Proxy>
        <PSparam>
          <APN>web.vodafone.de</APN>
        </PSparam>
      </Profile>
      <Profile>
        <NetworkName>vodafone.de</NetworkName>
        <IpVersion>ipv4v6</IpVersion>
        <RoamingIpVersion>ipv4v6</RoamingIpVersion>
        <Editable>no</Editable>
        <ProfileName>VF DE Event</ProfileName>
        <URL>http://139.7.24.1/servlets/mms</URL>
        <Auth>none</Auth>
        <Bearer>ps</Bearer>
        <Protocol>http</Protocol>
        <MTUSize>1500</MTUSize>
        <Proxy>
          <EnableFlag>on</EnableFlag>
          <ServAddr>139.007.029.017</ServAddr>
          <Port>80</Port>
        </Proxy>
        <PSparam>
          <APN>event.vodafone.de</APN>
        </PSparam>
      </Profile>
      <Profile>
        <NetworkName>vodafone.de</NetworkName>
        <IpVersion>ipv4v6</IpVersion>
        <Editable>no</Editable>
        <HiddenStatus>hidden</HiddenStatus>
        <ProfileName>IMS</ProfileName>
        <Auth>none</Auth>
        <Protocol>http</Protocol>
        <MTUSize>1500</MTUSize>
        <PSparam>
          <APN>IMS</APN>
        </PSparam>
      </Profile>
      <Profile>
        <NetworkName>o2 - de</NetworkName>
        <Editable>yes</Editable>
        <ProfileName>o2 MMS</ProfileName>
        <URL>http://10.81.0.7:8002</URL>
        <Auth>normal</Auth>
        <Bearer>ps</Bearer>
        <Protocol>http</Protocol>
        <Proxy>
          <EnableFlag>on</EnableFlag>
          <ServAddr>82.113.100.5</ServAddr>
          <Port>8080</Port>
        </Proxy>
        <PSparam>
          <APN>internet</APN>
        </PSparam>
      </Profile>
      <Profile>
        <NetworkName>o2 - de</NetworkName>
        <Editable>yes</Editable>
        <ProfileName>o2 Internet</ProfileName>
        <URL>http://mobileinfo.samsung.de</URL>
        <Auth>normal</Auth>
        <Bearer>ps</Bearer>
        <Protocol>http</Protocol>
        <Proxy>
          <EnableFlag>off</EnableFlag>
        </Proxy>
        <PSparam>
          <APN>internet</APN>
        </PSparam>
      </Profile>
      <Profile>
        <NetworkName>o2 - de</NetworkName>
        <IpVersion>ipv4v6</IpVersion>
        <Editable>yes</Editable>
        <HiddenStatus>hidden</HiddenStatus>
        <ProfileName>o2 IMS</ProfileName>
        <Auth>normal</Auth>
        <Protocol>http</Protocol>
        <PSparam>
          <APN>ims</APN>
        </PSparam>
      </Profile>
      <Profile>
        <NetworkName>o2 DE</NetworkName>
        <Editable>yes</Editable>
        <ProfileName>o2 MMS</ProfileName>
        <URL>http://10.81.0.7:8002</URL>
        <Auth>normal</Auth>
        <Bearer>ps</Bearer>
        <Protocol>http</Protocol>
        <Proxy>
          <EnableFlag>on</EnableFlag>
          <ServAddr>82.113.100.5</ServAddr>
          <Port>8080</Port>
        </Proxy>
        <PSparam>
          <APN>internet</APN>
        </PSparam>
      </Profile>
      <Profile>
        <NetworkName>o2 DE</NetworkName>
        <Editable>yes</Editable>
        <ProfileName>o2 Internet</ProfileName>
        <URL>http://mobileinfo.samsung.de</URL>
        <Auth>normal</Auth>
        <Bearer>ps</Bearer>
        <Protocol>http</Protocol>
        <Proxy>
          <EnableFlag>off</EnableFlag>
        </Proxy>
        <PSparam>
          <APN>internet</APN>
        </PSparam>
      </Profile>
      <Profile>
        <NetworkName>o2 DE</NetworkName>
        <IpVersion>ipv4v6</IpVersion>
        <Editable>yes</Editable>
        <HiddenStatus>hidden</HiddenStatus>
        <ProfileName>o2 IMS</ProfileName>
        <Auth>normal</Auth>
        <Protocol>http</Protocol>
        <PSparam>
          <APN>ims</APN>
        </PSparam>
      </Profile>
    </Connections>
    <IMSSetting>
      <NbSetting>4</NbSetting>
      <Setting>
        <NetworkName>o2 - de</NetworkName>
        <Version>3.0</Version>
        <EnableIMS>true</EnableIMS>
        <VoLTE>
          <EnableVoLTE>true</EnableVoLTE>
          <EnableVoiceoverWIFI>true</EnableVoiceoverWIFI>
          <EnableVideocall>true</EnableVideocall>
          <EnableVoLTEindicator>false</EnableVoLTEindicator>
          <Voice_Domain_Preference_EUTRAN>imspsvoicepreferred</Voice_Domain_Preference_EUTRAN>
          <Emregencycall_Domain>ps</Emregencycall_Domain>
          <SRVCCversion>10</SRVCCversion>
          <SS_Domain_Preference>ps_only_psregied</SS_Domain_Preference>
          <SS_PS_Control_Preference>xcap</SS_PS_Control_Preference>
          <SS_CSFBwithIMSerror>true</SS_CSFBwithIMSerror>
          <USSD_Domain_Preference>cs</USSD_Domain_Preference>
          <EnableSMSoverIP>false</EnableSMSoverIP>
        </VoLTE>
        <RCS>
          <EnableRCS>true</EnableRCS>
          <EnableRCSchat>true</EnableRCSchat>
        </RCS>
      </Setting>
      <Setting>
        <NetworkName>vodafone.de</NetworkName>
        <Version>3.0</Version>
        <EnableIMS>true</EnableIMS>
        <VoLTE>
          <EnableVoLTE>true</EnableVoLTE>
          <EnableVoiceoverWIFI>true</EnableVoiceoverWIFI>
          <EnableVideocall>false</EnableVideocall>
          <EnableVoLTEindicator>false</EnableVoLTEindicator>
          <Voice_Domain_Preference_EUTRAN>imspsvoicepreferred</Voice_Domain_Preference_EUTRAN>
          <Emregencycall_Domain>cs</Emregencycall_Domain>
          <SRVCCversion>10</SRVCCversion>
          <SS_Domain_Preference>ps_always</SS_Domain_Preference>
          <SS_PS_Control_Preference>xcap</SS_PS_Control_Preference>
          <SS_CSFBwithIMSerror>true</SS_CSFBwithIMSerror>
          <USSD_Domain_Preference>cs</USSD_Domain_Preference>
          <EnableSMSoverIP>true</EnableSMSoverIP>
        </VoLTE>
        <RCS>
          <EnableRCS>true</EnableRCS>
          <EnableRCSchat>true</EnableRCSchat>
        </RCS>
      </Setting>
      <Setting>
        <NetworkName>Telekom.de</NetworkName>
        <Version>3.0</Version>
        <EnableIMS>true</EnableIMS>
        <VoLTE>
          <EnableVoLTE>true</EnableVoLTE>
          <EnableVoiceoverWIFI>true</EnableVoiceoverWIFI>
          <EnableVideocall>false</EnableVideocall>
          <EnableVoLTEindicator>false</EnableVoLTEindicator>
          <Voice_Domain_Preference_EUTRAN>imspsvoicepreferred</Voice_Domain_Preference_EUTRAN>
          <Emregencycall_Domain>ps</Emregencycall_Domain>
          <SRVCCversion>10</SRVCCversion>
          <SS_Domain_Preference>ps_only_psregied</SS_Domain_Preference>
          <SS_PS_Control_Preference>xcap</SS_PS_Control_Preference>
          <SS_CSFBwithIMSerror>false</SS_CSFBwithIMSerror>
          <USSD_Domain_Preference>pscs</USSD_Domain_Preference>
          <EnableSMSoverIP>true</EnableSMSoverIP>
        </VoLTE>
        <RCS>
          <EnableRCS>true</EnableRCS>
          <EnableRCSchat>true</EnableRCSchat>
        </RCS>
      </Setting>
      <Setting>
        <NetworkName>o2 DE</NetworkName>
        <Version>3.0</Version>
        <EnableIMS>true</EnableIMS>
        <VoLTE>
          <EnableVoLTE>true</EnableVoLTE>
          <EnableVoiceoverWIFI>true</EnableVoiceoverWIFI>
          <EnableVideocall>true</EnableVideocall>
          <EnableVoLTEindicator>false</EnableVoLTEindicator>
          <Voice_Domain_Preference_EUTRAN>imspsvoicepreferred</Voice_Domain_Preference_EUTRAN>
          <Emregencycall_Domain>ps</Emregencycall_Domain>
          <SRVCCversion>10</SRVCCversion>
          <SS_Domain_Preference>ps_only_psregied</SS_Domain_Preference>
          <SS_PS_Control_Preference>xcap</SS_PS_Control_Preference>
          <SS_CSFBwithIMSerror>true</SS_CSFBwithIMSerror>
          <USSD_Domain_Preference>cs</USSD_Domain_Preference>
          <EnableSMSoverIP>false</EnableSMSoverIP>
        </VoLTE>
        <RCS>
          <EnableRCS>true</EnableRCS>
          <EnableRCSchat>true</EnableRCSchat>
        </RCS>
      </Setting>
    </IMSSetting>
  </Settings>
</CustomerData>