<?xml version="1.0" encoding="UTF-8"?>
<CustomerData>
  <GeneralInfo>
    <CSCEdition>ED0001</CSCEdition>
    <Country>Poland</Country>
    <CountryISO>PL</CountryISO>
    <Region>EUR</Region>
    <SalesCode>TPL</SalesCode>
    <NbNetworkInfo>12</NbNetworkInfo>
    <NetworkInfo>
      <MCCMNC>26002</MCCMNC>
      <NetworkName>T-Mobile.pl</NetworkName>
      <NWID>NW01321</NWID>
      <SubsetCode>11</SubsetCode>
      <SPName>T-Mobile.pl</SPName>
    </NetworkInfo>
    <NetworkInfo>
      <MCCMNC>26002</MCCMNC>
      <NetworkName>T-Mobile.pl</NetworkName>
      <NWID>NW01321</NWID>
      <SubsetCode>12</SubsetCode>
      <SPName>T-Mobile.pl</SPName>
    </NetworkInfo>
    <NetworkInfo>
      <MCCMNC>26002</MCCMNC>
      <NetworkName>T-Mobile.pl</NetworkName>
      <NWID>NW01321</NWID>
      <SubsetCode>16</SubsetCode>
      <SPName>T-Mobile.pl</SPName>
    </NetworkInfo>
    <NetworkInfo>
      <MCCMNC>26002</MCCMNC>
      <NetworkName>T-Mobile.pl</NetworkName>
      <NWID>NW01321</NWID>
      <SubsetCode>17</SubsetCode>
      <SPName>T-Mobile.pl</SPName>
    </NetworkInfo>
    <NetworkInfo>
      <MCCMNC>26002</MCCMNC>
      <NetworkName>T-Mobile.pl</NetworkName>
      <NWID>NW01321</NWID>
      <SubsetCode>21</SubsetCode>
      <SPName>T-Mobile.pl</SPName>
    </NetworkInfo>
    <NetworkInfo>
      <MCCMNC>26002</MCCMNC>
      <NetworkName>T-Mobile.pl</NetworkName>
      <NWID>NW01321</NWID>
      <SubsetCode>22</SubsetCode>
      <SPName>T-Mobile.pl</SPName>
    </NetworkInfo>
    <NetworkInfo>
      <MCCMNC>26002</MCCMNC>
      <NetworkName>T-Mobile.pl</NetworkName>
      <NWID>NW01321</NWID>
      <SubsetCode>24</SubsetCode>
      <SPName>T-Mobile.pl</SPName>
    </NetworkInfo>
    <NetworkInfo>
      <MCCMNC>26002</MCCMNC>
      <NetworkName>T-Mobile.pl</NetworkName>
      <NWID>NW01321</NWID>
      <SubsetCode>26</SubsetCode>
      <SPName>T-Mobile.pl</SPName>
    </NetworkInfo>
    <NetworkInfo>
      <MCCMNC>26002</MCCMNC>
      <NetworkName>T-Mobile.pl</NetworkName>
      <NWID>NW01321</NWID>
      <SPName>T-Mobile.pl</SPName>
    </NetworkInfo>
    <NetworkInfo>
      <MCCMNC>26002</MCCMNC>
      <NetworkName>T-Mobile.pl</NetworkName>
      <NWID>NW01321</NWID>
      <SPName>T-Mobile.pl Q</SPName>
    </NetworkInfo>
    <NetworkInfo>
      <MCCMNC>26002</MCCMNC>
      <NetworkName>T-Mobile.pl</NetworkName>
      <NWID>NW01321</NWID>
      <SPName>T-Mobile.pl Q</SPName>
    </NetworkInfo>
    <NetworkInfo>
      <MCCMNC>26002</MCCMNC>
      <NetworkName>T-Mobile.pl</NetworkName>
      <NWID>NW01321</NWID>
      <SPName>heyah</SPName>
    </NetworkInfo>
  </GeneralInfo>
  <Settings>
    <Main>
      <Security>
        <OneSIMLock>none</OneSIMLock>
        <SeparateLock>none</SeparateLock>
      </Security>
      <Network>
        <NbFastDormancy>4</NbFastDormancy>
        <FastDormancy>
          <NetworkName>T-Mobile.pl</NetworkName>
          <FastDormancyEnableStatus>off</FastDormancyEnableStatus>
          <LCDStatus>on</LCDStatus>
        </FastDormancy>
        <FastDormancy>
          <NetworkName>T-Mobile.pl</NetworkName>
          <FastDormancyEnableStatus>on</FastDormancyEnableStatus>
          <TimeoutValue>3</TimeoutValue>
          <LCDStatus>off</LCDStatus>
        </FastDormancy>
        <FastDormancy>
          <NetworkName>T-Mobile.pl</NetworkName>
          <FastDormancyEnableStatus>on</FastDormancyEnableStatus>
          <TimeoutValue>5</TimeoutValue>
          <LCDStatus>on</LCDStatus>
          <Version>rel8</Version>
        </FastDormancy>
        <FastDormancy>
          <NetworkName>T-Mobile.pl</NetworkName>
          <FastDormancyEnableStatus>on</FastDormancyEnableStatus>
          <TimeoutValue>3</TimeoutValue>
          <LCDStatus>off</LCDStatus>
          <Version>rel8</Version>
        </FastDormancy>
        <NbWbAmr>1</NbWbAmr>
        <WbAmr>
          <NetworkName>T-Mobile.pl</NetworkName>
          <WbAmrCodec>on</WbAmrCodec>
        </WbAmr>
      </Network>
      <Sound>
        <RngToneAlertType>melody</RngToneAlertType>
        <RngVolume>6</RngVolume>
        <KeyTone>
          <KeyVolume>3</KeyVolume>
        </KeyTone>
        <ExtraSound>
          <ConnectTone>on</ConnectTone>
        </ExtraSound>
      </Sound>
      <Phone>
        <DefLanguage>pl_PL</DefLanguage>
        <DefLanguageNoSIM>pl_PL</DefLanguageNoSIM>
        <T9Enabling>enable</T9Enabling>
        <T9Language>polish</T9Language>
        <DateTimeFormat>
          <DateFormat>ddmmyyyy</DateFormat>
          <TimeFormat>24h</TimeFormat>
        </DateTimeFormat>
        <AutoSyncCommon>on</AutoSyncCommon>
      </Phone>
    </Main>
    <Calendar>
      <StartDay>monday</StartDay>
    </Calendar>
    <Messages>
      <NbVoicemail>1</NbVoicemail>
      <Voicemail>
        <NetworkName>T-Mobile.pl</NetworkName>
        <TelNum>+48602950000</TelNum>
      </Voicemail>
      <PushMsg>
        <PushLoading>prompt</PushLoading>
      </PushMsg>
      <SMS>
        <DeliveryReport>off</DeliveryReport>
        <MsgTypeThreshold>
          <ThresholdValue>13</ThresholdValue>
          <ThresholdType>pagecount</ThresholdType>
        </MsgTypeThreshold>
        <CharSupport>gsmalpha</CharSupport>
      </SMS>
      <MMS>
        <MmsSending>
          <ReqDeliveryRep>off</ReqDeliveryRep>
          <ReqReadRep>off</ReqReadRep>
          <MessageSize>300</MessageSize>
          <CreationMode>warning</CreationMode>
        </MmsSending>
        <MmsReceiving>
          <Home>auto</Home>
          <Roaming>manual</Roaming>
        </MmsReceiving>
      </MMS>
      <Email>
        <EmailSending>
          <Signature>Wysłane ze smartfona w T-Mobile, sieci największych możliwości.</Signature>
        </EmailSending>
        <EmailReceiving>
          <AutoPoll>off</AutoPoll>
          <PollTime>off</PollTime>
        </EmailReceiving>
      </Email>
    </Messages>
    <ActiveSync>
      <Signature>Wysłane ze smartfona w T-Mobile, sieci największych możliwości.</Signature>
    </ActiveSync>
    <Browser>
      <NbBookmark>8</NbBookmark>
      <Bookmark>
        <NetworkName>T-Mobile.pl</NetworkName>
        <Editable>no</Editable>
        <Index>1</Index>
        <BookmarkName>T-Mobile</BookmarkName>
        <URL>http://www.t-mobile.pl</URL>
      </Bookmark>
      <Bookmark>
        <NetworkName>T-Mobile.pl</NetworkName>
        <Editable>no</Editable>
        <Index>2</Index>
        <BookmarkName>Mój T-Mobile</BookmarkName>
        <URL>https://i-boa.t-mobile.pl/iboa3/auth2/auth.html</URL>
      </Bookmark>
      <Bookmark>
        <NetworkName>T-Mobile.pl</NetworkName>
        <Editable>no</Editable>
        <Index>3</Index>
        <BookmarkName>Mój T-Mobile Na Kartę</BookmarkName>
        <URL>https://miboa.t-mobile.pl/sc</URL>
      </Bookmark>
      <Bookmark>
        <NetworkName>T-Mobile.pl</NetworkName>
        <Editable>no</Editable>
        <Index>4</Index>
        <BookmarkName>T-Mobile Usługi Bankowe</BookmarkName>
        <URL>https://www.facebook.com/tmobilebankowepl/?fref=ts</URL>
      </Bookmark>
      <Bookmark>
        <NetworkName>T-Mobile.pl</NetworkName>
        <Editable>no</Editable>
        <Index>5</Index>
        <BookmarkName>Onet</BookmarkName>
        <URL>http://www.onet.pl</URL>
      </Bookmark>
      <Bookmark>
        <NetworkName>T-Mobile.pl</NetworkName>
        <Editable>no</Editable>
        <Index>6</Index>
        <BookmarkName>Allegro</BookmarkName>
        <URL>http://www.allegro.pl</URL>
      </Bookmark>
      <Bookmark>
        <NetworkName>T-Mobile.pl</NetworkName>
        <Editable>no</Editable>
        <Index>7</Index>
        <BookmarkName>Facebook</BookmarkName>
        <URL>http://www.facebook.com</URL>
      </Bookmark>
      <Bookmark>
        <NetworkName>T-Mobile.pl</NetworkName>
        <Editable>no</Editable>
        <Index>8</Index>
        <BookmarkName>Youtube</BookmarkName>
        <URL>https://www.youtube.com/user/TMobilePL</URL>
      </Bookmark>
      <eManual>
        <URL>http://www.samsung.com/m-manual/common</URL>
      </eManual>
    </Browser>
    <Connections>
      <NbProfileHandle>1</NbProfileHandle>
      <ProfileHandle>
        <NbNetProfile>3</NbNetProfile>
        <NetworkName>T-Mobile.pl</NetworkName>
        <ProfBrowser>Internet</ProfBrowser>
        <ProfMMS>HOS</ProfMMS>
        <ProfIMS>IMS</ProfIMS>
        <ProfXCAP>HOS</ProfXCAP>
        <ProfEpdg>HOS</ProfEpdg>
        <ProfEpdgXCAP>HOS</ProfEpdgXCAP>
        <ProfEpdgMMS>HOS</ProfEpdgMMS>
      </ProfileHandle>
      <NbProfile>3</NbProfile>
      <Profile>
        <NetworkName>T-Mobile.pl</NetworkName>
        <IpVersion>ipv4v6</IpVersion>
        <RoamingIpVersion>ipv4</RoamingIpVersion>
        <Editable>yes</Editable>
        <HiddenStatus>show</HiddenStatus>
        <ProfileName>Internet</ProfileName>
        <URL>http://m.t-mobile.pl</URL>
        <Auth>normal</Auth>
        <Bearer>ps</Bearer>
        <Protocol>http</Protocol>
        <MTUSize>1500</MTUSize>
        <Proxy>
          <EnableFlag>off</EnableFlag>
        </Proxy>
        <PSparam>
          <APN>internet</APN>
        </PSparam>
      </Profile>
      <Profile>
        <NetworkName>T-Mobile.pl</NetworkName>
        <IpVersion>ipv4v6</IpVersion>
        <RoamingIpVersion>ipv4</RoamingIpVersion>
        <Editable>no</Editable>
        <HiddenStatus>hidden</HiddenStatus>
        <ProfileName>HOS</ProfileName>
        <URL>http://mms/servlets/mms</URL>
        <Auth>normal</Auth>
        <Protocol>http</Protocol>
        <MTUSize>1500</MTUSize>
        <Proxy>
          <EnableFlag>on</EnableFlag>
          <ServAddr>213.158.194.226</ServAddr>
          <Port>8080</Port>
        </Proxy>
        <PSparam>
          <APN>hos</APN>
        </PSparam>
      </Profile>
      <Profile>
        <NetworkName>T-Mobile.pl</NetworkName>
        <IpVersion>ipv4v6</IpVersion>
        <Editable>no</Editable>
        <HiddenStatus>hidden</HiddenStatus>
        <ProfileName>IMS</ProfileName>
        <URL>http://m.t-mobile.pl</URL>
        <Auth>none</Auth>
        <Protocol>http</Protocol>
        <MTUSize>1500</MTUSize>
        <PSparam>
          <APN>IMS</APN>
        </PSparam>
      </Profile>
    </Connections>
    <IMSSetting>
      <NbSetting>1</NbSetting>
      <Setting>
        <NetworkName>T-Mobile.pl</NetworkName>
        <Version>3.0</Version>
        <EnableIMS>true</EnableIMS>
        <VoLTE>
          <EnableVoLTE>true</EnableVoLTE>
          <EnableVoiceoverWIFI>true</EnableVoiceoverWIFI>
          <EnableVideocall>false</EnableVideocall>
          <EnableVoLTEindicator>true</EnableVoLTEindicator>
          <Voice_Domain_Preference_EUTRAN>imspsvoicepreferred</Voice_Domain_Preference_EUTRAN>
          <Emregencycall_Domain>ps</Emregencycall_Domain>
          <SRVCCversion>10</SRVCCversion>
          <SS_Domain_Preference>ps_only_psregied</SS_Domain_Preference>
          <SS_PS_Control_Preference>xcap</SS_PS_Control_Preference>
          <SS_CSFBwithIMSerror>false</SS_CSFBwithIMSerror>
          <USSD_Domain_Preference>pscs</USSD_Domain_Preference>
          <EnableSMSoverIP>true</EnableSMSoverIP>
        </VoLTE>
      </Setting>
    </IMSSetting>
  </Settings>
</CustomerData>