<?xml version="1.0" encoding="UTF-8"?>
<CustomerData>
  <GeneralInfo>
    <CSCEdition>ED0003</CSCEdition>
    <Country>Ireland</Country>
    <CountryISO>IE</CountryISO>
    <Region>EUR</Region>
    <SalesCode>MET</SalesCode>
    <NbNetworkInfo>1</NbNetworkInfo>
    <NetworkInfo>
      <MCCMNC>27203</MCCMNC>
      <NetworkName>Eir</NetworkName>
      <NWID>NW01600</NWID>
    </NetworkInfo>
  </GeneralInfo>
  <Settings>
    <Main>
      <Security>
        <OneSIMLock>none</OneSIMLock>
        <SeparateLock>none</SeparateLock>
      </Security>
      <Network>
        <NbMaxPDP>1</NbMaxPDP>
        <MaxPDP>
          <NetworkName>Eir</NetworkName>
          <MaxPDP2G>1</MaxPDP2G>
        </MaxPDP>
        <NbFastDormancy>1</NbFastDormancy>
        <FastDormancy>
          <NetworkName>Eir</NetworkName>
          <FastDormancyEnableStatus>off</FastDormancyEnableStatus>
        </FastDormancy>
        <NbWbAmr>1</NbWbAmr>
        <WbAmr>
          <NetworkName>default</NetworkName>
          <WbAmrCodec>on</WbAmrCodec>
        </WbAmr>
      </Network>
      <Sound>
        <RngToneAlertType>melody</RngToneAlertType>
        <TouchTone>off</TouchTone>
        <ExtraSound>
          <ConnectTone>on</ConnectTone>
        </ExtraSound>
      </Sound>
      <Phone>
        <DefLanguage>en_IE</DefLanguage>
        <DefLanguageNoSIM>en_IE</DefLanguageNoSIM>
        <T9Enabling>disable</T9Enabling>
        <DateTimeFormat>
          <TimezoneUpdate>on</TimezoneUpdate>
        </DateTimeFormat>
        <Motion>
          <SmartAlert>on</SmartAlert>
        </Motion>
      </Phone>
    </Main>
    <Messages>
      <NbVoicemail>1</NbVoicemail>
      <Voicemail>
        <NetworkName>Eir</NetworkName>
        <VoicemailName>Voicemail</VoicemailName>
        <TelNum>171</TelNum>
      </Voicemail>
      <SMS>
        <DeliveryReport>off</DeliveryReport>
        <CharSupport>gsmalpha</CharSupport>
      </SMS>
      <MMS>
        <MmsSending>
          <MessageSize>300</MessageSize>
          <CreationMode>free</CreationMode>
        </MmsSending>
        <MmsReceiving>
          <Home>auto</Home>
          <Roaming>manual</Roaming>
        </MmsReceiving>
      </MMS>
      <Email>
        <NbAccount>3</NbAccount>
        <Account>
          <NetworkName>Eir</NetworkName>
          <AccountName>Google</AccountName>
          <EmailAddr>@gmail.com</EmailAddr>
        </Account>
        <Account>
          <NetworkName>Eir</NetworkName>
          <AccountName>Yahoo!</AccountName>
          <EmailAddr>@yahoo.com</EmailAddr>
        </Account>
        <Account>
          <NetworkName>Eir</NetworkName>
          <AccountName>Windows Live</AccountName>
          <EmailAddr>@hotmail.com</EmailAddr>
        </Account>
      </Email>
    </Messages>
    <NbFOTA>1</NbFOTA>
    <FOTA>
      <NetworkName>Eir</NetworkName>
    </FOTA>
    <Browser>
      <NbBookmark>2</NbBookmark>
      <Bookmark>
        <NetworkName>default</NetworkName>
        <BookmarkName>Google</BookmarkName>
        <URL>http://www.google.com/m?client={CID}&amp;source=android-home</URL>
      </Bookmark>
      <Bookmark>
        <NetworkName>default</NetworkName>
        <Editable>yes</Editable>
        <BookmarkName>Galaxy Shop</BookmarkName>
        <URL>https://www.samsung.com/galaxy-shop/?cid=global_owned_app_s-internet_none_none_bookmark_bookmark_202008_none</URL>
      </Bookmark>
      <eManual>
        <URL>http://www.samsung.com/m-manual/common</URL>
      </eManual>
    </Browser>
    <Connections>
      <NbProfileHandle>1</NbProfileHandle>
      <ProfileHandle>
        <NbNetProfile>3</NbNetProfile>
        <NetworkName>Eir</NetworkName>
        <ProfBrowser>Eir Data</ProfBrowser>
        <ProfMMS>Eir MMS</ProfMMS>
        <ProfIMS>IMS</ProfIMS>
      </ProfileHandle>
      <NbProfile>3</NbProfile>
      <Profile>
        <NetworkName>Eir</NetworkName>
        <Editable>yes</Editable>
        <ProfileName>Eir MMS</ProfileName>
        <URL>http://mms.mymeteor.ie</URL>
        <Auth>normal</Auth>
        <Bearer>ps</Bearer>
        <Protocol>http</Protocol>
        <Proxy>
          <EnableFlag>on</EnableFlag>
          <ServAddr>010.085.085.085</ServAddr>
          <Port>8799</Port>
        </Proxy>
        <PSparam>
          <APN>mms.myeirmobile.ie</APN>
          <UserId>my</UserId>
          <Password>wap</Password>
        </PSparam>
      </Profile>
      <Profile>
        <NetworkName>Eir</NetworkName>
        <Editable>yes</Editable>
        <ProfileName>Eir Data</ProfileName>
        <URL>www.google.ie</URL>
        <Auth>normal</Auth>
        <Bearer>ps</Bearer>
        <Protocol>http</Protocol>
        <Proxy>
          <EnableFlag>off</EnableFlag>
        </Proxy>
        <PSparam>
          <APN>data.myeirmobile.ie</APN>
        </PSparam>
      </Profile>
      <Profile>
        <NetworkName>Eir</NetworkName>
        <IpVersion>ipv6</IpVersion>
        <Editable>yes</Editable>
        <ProfileName>IMS</ProfileName>
        <Auth>none</Auth>
        <Protocol>http</Protocol>
        <PSparam>
          <APN>IMS</APN>
        </PSparam>
      </Profile>
    </Connections>
    <IMSSetting>
      <NbSetting>1</NbSetting>
      <Setting>
        <NetworkName>Eir</NetworkName>
        <Version>3.0</Version>
        <EnableIMS>true</EnableIMS>
        <VoLTE>
          <EnableVoLTE>true</EnableVoLTE>
          <EnableVoiceoverWIFI>true</EnableVoiceoverWIFI>
          <EnableVideocall>false</EnableVideocall>
          <EnableVoLTEindicator>true</EnableVoLTEindicator>
          <Voice_Domain_Preference_EUTRAN>imspsvoicepreferred</Voice_Domain_Preference_EUTRAN>
          <Emregencycall_Domain>ps</Emregencycall_Domain>
          <SRVCCversion>10</SRVCCversion>
          <SS_Domain_Preference>cs_always</SS_Domain_Preference>
          <SS_PS_Control_Preference>xcap</SS_PS_Control_Preference>
          <SS_CSFBwithIMSerror>true</SS_CSFBwithIMSerror>
          <USSD_Domain_Preference>cs</USSD_Domain_Preference>
          <EnableSMSoverIP>true</EnableSMSoverIP>
        </VoLTE>
      </Setting>
    </IMSSetting>
  </Settings>
</CustomerData>