<?xml version="1.0" encoding="UTF-8"?>
<SamsungMobileFeature>
  <NetworkVersion>ED00005</NetworkVersion>
  <NetworkCountry>SPAIN</NetworkCountry>
  <NetworkCountryISO>ES</NetworkCountryISO>
  <NetworkCode>XEC</NetworkCode>
  <FeatureSet>
    <CscFeature_Message_UaProfUrl>http://wap.samsungmobile.com/uaprof/SAMSUNGUAPROFB.xml</CscFeature_Message_UaProfUrl>
    <CscFeature_Message_UserAgent>SAMSUNG-ANDROID-MMS/SM-G981B</CscFeature_Message_UserAgent>
    <CscFeature_RIL_CallerIdMatchingDigit>9</CscFeature_RIL_CallerIdMatchingDigit>
    <CscFeature_RIL_ConfigGlobalModuleType>LTE</CscFeature_RIL_ConfigGlobalModuleType>
    <CscFeature_RIL_ConfigNetworkTypeCapability>EUR-EUR-GSM-EUR</CscFeature_RIL_ConfigNetworkTypeCapability>
    <CscFeature_RIL_DataPrefDataTechSnapShot>TRUE</CscFeature_RIL_DataPrefDataTechSnapShot>
    <CscFeature_RIL_Display4gPlusIconBandwidth>10</CscFeature_RIL_Display4gPlusIconBandwidth>
    <CscFeature_RIL_DisplayPlmnnameSimload>TRUE</CscFeature_RIL_DisplayPlmnnameSimload>
    <CscFeature_RIL_E911RoutingPolicy>auto</CscFeature_RIL_E911RoutingPolicy>
    <CscFeature_RIL_GcfSor>TRUE</CscFeature_RIL_GcfSor>
    <CscFeature_RIL_ReferEonsWithoutLac>TRUE</CscFeature_RIL_ReferEonsWithoutLac>
    <CscFeature_RIL_SetNetworkTypeWhenRadioOff>TRUE</CscFeature_RIL_SetNetworkTypeWhenRadioOff>
    <CscFeature_RIL_SignalstrengthPolicy>0</CscFeature_RIL_SignalstrengthPolicy>
    <CscFeature_RIL_SupportImsClirOverriding>TRUE</CscFeature_RIL_SupportImsClirOverriding>
    <CscFeature_RIL_SupportRegistrationLocationInfo>TRUE</CscFeature_RIL_SupportRegistrationLocationInfo>
    <CscFeature_RIL_WbamrDefaultOn>TRUE</CscFeature_RIL_WbamrDefaultOn>
    <CscFeature_Setting_CustNetworkSelMenu4>NUMERIC</CscFeature_Setting_CustNetworkSelMenu4>
    <CscFeature_SyncML_OverwriteApn4SameProfileName>TRUE</CscFeature_SyncML_OverwriteApn4SameProfileName>
    <CscFeature_VoiceCall_ConfigOpStyleForEmergencyDialCall>EndPreviousCall,NoWaitInSvcE911</CscFeature_VoiceCall_ConfigOpStyleForEmergencyDialCall>
  </FeatureSet>
</SamsungMobileFeature>
