<?xml version="1.0" encoding="UTF-8"?>
<CustomerData>
  <GeneralInfo>
    <CSCEdition>ED0004</CSCEdition>
    <Country>Spain</Country>
    <CountryISO>ES</CountryISO>
    <Region>EUR</Region>
    <SalesCode>XEC</SalesCode>
    <NbNetworkInfo>4</NbNetworkInfo>
    <NetworkInfo>
      <MCCMNC>21407</MCCMNC>
      <NetworkName>Movistar</NetworkName>
      <NWID>NW00766</NWID>
    </NetworkInfo>
    <NetworkInfo>
      <MCCMNC>21405</MCCMNC>
      <NetworkName>tuenti</NetworkName>
      <NWID>NW01347</NWID>
    </NetworkInfo>
    <NetworkInfo>
      <MCCMNC>21432</MCCMNC>
      <NetworkName>tuenti</NetworkName>
      <NWID>NW01347</NWID>
    </NetworkInfo>
    <NetworkInfo>
      <MCCMNC>21405</MCCMNC>
      <NetworkName>PepephoneNEW</NetworkName>
      <NWID>NW01036</NWID>
      <SPName>pepephone</SPName>
    </NetworkInfo>
  </GeneralInfo>
  <Settings>
    <Main>
      <Security>
        <OneSIMLock>none</OneSIMLock>
        <SeparateLock>none</SeparateLock>
      </Security>
      <Network>
        <NbFastDormancy>4</NbFastDormancy>
        <FastDormancy>
          <NetworkName>Movistar</NetworkName>
          <FastDormancyEnableStatus>on</FastDormancyEnableStatus>
          <TimeoutValue>2</TimeoutValue>
          <LCDStatus>on</LCDStatus>
          <Version>rel8</Version>
        </FastDormancy>
        <FastDormancy>
          <NetworkName>Movistar</NetworkName>
          <FastDormancyEnableStatus>off</FastDormancyEnableStatus>
          <LCDStatus>on</LCDStatus>
        </FastDormancy>
        <FastDormancy>
          <NetworkName>Movistar</NetworkName>
          <FastDormancyEnableStatus>off</FastDormancyEnableStatus>
          <LCDStatus>off</LCDStatus>
        </FastDormancy>
        <FastDormancy>
          <NetworkName>Movistar</NetworkName>
          <FastDormancyEnableStatus>on</FastDormancyEnableStatus>
          <TimeoutValue>2</TimeoutValue>
          <LCDStatus>off</LCDStatus>
          <Version>rel8</Version>
        </FastDormancy>
        <NbWbAmr>1</NbWbAmr>
        <WbAmr>
          <NetworkName>Movistar</NetworkName>
          <WbAmrCodec>on</WbAmrCodec>
        </WbAmr>
      </Network>
      <Phone>
        <DefLanguage>es_ES</DefLanguage>
        <DefLanguageNoSIM>es_ES</DefLanguageNoSIM>
        <T9Enabling>disable</T9Enabling>
        <T9Language>spanish</T9Language>
        <DateTimeFormat>
          <DateFormat>ddmmyyyy</DateFormat>
          <TimeFormat>24h</TimeFormat>
        </DateTimeFormat>
      </Phone>
    </Main>
    <Contact>
      <NbPreInstalledContact>6</NbPreInstalledContact>
      <PreInstalledContact>
        <TelName>Atención al Cliente</TelName>
        <TelNum>1004</TelNum>
      </PreInstalledContact>
      <PreInstalledContact>
        <TelName>At. Cliente (extranjero)</TelName>
        <TelNum>+34699991004</TelNum>
      </PreInstalledContact>
      <PreInstalledContact>
        <TelName>Inf. 11822</TelName>
        <TelNum>11822</TelNum>
      </PreInstalledContact>
      <PreInstalledContact>
        <TelName>Activar Buzón Movistar</TelName>
        <TelNum>22500</TelNum>
      </PreInstalledContact>
      <PreInstalledContact>
        <TelName>Emergencias</TelName>
        <TelNum>112</TelNum>
      </PreInstalledContact>
      <PreInstalledContact>
        <TelName>Atención Negocios</TelName>
        <TelNum>900101010</TelNum>
      </PreInstalledContact>
    </Contact>
    <Messages>
      <NbVoicemail>1</NbVoicemail>
      <Voicemail>
        <NetworkName>Movistar</NetworkName>
        <VoicemailName>Buzón Movistar</VoicemailName>
        <TelNum>22123</TelNum>
      </Voicemail>
      <SMS>
        <DeliveryReport>off</DeliveryReport>
        <MsgTypeThreshold>
          <ThresholdValue>13</ThresholdValue>
          <ThresholdType>pagecount</ThresholdType>
        </MsgTypeThreshold>
        <CharSupport>gsmalpha</CharSupport>
      </SMS>
      <MMS>
        <MmsSending>
          <ReqReadRep>off</ReqReadRep>
          <MessageSize>500</MessageSize>
          <CreationMode>free</CreationMode>
        </MmsSending>
        <MmsReceiving>
          <Home>auto</Home>
          <Roaming>manual</Roaming>
        </MmsReceiving>
      </MMS>
    </Messages>
    <Browser>
      <NbBookmark>4</NbBookmark>
      <Bookmark>
        <NetworkName>default</NetworkName>
        <Editable>yes</Editable>
        <Index>1</Index>
        <BookmarkName>emoción</BookmarkName>
        <URL>http://wap.movistar.com/?bdp=fav</URL>
      </Bookmark>
      <Bookmark>
        <NetworkName>default</NetworkName>
        <Editable>yes</Editable>
        <Index>2</Index>
        <BookmarkName>Movistar.es</BookmarkName>
        <URL>http://www.movistar.es</URL>
      </Bookmark>
      <Bookmark>
        <NetworkName>default</NetworkName>
        <Editable>yes</Editable>
        <Index>3</Index>
        <BookmarkName>Google</BookmarkName>
        <URL>http://www.google.com/m?client={CID}&amp;source=android-home</URL>
      </Bookmark>
      <Bookmark>
        <NetworkName>default</NetworkName>
        <Editable>yes</Editable>
        <Index>4</Index>
        <BookmarkName>Galaxy Shop</BookmarkName>
        <URL>https://www.samsung.com/galaxy-shop/?cid=global_owned_app_s-internet_none_none_bookmark_bookmark_202008_none</URL>
      </Bookmark>
      <eManual>
        <URL>http://www.samsung.com/m-manual/common</URL>
      </eManual>
    </Browser>
    <Connections>
      <NbProfileHandle>3</NbProfileHandle>
      <ProfileHandle>
        <NbNetProfile>4</NbNetProfile>
        <NetworkName>Movistar</NetworkName>
        <ProfBrowser>Movistar</ProfBrowser>
        <ProfMMS>Movistar MMS</ProfMMS>
        <ProfIMS>Movistar IMS</ProfIMS>
        <ProfXCAP>XCAP</ProfXCAP>
      </ProfileHandle>
      <ProfileHandle>
        <NbNetProfile>2</NbNetProfile>
        <NetworkName>tuenti</NetworkName>
        <ProfBrowser>Tuenti</ProfBrowser>
        <ProfMMS>Tuenti MMS</ProfMMS>
        <ProfIntSharing>Tuenti</ProfIntSharing>
      </ProfileHandle>
      <ProfileHandle>
        <NbNetProfile>2</NbNetProfile>
        <NetworkName>PepephoneNEW</NetworkName>
        <ProfBrowser>Internet</ProfBrowser>
        <ProfMMS>MMS Pepephone</ProfMMS>
      </ProfileHandle>
      <NbProfile>8</NbProfile>
      <Profile>
        <NetworkName>Movistar</NetworkName>
        <Editable>yes</Editable>
        <ProfileName>Movistar</ProfileName>
        <URL>http://wap.movistar.com/?bdp=nav</URL>
        <Auth>normal</Auth>
        <Protocol>http</Protocol>
        <Proxy>
          <EnableFlag>off</EnableFlag>
        </Proxy>
        <PSparam>
          <APN>telefonica.es</APN>
          <UserId>telefonica</UserId>
          <Password>telefonica</Password>
        </PSparam>
      </Profile>
      <Profile>
        <NetworkName>Movistar</NetworkName>
        <Editable>yes</Editable>
        <ProfileName>Movistar MMS</ProfileName>
        <URL>http://mms.movistar.com</URL>
        <Auth>normal</Auth>
        <Protocol>http</Protocol>
        <Proxy>
          <EnableFlag>on</EnableFlag>
          <ServAddr>10.138.255.5</ServAddr>
          <Port>8080</Port>
        </Proxy>
        <PSparam>
          <APN>telefonica.es</APN>
          <UserId>telefonica</UserId>
          <Password>telefonica</Password>
        </PSparam>
      </Profile>
      <Profile>
        <NetworkName>tuenti</NetworkName>
        <Editable>yes</Editable>
        <ProfileName>Tuenti</ProfileName>
        <Auth>normal</Auth>
        <Protocol>http</Protocol>
        <Proxy>
          <EnableFlag>off</EnableFlag>
        </Proxy>
        <PSparam>
          <APN>tuenti.com</APN>
          <UserId>tuenti</UserId>
          <Password>tuenti</Password>
        </PSparam>
      </Profile>
      <Profile>
        <NetworkName>tuenti</NetworkName>
        <Editable>yes</Editable>
        <ProfileName>Tuenti MMS</ProfileName>
        <URL>http://tuenti.com</URL>
        <Auth>normal</Auth>
        <Protocol>http</Protocol>
        <Proxy>
          <EnableFlag>on</EnableFlag>
          <ServAddr>10.138.255.43</ServAddr>
          <Port>8080</Port>
        </Proxy>
        <PSparam>
          <APN>tuenti.com</APN>
          <UserId>tuenti</UserId>
          <Password>tuenti</Password>
        </PSparam>
      </Profile>
      <Profile>
        <NetworkName>PepephoneNEW</NetworkName>
        <Editable>yes</Editable>
        <ProfileName>Internet</ProfileName>
        <Auth>normal</Auth>
        <Protocol>http</Protocol>
        <PSparam>
          <APN>gprs.pepephone.com</APN>
        </PSparam>
      </Profile>
      <Profile>
        <NetworkName>PepephoneNEW</NetworkName>
        <Editable>yes</Editable>
        <ProfileName>MMS Pepephone</ProfileName>
        <URL>http://www.pepephone.com</URL>
        <Auth>normal</Auth>
        <Protocol>http</Protocol>
        <Proxy>
          <EnableFlag>on</EnableFlag>
          <ServAddr>10.138.255.43</ServAddr>
          <Port>8080</Port>
        </Proxy>
        <PSparam>
          <APN>gprs.pepephone.com</APN>
        </PSparam>
      </Profile>
      <Profile>
        <NetworkName>Movistar</NetworkName>
        <IpVersion>ipv4v6</IpVersion>
        <RoamingIpVersion>ipv4v6</RoamingIpVersion>
        <Editable>no</Editable>
        <ProfileName>Movistar IMS</ProfileName>
        <PSparam>
          <APN>ims</APN>
        </PSparam>
      </Profile>
      <Profile>
        <NetworkName>Movistar</NetworkName>
        <Editable>no</Editable>
        <ProfileName>XCAP</ProfileName>
        <PSparam>
          <APN>XCAP</APN>
        </PSparam>
      </Profile>
    </Connections>
  </Settings>
</CustomerData>