<?xml version="1.0" encoding="UTF-8"?>
<CustomerData>
  <GeneralInfo>
    <CSCEdition>ED0001</CSCEdition>
    <Country>ITALY</Country>
    <CountryISO>IT</CountryISO>
    <Region>EUR</Region>
    <SalesCode>TIM</SalesCode>
    <NbNetworkInfo>1</NbNetworkInfo>
    <NetworkInfo>
      <MCCMNC>22201</MCCMNC>
      <NetworkName>TIM</NetworkName>
      <NWID>NW01299</NWID>
    </NetworkInfo>
  </GeneralInfo>
  <Settings>
    <Main>
      <Security>
        <OneSIMLock>none</OneSIMLock>
        <SeparateLock>none</SeparateLock>
      </Security>
      <Network>
        <NbFastDormancy>4</NbFastDormancy>
        <FastDormancy>
          <NetworkName>TIM</NetworkName>
          <FastDormancyEnableStatus>on</FastDormancyEnableStatus>
          <LCDStatus>on</LCDStatus>
        </FastDormancy>
        <FastDormancy>
          <NetworkName>TIM</NetworkName>
          <FastDormancyEnableStatus>on</FastDormancyEnableStatus>
          <LCDStatus>off</LCDStatus>
        </FastDormancy>
        <FastDormancy>
          <NetworkName>TIM</NetworkName>
          <FastDormancyEnableStatus>on</FastDormancyEnableStatus>
          <LCDStatus>on</LCDStatus>
          <Version>rel8</Version>
        </FastDormancy>
        <FastDormancy>
          <NetworkName>TIM</NetworkName>
          <FastDormancyEnableStatus>on</FastDormancyEnableStatus>
          <LCDStatus>off</LCDStatus>
          <Version>rel8</Version>
        </FastDormancy>
        <NbWbAmr>1</NbWbAmr>
        <WbAmr>
          <NetworkName>TIM</NetworkName>
          <WbAmrCodec>on</WbAmrCodec>
        </WbAmr>
        <NbSOSNumber>2</NbSOSNumber>
        <SOSNumber>112</SOSNumber>
        <SOSNumber>911</SOSNumber>
        <NbSOSNumberNoSIM>8</NbSOSNumberNoSIM>
        <SOSNumberNoSIM>112</SOSNumberNoSIM>
        <SOSNumberNoSIM>911</SOSNumberNoSIM>
        <SOSNumberNoSIM>999</SOSNumberNoSIM>
        <SOSNumberNoSIM>000</SOSNumberNoSIM>
        <SOSNumberNoSIM>08</SOSNumberNoSIM>
        <SOSNumberNoSIM>110</SOSNumberNoSIM>
        <SOSNumberNoSIM>119</SOSNumberNoSIM>
        <SOSNumberNoSIM>118</SOSNumberNoSIM>
        <AutoProfile>on</AutoProfile>
        <AutoVoicemail>on</AutoVoicemail>
        <AutoEmailAccount>off</AutoEmailAccount>
        <AutoBookmark>off</AutoBookmark>
        <AutoLink>off</AutoLink>
        <AutoSyncML>off</AutoSyncML>
        <AutoFastDormancy>on</AutoFastDormancy>
        <AutoWbAmr>on</AutoWbAmr>
        <AutoFOTA>off</AutoFOTA>
      </Network>
      <Sound>
        <ExtraSound>
          <ConnectTone>on</ConnectTone>
        </ExtraSound>
      </Sound>
      <Phone>
        <DefLanguage>it_IT</DefLanguage>
        <DefLanguageNoSIM>it_IT</DefLanguageNoSIM>
        <DateTimeFormat>
          <TimeFormat>24h</TimeFormat>
          <TimezoneUpdate>on</TimezoneUpdate>
        </DateTimeFormat>
      </Phone>
    </Main>
    <Calendar>
      <StartDay>monday</StartDay>
    </Calendar>
    <Messages>
      <NbVoicemail>1</NbVoicemail>
      <Voicemail>
        <NetworkName>TIM</NetworkName>
        <TelNum>41919</TelNum>
      </Voicemail>
      <SMS>
        <DeliveryReport>on</DeliveryReport>
        <MsgTypeThreshold>
          <ThresholdValue>10</ThresholdValue>
          <ThresholdType>pagecount</ThresholdType>
        </MsgTypeThreshold>
        <CharSupport>gsmalpha</CharSupport>
        <SSMS>off</SSMS>
      </SMS>
      <MMS>
        <MMSVersion>1.2</MMSVersion>
        <MmsSending>
          <ReqDeliveryRep>off</ReqDeliveryRep>
          <ReqReadRep>off</ReqReadRep>
          <MessageSize>300</MessageSize>
          <CreationMode>warning</CreationMode>
        </MmsSending>
        <MmsReceiving>
          <Home>auto</Home>
          <Roaming>manual</Roaming>
        </MmsReceiving>
      </MMS>
      <Email>
        <NbAccount>5</NbAccount>
        <Account>
          <NetworkName>default</NetworkName>
          <AccountName>ALICE</AccountName>
          <EmailAddr>@alice.it</EmailAddr>
          <UserId>username@alice.it</UserId>
          <LoginType>username_type</LoginType>
          <Incoming>
            <MailboxType>imap4</MailboxType>
            <ServAddr>in.alice.it</ServAddr>
            <Port>143</Port>
            <Secure>off</Secure>
          </Incoming>
          <Outgoing>
            <ServAddr>out.alice.it</ServAddr>
            <Port>587</Port>
            <SmtpAuth>on</SmtpAuth>
            <Secure>off</Secure>
          </Outgoing>
        </Account>
        <Account>
          <NetworkName>default</NetworkName>
          <AccountName>OUTLOOK</AccountName>
          <EmailAddr>@hotmail.com</EmailAddr>
          <UserId>username@hotmail.com</UserId>
          <LoginType>domain_type</LoginType>
          <Incoming>
            <MailboxType>pop3</MailboxType>
            <ServAddr>pop3.live.com</ServAddr>
            <Port>995</Port>
            <Secure>ssl</Secure>
          </Incoming>
          <Outgoing>
            <ServAddr>smtp.live.com</ServAddr>
            <Port>587</Port>
            <SmtpAuth>on</SmtpAuth>
            <Secure>tls</Secure>
          </Outgoing>
        </Account>
        <Account>
          <NetworkName>default</NetworkName>
          <AccountName>TIM</AccountName>
          <EmailAddr>@tim.it</EmailAddr>
          <UserId>username@tim.it</UserId>
          <LoginType>username_type</LoginType>
          <Incoming>
            <MailboxType>imap4</MailboxType>
            <ServAddr>imap.tim.it</ServAddr>
            <Port>143</Port>
            <Secure>off</Secure>
          </Incoming>
          <Outgoing>
            <ServAddr>smtp.tim.it</ServAddr>
            <Port>587</Port>
            <SmtpAuth>on</SmtpAuth>
            <Secure>off</Secure>
          </Outgoing>
        </Account>
        <Account>
          <NetworkName>default</NetworkName>
          <AccountName>GMAIL</AccountName>
          <EmailAddr>@gmail.com</EmailAddr>
          <UserId>username@gmail.com</UserId>
          <LoginType>domain_type</LoginType>
          <Incoming>
            <MailboxType>imap4</MailboxType>
            <ServAddr>imap.gmail.com</ServAddr>
            <Port>993</Port>
            <Secure>ssl</Secure>
          </Incoming>
          <Outgoing>
            <ServAddr>smtp.gmail.com</ServAddr>
            <Port>465</Port>
            <SmtpAuth>on</SmtpAuth>
            <Secure>ssl</Secure>
          </Outgoing>
        </Account>
        <Account>
          <NetworkName>default</NetworkName>
          <AccountName>TIN</AccountName>
          <EmailAddr>@tin.it</EmailAddr>
          <LoginType>domain_type</LoginType>
          <Incoming>
            <MailboxType>pop3</MailboxType>
            <ServAddr>box.tin.it</ServAddr>
            <Port>110</Port>
            <Secure>off</Secure>
          </Incoming>
          <Outgoing>
            <ServAddr>mail.tin.it</ServAddr>
            <Port>587</Port>
            <SmtpAuth>on</SmtpAuth>
            <Secure>off</Secure>
          </Outgoing>
        </Account>
      </Email>
    </Messages>
    <Browser>
      <NbBookmark>4</NbBookmark>
      <Bookmark>
        <NetworkName>default</NetworkName>
        <Editable>no</Editable>
        <Index>1</Index>
        <BookmarkName>TIM</BookmarkName>
        <URL>http://m.tim.it</URL>
      </Bookmark>
      <Bookmark>
        <NetworkName>default</NetworkName>
        <Editable>no</Editable>
        <Index>2</Index>
        <BookmarkName>Mail TIM</BookmarkName>
        <URL>http://m.mail.tim.it</URL>
      </Bookmark>
      <Bookmark>
        <NetworkName>default</NetworkName>
        <Editable>no</Editable>
        <Index>3</Index>
        <BookmarkName>TIMgames</BookmarkName>
        <URL>http://www.timgames.it</URL>
      </Bookmark>
      <Bookmark>
        <NetworkName>default</NetworkName>
        <Editable>yes</Editable>
        <Index>4</Index>
        <BookmarkName>Samsung Galaxy</BookmarkName>
        <URL>https://www.samsung.com/mobile/?cid=global_owned_app_s-internet_none_none_quickaccess_bookmark_none_none&amp;utm_source=s-internet&amp;utm_medium=referral&amp;utm_campaign=quickaccess</URL>
      </Bookmark>
      <eManual>
        <URL>http://www.samsung.com/m-manual/tim</URL>
      </eManual>
    </Browser>
    <Connections>
      <NbProfileHandle>1</NbProfileHandle>
      <ProfileHandle>
        <NbNetProfile>5</NbNetProfile>
        <NetworkName>TIM</NetworkName>
        <ProfBrowser>WAP TIM</ProfBrowser>
        <ProfMMS>iTIM</ProfMMS>
        <ProfIntSharing>TIM WEB</ProfIntSharing>
        <ProfIMS>IMS</ProfIMS>
        <ProfXCAP>XCAP</ProfXCAP>
      </ProfileHandle>
      <NbProfile>5</NbProfile>
      <Profile>
        <NetworkName>TIM</NetworkName>
        <Editable>yes</Editable>
        <ProfileName>WAP TIM</ProfileName>
        <URL>http://timgate.it</URL>
        <Auth>normal</Auth>
        <Bearer>ps</Bearer>
        <Protocol>http</Protocol>
        <PSparam>
          <APN>wap.tim.it</APN>
          <UserId>WAPTIM</UserId>
          <Password>WAPTIM</Password>
        </PSparam>
      </Profile>
      <Profile>
        <NetworkName>TIM</NetworkName>
        <Editable>yes</Editable>
        <ProfileName>iTIM</ProfileName>
        <URL>http://mms.tim.it/servlets/mms</URL>
        <Auth>none</Auth>
        <Bearer>ps</Bearer>
        <Protocol>http</Protocol>
        <Proxy>
          <EnableFlag>on</EnableFlag>
          <ServAddr>213.230.130.89</ServAddr>
          <Port>80</Port>
        </Proxy>
        <PSparam>
          <APN>unico.tim.it</APN>
        </PSparam>
      </Profile>
      <Profile>
        <NetworkName>TIM</NetworkName>
        <Editable>yes</Editable>
        <ProfileName>TIM WEB</ProfileName>
        <Auth>none</Auth>
        <Bearer>ps</Bearer>
        <Protocol>other</Protocol>
        <Proxy>
          <EnableFlag>off</EnableFlag>
        </Proxy>
        <PSparam>
          <APN>ibox.tim.it</APN>
        </PSparam>
      </Profile>
      <Profile>
        <NetworkName>TIM</NetworkName>
        <IpVersion>ipv4v6</IpVersion>
        <Editable>yes</Editable>
        <HiddenStatus>hidden</HiddenStatus>
        <ProfileName>IMS</ProfileName>
        <Auth>none</Auth>
        <Protocol>http</Protocol>
        <PSparam>
          <APN>ims</APN>
        </PSparam>
      </Profile>
      <Profile>
        <NetworkName>TIM</NetworkName>
        <IpVersion>ipv4v6</IpVersion>
        <Editable>yes</Editable>
        <HiddenStatus>hidden</HiddenStatus>
        <ProfileName>XCAP</ProfileName>
        <Auth>none</Auth>
        <Protocol>http</Protocol>
        <PSparam>
          <APN>xcap.tim.it</APN>
        </PSparam>
      </Profile>
    </Connections>
    <IMSSetting>
      <NbSetting>1</NbSetting>
      <Setting>
        <NetworkName>TIM</NetworkName>
        <Version>3.0</Version>
        <EnableIMS>true</EnableIMS>
        <VoLTE>
          <EnableVoLTE>true</EnableVoLTE>
          <EnableVoiceoverWIFI>false</EnableVoiceoverWIFI>
          <EnableVideocall>false</EnableVideocall>
          <EnableVoLTEindicator>true</EnableVoLTEindicator>
          <Voice_Domain_Preference_EUTRAN>imspsvoicepreferred</Voice_Domain_Preference_EUTRAN>
          <Emregencycall_Domain>cs</Emregencycall_Domain>
          <SRVCCversion>10</SRVCCversion>
          <SS_Domain_Preference>ps_always</SS_Domain_Preference>
          <SS_PS_Control_Preference>xcap</SS_PS_Control_Preference>
          <SS_CSFBwithIMSerror>true</SS_CSFBwithIMSerror>
          <USSD_Domain_Preference>pscs</USSD_Domain_Preference>
          <EnableSMSoverIP>false</EnableSMSoverIP>
        </VoLTE>
      </Setting>
    </IMSSetting>
  </Settings>
</CustomerData>