<?xml version="1.0" encoding="UTF-8"?>
<SamsungMobileFeature>
  <Version>ED00002</Version>
  <Country>NETHERLANDS</Country>
  <CountryISO>NL</CountryISO>
  <SalesCode>DNL</SalesCode>
  <FeatureSet>
    <CscFeature_Audio_SupportSafeMediaVolumeDialog>TRUE</CscFeature_Audio_SupportSafeMediaVolumeDialog>
    <CscFeature_Common_ConfigSmartSwitchFunction>settings</CscFeature_Common_ConfigSmartSwitchFunction>
    <CscFeature_Common_ConfigSvcProviderForUnknownNumber>whitepages,whitepages,whitepages</CscFeature_Common_ConfigSvcProviderForUnknownNumber>
    <CscFeature_Common_DisableLTEFallbackAtLowThroughput>TRUE</CscFeature_Common_DisableLTEFallbackAtLowThroughput>
    <CscFeature_Common_SupportHide5GMenuItems>TRUE</CscFeature_Common_SupportHide5GMenuItems>
    <CscFeature_Contact_SupportDuoVideoCall>TRUE</CscFeature_Contact_SupportDuoVideoCall>
    <CscFeature_Email_EnablePopupWhenChangingSyncSchedule>TRUE</CscFeature_Email_EnablePopupWhenChangingSyncSchedule>
    <CscFeature_GMS_DisableSetupWizard>FALSE</CscFeature_GMS_DisableSetupWizard>
    <CscFeature_GMS_SetClientIDBaseAm>android-tmobile-{country}</CscFeature_GMS_SetClientIDBaseAm>
    <CscFeature_GMS_SetClientIDBaseCr>android-samsung-ss</CscFeature_GMS_SetClientIDBaseCr>
    <CscFeature_GMS_SetClientIDBaseMs>android-dt-{country}-revc</CscFeature_GMS_SetClientIDBaseMs>
    <CscFeature_GMS_SupportSTSTool>FALSE</CscFeature_GMS_SupportSTSTool>
    <CscFeature_Graphics_DisableGameToolsPublicWIFI>TRUE</CscFeature_Graphics_DisableGameToolsPublicWIFI>
    <CscFeature_LockScreen_DisplayPlmn>TRUE</CscFeature_LockScreen_DisplayPlmn>
    <CscFeature_Message_CMASOperator>tnl</CscFeature_Message_CMASOperator>
    <CscFeature_Message_DisableMMS>TRUE</CscFeature_Message_DisableMMS>
    <CscFeature_Message_DisableSmsToMmsConversionByTextInput>TRUE</CscFeature_Message_DisableSmsToMmsConversionByTextInput>
    <CscFeature_Message_EnableCheckFDNContactWhenMMSSend>TRUE</CscFeature_Message_EnableCheckFDNContactWhenMMSSend>
    <CscFeature_Message_EnableReplyAll>TRUE</CscFeature_Message_EnableReplyAll>
    <CscFeature_Message_ReplaceLabelOnRequestedStatus>TRUE</CscFeature_Message_ReplaceLabelOnRequestedStatus>
    <CscFeature_Music_TranslateUnknownTitle>TRUE</CscFeature_Music_TranslateUnknownTitle>
    <CscFeature_NFC_ConfigSecurityPromptPopup>all</CscFeature_NFC_ConfigSecurityPromptPopup>
    <CscFeature_NFC_DefaultCardModeConfig>UICC</CscFeature_NFC_DefaultCardModeConfig>
    <CscFeature_NFC_StatusBarIconType>DEFAULT</CscFeature_NFC_StatusBarIconType>
    <CscFeature_RIL_DisplayAntennaLimited>TRUE</CscFeature_RIL_DisplayAntennaLimited>
    <CscFeature_RIL_SupportEsim>TRUE</CscFeature_RIL_SupportEsim>
    <CscFeature_Setting_EnablePromptPopupWhenActivatingDataConnection>TRUE</CscFeature_Setting_EnablePromptPopupWhenActivatingDataConnection>
    <CscFeature_SetupWizard_DisablePrivacyPolicyAgreement>TRUE</CscFeature_SetupWizard_DisablePrivacyPolicyAgreement>
    <CscFeature_SyncML_DeleteCpAfterTryingToInstall>TRUE</CscFeature_SyncML_DeleteCpAfterTryingToInstall>
    <CscFeature_SyncML_DiscardCpSecurityType4>Userpin,None</CscFeature_SyncML_DiscardCpSecurityType4>
    <CscFeature_SyncML_DiscardInvalidNetwpinCp>TRUE</CscFeature_SyncML_DiscardInvalidNetwpinCp>
    <CscFeature_VoiceCall_ConfigOpStyleForHdIcon>NOHD</CscFeature_VoiceCall_ConfigOpStyleForHdIcon>
    <CscFeature_Weather_ConfigCpType>TWC</CscFeature_Weather_ConfigCpType>
    <CscFeature_Web_DefBookmarkFolderName>Chrome,[Open Market]</CscFeature_Web_DefBookmarkFolderName>
    <CscFeature_Web_DisableNetworkLinkPrediction>TRUE</CscFeature_Web_DisableNetworkLinkPrediction>
    <CscFeature_Web_DisableRedirectionChooser>TRUE</CscFeature_Web_DisableRedirectionChooser>
    <CscFeature_Wifi_ConfigSnsStatus>DEFAULT_ON</CscFeature_Wifi_ConfigSnsStatus>
    <CscFeature_mCommerce_WalletMgrConfig>Disable</CscFeature_mCommerce_WalletMgrConfig>
    
    <!-- Additions -->
    <CscFeature_Camera_ShutterSoundMenu>TRUE</CscFeature_Camera_ShutterSoundMenu>
    <CscFeature_Setting_EnableMenuBlockCallMsg>TRUE</CscFeature_Setting_EnableMenuBlockCallMsg>
    <CscFeature_SystemUI_SupportRecentAppProtection>TRUE</CscFeature_SystemUI_SupportRecentAppProtection>
    <CscFeature_VoiceCall_ConfigRecording>RecordingAllowed</CscFeature_VoiceCall_ConfigRecording>
    <CscFeature_Message_SupportAntiPhishing>TRUE</CscFeature_Message_SupportAntiPhishing>
    <CscFeature_Message_DisableSpam>TRUE</CscFeature_Message_DisableSpam>
    <CscFeature_Music_SupportPlaybackDuringCall>TRUE</CscFeature_Music_SupportPlaybackDuringCall>
    <CscFeature_Video_SupportPlayDuringCall>TRUE</CscFeature_Video_SupportPlayDuringCall>
    <CscFeature_Camera_EnableCameraDuringCall>TRUE</CscFeature_Camera_EnableCameraDuringCall>
  </FeatureSet>
</SamsungMobileFeature>
