<?xml version="1.0" encoding="UTF-8"?>
<CustomerData>
  <GeneralInfo>
    <CSCEdition>ED0001</CSCEdition>
    <Country>Slovenia</Country>
    <CountryISO>SI</CountryISO>
    <Region>EUR</Region>
    <SalesCode>MOT</SalesCode>
    <NbNetworkInfo>1</NbNetworkInfo>
    <NetworkInfo>
      <MCCMNC>29341</MCCMNC>
      <NetworkName>Mobitel</NetworkName>
      <NWID>NW00759</NWID>
    </NetworkInfo>
  </GeneralInfo>
  <Settings>
    <Main>
      <Security>
        <OneSIMLock>none</OneSIMLock>
        <SeparateLock>none</SeparateLock>
      </Security>
      <Network>
        <NbWbAmr>1</NbWbAmr>
        <WbAmr>
          <NetworkName>Mobitel</NetworkName>
          <WbAmrCodec>on</WbAmrCodec>
        </WbAmr>
      </Network>
      <Sound>
        <ExtraSound>
          <ConnectTone>on</ConnectTone>
        </ExtraSound>
      </Sound>
      <Phone>
        <DefLanguage>sl_SI</DefLanguage>
        <DefLanguageNoSIM>sl_SI</DefLanguageNoSIM>
        <T9Enabling>disable</T9Enabling>
        <T9Language>slovenian</T9Language>
        <DateTimeFormat>
          <TimeFormat>24h</TimeFormat>
        </DateTimeFormat>
      </Phone>
    </Main>
    <Messages>
      <NbVoicemail>1</NbVoicemail>
      <Voicemail>
        <NetworkName>Mobitel</NetworkName>
        <TelNum>+38641101000</TelNum>
      </Voicemail>
      <SMS>
        <DeliveryReport>off</DeliveryReport>
        <CharSupport>gsmalpha</CharSupport>
      </SMS>
      <MMS>
        <MmsSending>
          <ReqDeliveryRep>off</ReqDeliveryRep>
          <ReqReadRep>off</ReqReadRep>
          <MessageSize>3m</MessageSize>
          <CreationMode>free</CreationMode>
          <ImageResizeResolution>quxga</ImageResizeResolution>
        </MmsSending>
        <MmsReceiving>
          <Home>auto</Home>
          <Roaming>manual</Roaming>
        </MmsReceiving>
      </MMS>
    </Messages>
    <Browser>
      <NbBookmark>2</NbBookmark>
      <Bookmark>
        <NetworkName>Mobitel</NetworkName>
        <Editable>yes</Editable>
        <BookmarkName>Telekom.si</BookmarkName>
        <URL>www.telekom.si/zasebni-uporabniki?iskanje=preinstalled</URL>
      </Bookmark>
      <Bookmark>
        <NetworkName>default</NetworkName>
        <Editable>yes</Editable>
        <BookmarkName>Google</BookmarkName>
        <URL>http://www.google.com/m?client={CID}&amp;source=android-home</URL>
      </Bookmark>
      <eManual>
        <URL>http://www.samsung.com/m-manual/common</URL>
      </eManual>
    </Browser>
    <Connections>
      <NbProfileHandle>1</NbProfileHandle>
      <ProfileHandle>
        <NbNetProfile>4</NbNetProfile>
        <NetworkName>Mobitel</NetworkName>
        <ProfBrowser>Mobilni Internet</ProfBrowser>
        <ProfMMS>MMS</ProfMMS>
        <ProfIMS>IMS</ProfIMS>
        <ProfXCAP>XCAP</ProfXCAP>
      </ProfileHandle>
      <NbProfile>4</NbProfile>
      <Profile>
        <NetworkName>Mobitel</NetworkName>
        <Editable>no</Editable>
        <ProfileName>Mobilni Internet</ProfileName>
        <URL>www.telekom.si/zasebni-uporabniki?iskanje=preinstalled</URL>
        <Auth>normal</Auth>
        <Bearer>ps</Bearer>
        <Protocol>http</Protocol>
        <PSparam>
          <APN>internet</APN>
          <UserId>mobitel</UserId>
          <Password>internet</Password>
        </PSparam>
        <CSparam>
          <TelNum>+38641181818</TelNum>
          <UserId>mobitel</UserId>
          <Password>internet</Password>
          <CallType>isdn</CallType>
        </CSparam>
      </Profile>
      <Profile>
        <NetworkName>Mobitel</NetworkName>
        <Editable>no</Editable>
        <ProfileName>MMS</ProfileName>
        <URL>http://mms.telekom.si</URL>
        <Auth>normal</Auth>
        <Bearer>ps</Bearer>
        <Protocol>http</Protocol>
        <PSparam>
          <APN>internet</APN>
          <UserId>mobitel</UserId>
          <Password>internet</Password>
        </PSparam>
      </Profile>
      <Profile>
        <NetworkName>Mobitel</NetworkName>
        <Editable>no</Editable>
        <HiddenStatus>hidden</HiddenStatus>
        <ProfileName>IMS</ProfileName>
        <PSparam>
          <APN>IMS</APN>
        </PSparam>
      </Profile>
      <Profile>
        <NetworkName>Mobitel</NetworkName>
        <Editable>no</Editable>
        <HiddenStatus>hidden</HiddenStatus>
        <ProfileName>XCAP</ProfileName>
        <Auth>normal</Auth>
        <PSparam>
          <APN>hos</APN>
        </PSparam>
      </Profile>
    </Connections>
    <IMSSetting>
      <NbSetting>1</NbSetting>
      <Setting>
        <NetworkName>Mobitel</NetworkName>
        <Version>3.0</Version>
        <EnableIMS>true</EnableIMS>
        <VoLTE>
          <EnableVoLTE>true</EnableVoLTE>
          <EnableVoiceoverWIFI>true</EnableVoiceoverWIFI>
          <EnableVideocall>false</EnableVideocall>
          <EnableVoLTEindicator>true</EnableVoLTEindicator>
          <Voice_Domain_Preference_EUTRAN>imspsvoicepreferred</Voice_Domain_Preference_EUTRAN>
          <Emregencycall_Domain>cs</Emregencycall_Domain>
          <SRVCCversion>10</SRVCCversion>
          <SS_Domain_Preference>ps_only_psregied</SS_Domain_Preference>
          <SS_PS_Control_Preference>xcap</SS_PS_Control_Preference>
          <SS_CSFBwithIMSerror>false</SS_CSFBwithIMSerror>
          <USSD_Domain_Preference>cs</USSD_Domain_Preference>
          <EnableSMSoverIP>true</EnableSMSoverIP>
        </VoLTE>
      </Setting>
    </IMSSetting>
  </Settings>
</CustomerData>