<?xml version="1.0" encoding="UTF-8"?>
<SamsungMobileFeature>
  <Version>ED00004</Version>
  <Country>FRANCE</Country>
  <CountryISO>FR</CountryISO>
  <SalesCode>FTM</SalesCode>
  <FeatureSet>
    <CscFeature_Audio_SupportSafeMediaVolumeDialog>TRUE</CscFeature_Audio_SupportSafeMediaVolumeDialog>
    <CscFeature_Common_ConfigAllowedPackagesDuringPowerSaving>com.orange.update</CscFeature_Common_ConfigAllowedPackagesDuringPowerSaving>
    <CscFeature_Common_ConfigSvcProviderForUnknownNumber>whitepages,whitepages,whitepages</CscFeature_Common_ConfigSvcProviderForUnknownNumber>
    <CscFeature_Common_ConfigVvm>CanUseNative</CscFeature_Common_ConfigVvm>
    <CscFeature_Common_EulaVersion>2</CscFeature_Common_EulaVersion>
    <CscFeature_Common_Vibration4NotiDuringCall>TRUE</CscFeature_Common_Vibration4NotiDuringCall>
    <CscFeature_Contact_ConfigImsOpStyle>FTM</CscFeature_Contact_ConfigImsOpStyle>
    <CscFeature_Contact_SupportDuoVideoCall>TRUE</CscFeature_Contact_SupportDuoVideoCall>
    <CscFeature_Email_DisableAutoDomainGenerationDuringManualSetup>TRUE</CscFeature_Email_DisableAutoDomainGenerationDuringManualSetup>
    <CscFeature_Email_UseFixedSmtpPortAs>25</CscFeature_Email_UseFixedSmtpPortAs>
    <CscFeature_Framework_AddProductRoField>BRAND1-orange</CscFeature_Framework_AddProductRoField>
    <CscFeature_GMS_SetClientIDBaseCr>android-samsung-ss</CscFeature_GMS_SetClientIDBaseCr>
    <CscFeature_GMS_SetClientIDBaseMs>android-orange-{country}-revc</CscFeature_GMS_SetClientIDBaseMs>
    <CscFeature_GMS_SupportSTSTool>FALSE</CscFeature_GMS_SupportSTSTool>
    <CscFeature_Graphics_DisableGameToolsPublicWIFI>TRUE</CscFeature_Graphics_DisableGameToolsPublicWIFI>
    <CscFeature_IMS_ConfigMdmnType>Hpe</CscFeature_IMS_ConfigMdmnType>
    <CscFeature_Message_ConfigFreeMessage>OFF</CscFeature_Message_ConfigFreeMessage>
    <CscFeature_Message_DisableSmsToMmsConversionByTextInput>TRUE</CscFeature_Message_DisableSmsToMmsConversionByTextInput>
    <CscFeature_Message_EnableMmsConvWarningForEmailAddress>TRUE</CscFeature_Message_EnableMmsConvWarningForEmailAddress>
    <CscFeature_Message_ReplaceLabelOnRequestedStatus>TRUE</CscFeature_Message_ReplaceLabelOnRequestedStatus>
    <CscFeature_NFC_DefStatus>ON</CscFeature_NFC_DefStatus>
    <CscFeature_NFC_StatusBarIconType>DEFAULT</CscFeature_NFC_StatusBarIconType>
    <CscFeature_RIL_ConfigDefaultNetwork>26</CscFeature_RIL_ConfigDefaultNetwork>
    <CscFeature_RIL_ConfigSpecialPdpFlag>im_cn</CscFeature_RIL_ConfigSpecialPdpFlag>
    <CscFeature_RIL_DisplayAntennaLimited>TRUE</CscFeature_RIL_DisplayAntennaLimited>
    <CscFeature_RIL_RemoveToastDuringBipOperation>TRUE</CscFeature_RIL_RemoveToastDuringBipOperation>
    <CscFeature_RIL_RemoveToastDuringStkRefresh>TRUE</CscFeature_RIL_RemoveToastDuringStkRefresh>
    <CscFeature_RIL_SupportEsim>TRUE</CscFeature_RIL_SupportEsim>
    <CscFeature_Setting_BlockToSelectDunApnType>TRUE</CscFeature_Setting_BlockToSelectDunApnType>
    <CscFeature_Setting_ConfigAddSuffixModelNumber>/DS</CscFeature_Setting_ConfigAddSuffixModelNumber>
    <CscFeature_Setting_EnableDataServicePopup>TRUE</CscFeature_Setting_EnableDataServicePopup>
    <CscFeature_Setting_EnablePromptPopupWhenActivatingDataConnection>TRUE</CscFeature_Setting_EnablePromptPopupWhenActivatingDataConnection>
    <CscFeature_Setting_SkipStepsDuringSamsungSetupWizard>SamsungAccount,SamsungBackup</CscFeature_Setting_SkipStepsDuringSamsungSetupWizard>
    <CscFeature_Setting_SupportDefaultScreenMode6500k>TRUE</CscFeature_Setting_SupportDefaultScreenMode6500k>
    <CscFeature_SetupWizard_DisablePrivacyPolicyAgreement>TRUE</CscFeature_SetupWizard_DisablePrivacyPolicyAgreement>
    <CscFeature_SystemUI_ConfigOpBranding5GIcon>5GAvailable,UseOneShapedIcon</CscFeature_SystemUI_ConfigOpBranding5GIcon>
    <CscFeature_SystemUI_ConfigOpBrandingForIndicatorIcon>ORANGE</CscFeature_SystemUI_ConfigOpBrandingForIndicatorIcon>
    <CscFeature_SystemUI_ConfigPolicyDisplayOpLogo>HOME</CscFeature_SystemUI_ConfigPolicyDisplayOpLogo>
    <CscFeature_SystemUI_ConfigQuickSettingPopup>FTM</CscFeature_SystemUI_ConfigQuickSettingPopup>
    <CscFeature_VT_ConfigBearer>-CSVT</CscFeature_VT_ConfigBearer>
    <CscFeature_Vision_ConfigBeauty>NLLXX</CscFeature_Vision_ConfigBeauty>
    <CscFeature_Vision_ConfigFood>AZMXX</CscFeature_Vision_ConfigFood>
    <CscFeature_Vision_ConfigFoodRecipe>PTRXX</CscFeature_Vision_ConfigFoodRecipe>
    <CscFeature_Vision_ConfigFoodVideo>YTBXX</CscFeature_Vision_ConfigFoodVideo>
    <CscFeature_Vision_ConfigImageSearch>PTRXX</CscFeature_Vision_ConfigImageSearch>
    <CscFeature_Vision_ConfigPlace>FSRXX</CscFeature_Vision_ConfigPlace>
    <CscFeature_Vision_ConfigPlaceLandmark>SFSGO</CscFeature_Vision_ConfigPlaceLandmark>
    <CscFeature_Vision_ConfigPlaceMap>GGLXX</CscFeature_Vision_ConfigPlaceMap>
    <CscFeature_Vision_ConfigPlaceWeather>TWCXX</CscFeature_Vision_ConfigPlaceWeather>
    <CscFeature_Vision_ConfigShopping>AMZFR</CscFeature_Vision_ConfigShopping>
    <CscFeature_Vision_ConfigTextExchangerate>OANXX</CscFeature_Vision_ConfigTextExchangerate>
    <CscFeature_Vision_ConfigTextTranslator>GGLXX</CscFeature_Vision_ConfigTextTranslator>
    <CscFeature_Vision_ConfigWine>VVNXX</CscFeature_Vision_ConfigWine>
    <CscFeature_VoiceCall_ConfigOpStyleForCallerId>forwarding_number</CscFeature_VoiceCall_ConfigOpStyleForCallerId>
    <CscFeature_VoiceCall_ConfigOpStyleForHdIcon>FTM_HD</CscFeature_VoiceCall_ConfigOpStyleForHdIcon>
    <CscFeature_VoiceCall_ConfigOpStyleForWfc>WFC_GPG,WFC_HELP_NOTI,WFC_FTM</CscFeature_VoiceCall_ConfigOpStyleForWfc>
    <CscFeature_VoiceCall_DisablePopupMsgWhenDeactivatingCallForwarding>TRUE</CscFeature_VoiceCall_DisablePopupMsgWhenDeactivatingCallForwarding>
    <CscFeature_VoiceCall_DisableUssdCancelPopup>TRUE</CscFeature_VoiceCall_DisableUssdCancelPopup>
    <CscFeature_VoiceCall_DisableVTOutgoing>TRUE</CscFeature_VoiceCall_DisableVTOutgoing>
    <CscFeature_VoiceCall_EnableBeepVibration4UssdAlert>TRUE</CscFeature_VoiceCall_EnableBeepVibration4UssdAlert>
    <CscFeature_VoiceCall_EnableCallButtonInFdnList>TRUE</CscFeature_VoiceCall_EnableCallButtonInFdnList>
    <CscFeature_VoiceCall_LogListViewConfig>vvm</CscFeature_VoiceCall_LogListViewConfig>
    <CscFeature_VoiceCall_RemoveKeypadDuringVmsCall>TRUE</CscFeature_VoiceCall_RemoveKeypadDuringVmsCall>
    <CscFeature_Weather_ConfigCpType>TWC</CscFeature_Weather_ConfigCpType>
    <CscFeature_Web_ConfigSyncSource>TRUE</CscFeature_Web_ConfigSyncSource>
    <CscFeature_Web_DefBookmarkFolderName>Chrome,Favoris Orange</CscFeature_Web_DefBookmarkFolderName>
    <CscFeature_Web_DisableChooser4>application/sdp,application/x-mpegurl</CscFeature_Web_DisableChooser4>
    <CscFeature_Web_EnableAutoBookmarkSetBySim>TRUE</CscFeature_Web_EnableAutoBookmarkSetBySim>
    <CscFeature_Wifi_AdjustTxPowerDuringCalling>TRUE</CscFeature_Wifi_AdjustTxPowerDuringCalling>
    <CscFeature_Wifi_EnableShowPasswordAsDefault>TRUE</CscFeature_Wifi_EnableShowPasswordAsDefault>
    <CscFeature_Wifi_EnableWarningPopup4DataBatteryUsage>TRUE</CscFeature_Wifi_EnableWarningPopup4DataBatteryUsage>
    <CscFeature_Wifi_SendSignalDuringPowerOff>TRUE</CscFeature_Wifi_SendSignalDuringPowerOff>
    <CscFeature_Wifi_UseDefaultSecurityAs>WPA2/PSK</CscFeature_Wifi_UseDefaultSecurityAs>
    <CscFeature_Wifi_UseRandom4digitCombinationAsSSID>TRUE</CscFeature_Wifi_UseRandom4digitCombinationAsSSID>

    <!-- Additions -->
    <CscFeature_Camera_ShutterSoundMenu>TRUE</CscFeature_Camera_ShutterSoundMenu>
    <CscFeature_Setting_EnableMenuBlockCallMsg>TRUE</CscFeature_Setting_EnableMenuBlockCallMsg>
    <CscFeature_SystemUI_SupportRecentAppProtection>TRUE</CscFeature_SystemUI_SupportRecentAppProtection>
    <CscFeature_VoiceCall_ConfigRecording>RecordingAllowed</CscFeature_VoiceCall_ConfigRecording>
    <CscFeature_Message_SupportAntiPhishing>TRUE</CscFeature_Message_SupportAntiPhishing>
    <CscFeature_Message_DisableSpam>TRUE</CscFeature_Message_DisableSpam>
    <CscFeature_Music_SupportPlaybackDuringCall>TRUE</CscFeature_Music_SupportPlaybackDuringCall>
    <CscFeature_Video_SupportPlayDuringCall>TRUE</CscFeature_Video_SupportPlayDuringCall>
    <CscFeature_Camera_EnableCameraDuringCall>TRUE</CscFeature_Camera_EnableCameraDuringCall>
  </FeatureSet>
</SamsungMobileFeature>
