<?xml version="1.0" encoding="UTF-8"?>
<CustomerData>
  <GeneralInfo>
    <CSCEdition>ED0005</CSCEdition>
    <Country>France</Country>
    <CountryISO>FR</CountryISO>
    <Region>EUR</Region>
    <SalesCode>FTM</SalesCode>
    <NbNetworkInfo>3</NbNetworkInfo>
    <NetworkInfo>
      <MCCMNC>20801</MCCMNC>
      <NetworkName>Orange F</NetworkName>
      <NWID>NW00976</NWID>
      <SPName>Orange F</SPName>
    </NetworkInfo>
    <NetworkInfo>
      <MCCMNC>34001</MCCMNC>
      <NetworkName>Orange (340 01)</NetworkName>
      <NWID>NW00912</NWID>
    </NetworkInfo>
    <NetworkInfo>
      <MCCMNC>64700</MCCMNC>
      <NetworkName>Orange (647 00)</NetworkName>
      <NWID>NW00913</NWID>
    </NetworkInfo>
  </GeneralInfo>
  <Settings>
    <Main>
      <Security>
        <OneSIMLock>none</OneSIMLock>
        <SeparateLock>none</SeparateLock>
      </Security>
      <Network>
        <NbFastDormancy>6</NbFastDormancy>
        <FastDormancy>
          <NetworkName>Orange F</NetworkName>
          <FastDormancyEnableStatus>on</FastDormancyEnableStatus>
          <LCDStatus>on</LCDStatus>
        </FastDormancy>
        <FastDormancy>
          <NetworkName>Orange F</NetworkName>
          <FastDormancyEnableStatus>on</FastDormancyEnableStatus>
          <LCDStatus>off</LCDStatus>
        </FastDormancy>
        <FastDormancy>
          <NetworkName>Orange (340 01)</NetworkName>
          <FastDormancyEnableStatus>on</FastDormancyEnableStatus>
          <LCDStatus>on</LCDStatus>
        </FastDormancy>
        <FastDormancy>
          <NetworkName>Orange (340 01)</NetworkName>
          <FastDormancyEnableStatus>on</FastDormancyEnableStatus>
          <LCDStatus>off</LCDStatus>
        </FastDormancy>
        <FastDormancy>
          <NetworkName>Orange (647 00)</NetworkName>
          <FastDormancyEnableStatus>on</FastDormancyEnableStatus>
          <LCDStatus>on</LCDStatus>
        </FastDormancy>
        <FastDormancy>
          <NetworkName>Orange (647 00)</NetworkName>
          <FastDormancyEnableStatus>on</FastDormancyEnableStatus>
          <LCDStatus>off</LCDStatus>
        </FastDormancy>
        <NbWbAmr>1</NbWbAmr>
        <WbAmr>
          <NetworkName>default</NetworkName>
          <WbAmrCodec>on</WbAmrCodec>
        </WbAmr>
        <NbSOSNumber>2</NbSOSNumber>
        <SOSNumber>112</SOSNumber>
        <SOSNumber>911</SOSNumber>
        <NbSOSNumberNoSIM>3</NbSOSNumberNoSIM>
        <SOSNumberNoSIM>112</SOSNumberNoSIM>
        <SOSNumberNoSIM>999</SOSNumberNoSIM>
        <SOSNumberNoSIM>911</SOSNumberNoSIM>
        <AutoProfile>on</AutoProfile>
        <AutoVoicemail>on</AutoVoicemail>
        <AutoEmailAccount>off</AutoEmailAccount>
        <AutoBookmark>on</AutoBookmark>
        <AutoLink>off</AutoLink>
        <AutoSyncML>off</AutoSyncML>
        <AutoFastDormancy>on</AutoFastDormancy>
        <AutoWbAmr>off</AutoWbAmr>
        <AutoFOTA>off</AutoFOTA>
      </Network>
      <Sound>
        <RngToneAlertType>melody</RngToneAlertType>
        <KeyTone>
          <KeyVolume>0</KeyVolume>
        </KeyTone>
        <ExtraSound>
          <ConnectTone>off</ConnectTone>
          <CallEndTone>off</CallEndTone>
        </ExtraSound>
        <AMRVoiceCodec>on</AMRVoiceCodec>
      </Sound>
      <Phone>
        <AlertOnCall>on</AlertOnCall>
        <DefLanguage>fr_FR</DefLanguage>
        <DefLanguageNoSIM>fr_FR</DefLanguageNoSIM>
        <T9Language>french</T9Language>
        <DateTimeFormat>
          <DateFormat>ddmmyyyy</DateFormat>
          <TimeFormat>24h</TimeFormat>
        </DateTimeFormat>
      </Phone>
    </Main>
    <Messages>
      <NbVoicemail>3</NbVoicemail>
      <Voicemail>
        <NetworkName>Orange F</NetworkName>
        <TelNum>888</TelNum>
      </Voicemail>
      <Voicemail>
        <NetworkName>Orange (340 01)</NetworkName>
        <TelNum>888</TelNum>
      </Voicemail>
      <Voicemail>
        <NetworkName>Orange (647 00)</NetworkName>
        <TelNum>800</TelNum>
      </Voicemail>
      <PushMsg>
        <RecOption>on</RecOption>
        <PushLoading>prompt</PushLoading>
      </PushMsg>
      <SMS>
        <DeliveryReport>off</DeliveryReport>
        <MsgTypeThreshold>
          <ThresholdValue>13</ThresholdValue>
          <ThresholdType>pagecount</ThresholdType>
        </MsgTypeThreshold>
        <CharSupport>automatic</CharSupport>
        <SSMS>off</SSMS>
        <PreviewMessage>on</PreviewMessage>
      </SMS>
      <MMS>
        <MmsSending>
          <ReqDeliveryRep>off</ReqDeliveryRep>
          <ReqReadRep>off</ReqReadRep>
          <MessageSize>600</MessageSize>
          <CreationMode>warning</CreationMode>
        </MmsSending>
        <MmsReceiving>
          <Home>auto</Home>
          <Roaming>manual</Roaming>
        </MmsReceiving>
      </MMS>
      <Email>
        <EmailReceiving>
          <PollTime>off</PollTime>
        </EmailReceiving>
        <NbAccount>21</NbAccount>
        <Account>
          <NetworkName>default</NetworkName>
          <AccountName>Orange</AccountName>
          <EmailAddr>@orange.fr</EmailAddr>
          <LoginType>domain_type</LoginType>
          <Incoming>
            <MailboxType>imap4</MailboxType>
            <ServAddr>imap.orange.fr</ServAddr>
            <Port>993</Port>
            <Secure>ssl</Secure>
          </Incoming>
          <Outgoing>
            <ServAddr>smtp.orange.fr</ServAddr>
            <Port>465</Port>
            <SmtpAuth>on</SmtpAuth>
            <Secure>ssl</Secure>
          </Outgoing>
        </Account>
        <Account>
          <NetworkName>default</NetworkName>
          <AccountName>Wanadoo</AccountName>
          <EmailAddr>@wanadoo.fr</EmailAddr>
          <Incoming>
            <MailboxType>imap4</MailboxType>
            <ServAddr>imap.orange.fr</ServAddr>
            <Port>993</Port>
            <Secure>ssl</Secure>
          </Incoming>
          <Outgoing>
            <ServAddr>smtp.orange.fr</ServAddr>
            <Port>465</Port>
            <SmtpAuth>on</SmtpAuth>
            <Secure>ssl</Secure>
          </Outgoing>
        </Account>
        <Account>
          <NetworkName>default</NetworkName>
          <AccountName>Microsoft</AccountName>
          <EmailAddr>@hotmail.com</EmailAddr>
          <LoginType>domain_type</LoginType>
          <Incoming>
            <MailboxType>imap4</MailboxType>
            <ServAddr>imap-mail.outlook.com</ServAddr>
            <Port>993</Port>
            <Secure>ssl</Secure>
          </Incoming>
          <Outgoing>
            <ServAddr>smtp-mail.outlook.com</ServAddr>
            <Port>587</Port>
            <SmtpAuth>on</SmtpAuth>
            <Secure>tls</Secure>
          </Outgoing>
        </Account>
        <Account>
          <NetworkName>default</NetworkName>
          <AccountName>Microsoft</AccountName>
          <EmailAddr>@hotmail.fr</EmailAddr>
          <LoginType>domain_type</LoginType>
          <Incoming>
            <MailboxType>imap4</MailboxType>
            <ServAddr>imap-mail.outlook.com</ServAddr>
            <Port>993</Port>
            <Secure>ssl</Secure>
          </Incoming>
          <Outgoing>
            <ServAddr>smtp-mail.outlook.com</ServAddr>
            <Port>587</Port>
            <SmtpAuth>on</SmtpAuth>
            <Secure>tls</Secure>
          </Outgoing>
        </Account>
        <Account>
          <NetworkName>default</NetworkName>
          <AccountName>Microsoft</AccountName>
          <EmailAddr>@live.fr</EmailAddr>
          <LoginType>domain_type</LoginType>
          <Incoming>
            <MailboxType>imap4</MailboxType>
            <ServAddr>imap-mail.outlook.com</ServAddr>
            <Port>993</Port>
            <Secure>ssl</Secure>
          </Incoming>
          <Outgoing>
            <ServAddr>smtp-mail.outlook.com</ServAddr>
            <Port>587</Port>
            <SmtpAuth>on</SmtpAuth>
            <Secure>tls</Secure>
          </Outgoing>
        </Account>
        <Account>
          <NetworkName>default</NetworkName>
          <AccountName>Microsoft</AccountName>
          <EmailAddr>@outlook.com</EmailAddr>
          <LoginType>domain_type</LoginType>
          <Incoming>
            <MailboxType>imap4</MailboxType>
            <ServAddr>imap-mail.outlook.com</ServAddr>
            <Port>993</Port>
            <Secure>ssl</Secure>
          </Incoming>
          <Outgoing>
            <ServAddr>smtp-mail.outlook.com</ServAddr>
            <Port>587</Port>
            <SmtpAuth>on</SmtpAuth>
            <Secure>tls</Secure>
          </Outgoing>
        </Account>
        <Account>
          <NetworkName>default</NetworkName>
          <AccountName>Microsoft</AccountName>
          <EmailAddr>@outlook.fr</EmailAddr>
          <LoginType>domain_type</LoginType>
          <Incoming>
            <MailboxType>imap4</MailboxType>
            <ServAddr>imap-mail.outlook.com</ServAddr>
            <Port>993</Port>
            <Secure>ssl</Secure>
          </Incoming>
          <Outgoing>
            <ServAddr>smtp-mail.outlook.com</ServAddr>
            <Port>587</Port>
            <SmtpAuth>on</SmtpAuth>
            <Secure>tls</Secure>
          </Outgoing>
        </Account>
        <Account>
          <NetworkName>default</NetworkName>
          <AccountName>Yahoo</AccountName>
          <EmailAddr>@yahoo.fr</EmailAddr>
          <Incoming>
            <MailboxType>imap4</MailboxType>
            <ServAddr>imap.mail.yahoo.com</ServAddr>
            <Port>993</Port>
            <Secure>ssl</Secure>
          </Incoming>
          <Outgoing>
            <ServAddr>smtp.mail.yahoo.com</ServAddr>
            <Port>465</Port>
            <SmtpAuth>on</SmtpAuth>
            <Secure>ssl</Secure>
          </Outgoing>
        </Account>
        <Account>
          <NetworkName>default</NetworkName>
          <AccountName>Neuf</AccountName>
          <EmailAddr>@neuf.fr</EmailAddr>
          <UserId>@neuf.fr</UserId>
          <LoginType>domain_type</LoginType>
          <Incoming>
            <MailboxType>imap4</MailboxType>
            <ServAddr>imap.sfr.fr</ServAddr>
            <Port>993</Port>
            <Secure>ssl</Secure>
          </Incoming>
          <Outgoing>
            <ServAddr>smtp.sfr.fr</ServAddr>
            <Port>465</Port>
            <SmtpAuth>on</SmtpAuth>
            <Secure>ssl</Secure>
          </Outgoing>
        </Account>
        <Account>
          <NetworkName>default</NetworkName>
          <AccountName>Free</AccountName>
          <EmailAddr>@free.fr</EmailAddr>
          <Incoming>
            <MailboxType>imap4</MailboxType>
            <ServAddr>imap.free.fr</ServAddr>
            <Port>993</Port>
            <Secure>ssl</Secure>
          </Incoming>
          <Outgoing>
            <ServAddr>smtp.free.fr</ServAddr>
            <Port>465</Port>
            <SmtpAuth>on</SmtpAuth>
            <Secure>ssl</Secure>
          </Outgoing>
        </Account>
        <Account>
          <NetworkName>default</NetworkName>
          <AccountName>Gmail</AccountName>
          <EmailAddr>@gmail.com</EmailAddr>
          <Incoming>
            <MailboxType>imap4</MailboxType>
            <ServAddr>imap.gmail.com</ServAddr>
            <Port>993</Port>
            <Secure>ssl</Secure>
          </Incoming>
          <Outgoing>
            <ServAddr>smtp.gmail.com</ServAddr>
            <Port>465</Port>
            <SmtpAuth>on</SmtpAuth>
            <Secure>ssl</Secure>
          </Outgoing>
        </Account>
        <Account>
          <NetworkName>default</NetworkName>
          <AccountName>Club-Internet</AccountName>
          <EmailAddr>@club-internet.fr</EmailAddr>
          <Incoming>
            <MailboxType>imap4</MailboxType>
            <ServAddr>imap.sfr.fr</ServAddr>
            <Port>143</Port>
            <Secure>off</Secure>
          </Incoming>
          <Outgoing>
            <ServAddr>smtp.sfr.fr</ServAddr>
            <Port>587</Port>
            <SmtpAuth>on</SmtpAuth>
            <Secure>off</Secure>
          </Outgoing>
        </Account>
        <Account>
          <NetworkName>default</NetworkName>
          <AccountName>Aol</AccountName>
          <EmailAddr>@aol.com</EmailAddr>
          <Incoming>
            <MailboxType>imap4</MailboxType>
            <ServAddr>imap.fr.aol.com</ServAddr>
            <Port>143</Port>
            <Secure>off</Secure>
          </Incoming>
          <Outgoing>
            <ServAddr>smtp.fr.aol.com</ServAddr>
            <Port>25</Port>
            <SmtpAuth>off</SmtpAuth>
            <Secure>off</Secure>
          </Outgoing>
        </Account>
        <Account>
          <NetworkName>default</NetworkName>
          <AccountName>Laposte</AccountName>
          <EmailAddr>@laposte.net</EmailAddr>
          <Incoming>
            <MailboxType>pop3</MailboxType>
            <ServAddr>pop.laposte.net</ServAddr>
            <Port>110</Port>
            <Secure>off</Secure>
          </Incoming>
          <Outgoing>
            <ServAddr>smtp.laposte.net</ServAddr>
            <Port>25</Port>
            <SmtpAuth>off</SmtpAuth>
            <Secure>off</Secure>
          </Outgoing>
        </Account>
        <Account>
          <NetworkName>default</NetworkName>
          <AccountName>Cegetel</AccountName>
          <EmailAddr>@cegetel.fr</EmailAddr>
          <Incoming>
            <MailboxType>imap4</MailboxType>
            <ServAddr>imap.sfr.fr</ServAddr>
            <Port>143</Port>
            <Secure>off</Secure>
          </Incoming>
          <Outgoing>
            <ServAddr>smtp.sfr.fr</ServAddr>
            <Port>587</Port>
            <SmtpAuth>on</SmtpAuth>
            <Secure>off</Secure>
          </Outgoing>
        </Account>
        <Account>
          <NetworkName>default</NetworkName>
          <AccountName>Alice</AccountName>
          <EmailAddr>@alice.fr</EmailAddr>
          <Incoming>
            <MailboxType>pop3</MailboxType>
            <ServAddr>pop.alice.fr</ServAddr>
            <Port>110</Port>
            <Secure>off</Secure>
          </Incoming>
          <Outgoing>
            <ServAddr>smtp.alice.fr</ServAddr>
            <Port>25</Port>
            <SmtpAuth>off</SmtpAuth>
            <Secure>off</Secure>
          </Outgoing>
        </Account>
        <Account>
          <NetworkName>default</NetworkName>
          <AccountName>Noos</AccountName>
          <EmailAddr>@noos.fr</EmailAddr>
          <Incoming>
            <MailboxType>pop3</MailboxType>
            <ServAddr>pop.noos.fr</ServAddr>
            <Port>110</Port>
            <Secure>off</Secure>
          </Incoming>
          <Outgoing>
            <ServAddr>mail.noos.fr</ServAddr>
            <Port>25</Port>
            <SmtpAuth>off</SmtpAuth>
            <Secure>off</Secure>
          </Outgoing>
        </Account>
        <Account>
          <NetworkName>default</NetworkName>
          <AccountName>Télé2</AccountName>
          <EmailAddr>@tele2.fr</EmailAddr>
          <Incoming>
            <MailboxType>pop3</MailboxType>
            <ServAddr>pop.tele2.fr</ServAddr>
            <Port>110</Port>
            <Secure>off</Secure>
          </Incoming>
          <Outgoing>
            <ServAddr>smtp.tele2.fr</ServAddr>
            <Port>25</Port>
            <SmtpAuth>off</SmtpAuth>
            <Secure>off</Secure>
          </Outgoing>
        </Account>
        <Account>
          <NetworkName>default</NetworkName>
          <AccountName>Tiscali</AccountName>
          <EmailAddr>@tiscali.fr</EmailAddr>
          <Incoming>
            <MailboxType>pop3</MailboxType>
            <ServAddr>pop.tiscali.fr</ServAddr>
            <Port>110</Port>
            <Secure>off</Secure>
          </Incoming>
          <Outgoing>
            <ServAddr>smtp.tiscali.fr</ServAddr>
            <Port>25</Port>
            <SmtpAuth>off</SmtpAuth>
            <Secure>off</Secure>
          </Outgoing>
        </Account>
        <Account>
          <NetworkName>default</NetworkName>
          <AccountName>Netcourrier</AccountName>
          <EmailAddr>@netcourrier.com</EmailAddr>
          <Incoming>
            <MailboxType>pop3</MailboxType>
            <ServAddr>mail.netcourrier.com</ServAddr>
            <Port>110</Port>
            <Secure>off</Secure>
          </Incoming>
          <Outgoing>
            <ServAddr>smtp.orange.fr</ServAddr>
            <Port>25</Port>
            <SmtpAuth>off</SmtpAuth>
            <Secure>off</Secure>
          </Outgoing>
        </Account>
        <Account>
          <NetworkName>default</NetworkName>
          <AccountName>Libertysurf</AccountName>
          <EmailAddr>@libertysurf.fr</EmailAddr>
          <Incoming>
            <MailboxType>pop3</MailboxType>
            <ServAddr>pop.libertysurf.fr</ServAddr>
            <Port>110</Port>
            <Secure>off</Secure>
          </Incoming>
          <Outgoing>
            <ServAddr>mail.libertysurf.fr</ServAddr>
            <Port>25</Port>
            <SmtpAuth>off</SmtpAuth>
            <Secure>off</Secure>
          </Outgoing>
        </Account>
      </Email>
    </Messages>
    <Wifi>
      <SleepPolicy>always</SleepPolicy>
    </Wifi>
    <NbFOTA>1</NbFOTA>
    <FOTA>
      <NetworkName>default</NetworkName>
      <FotaBearer>wifi_dedicated</FotaBearer>
    </FOTA>
    <ActiveSync>
      <Signature>Envoyé de mon Galaxy model_name Orange</Signature>
    </ActiveSync>
    <Browser>
      <NbBookmark>13</NbBookmark>
      <Bookmark>
        <NetworkName>default</NetworkName>
        <Editable>no</Editable>
        <Index>1</Index>
        <BookmarkName>Orange</BookmarkName>
        <URL>http://www.orange.fr</URL>
      </Bookmark>
      <Bookmark>
        <NetworkName>default</NetworkName>
        <Editable>yes</Editable>
        <Index>2</Index>
        <BookmarkName>Actualités</BookmarkName>
        <URL>https://actu.orange.fr</URL>
      </Bookmark>
      <Bookmark>
        <NetworkName>default</NetworkName>
        <Editable>yes</Editable>
        <Index>3</Index>
        <BookmarkName>Météo</BookmarkName>
        <URL>https://meteo.orange.fr</URL>
      </Bookmark>
      <Bookmark>
        <NetworkName>default</NetworkName>
        <Editable>yes</Editable>
        <Index>4</Index>
        <BookmarkName>Jeux</BookmarkName>
        <URL>http://jeux.mob1.orange.fr</URL>
      </Bookmark>
      <Bookmark>
        <NetworkName>default</NetworkName>
        <Editable>yes</Editable>
        <Index>5</Index>
        <BookmarkName>Sports</BookmarkName>
        <URL>https://sports.orange.fr</URL>
      </Bookmark>
      <Bookmark>
        <NetworkName>default</NetworkName>
        <Editable>yes</Editable>
        <Index>6</Index>
        <BookmarkName>Orange Entreprise</BookmarkName>
        <URL>http://businesslounge.orange.fr</URL>
      </Bookmark>
      <Bookmark>
        <NetworkName>Orange (340 01)</NetworkName>
        <Editable>no</Editable>
        <Index>1</Index>
        <BookmarkName>Orange World</BookmarkName>
        <URL>http://3g.orangecaraibe.com</URL>
      </Bookmark>
      <Bookmark>
        <NetworkName>Orange (647 00)</NetworkName>
        <Editable>no</Editable>
        <Index>1</Index>
        <BookmarkName>Orange World</BookmarkName>
        <URL>http://www.orange.re/</URL>
      </Bookmark>
      <Bookmark>
        <NetworkName>Orange (647 00)</NetworkName>
        <Editable>yes</Editable>
        <Index>2</Index>
        <BookmarkName>Sonneries Logos</BookmarkName>
        <URL>http://mobile.orange.fr/0/accueil/Retour?SA=ORECELLSL</URL>
      </Bookmark>
      <Bookmark>
        <NetworkName>Orange (647 00)</NetworkName>
        <Editable>yes</Editable>
        <Index>3</Index>
        <BookmarkName>Jeux</BookmarkName>
        <URL>http://www.orange.fr/0/accueil/Retour?SA=OMLTELECHJEU</URL>
      </Bookmark>
      <Bookmark>
        <NetworkName>Orange (647 00)</NetworkName>
        <Editable>yes</Editable>
        <Index>4</Index>
        <BookmarkName>Sport</BookmarkName>
        <URL>http://www.orange.fr/0/accueil/Retour?SA=CHAINFSPORT</URL>
      </Bookmark>
      <Bookmark>
        <NetworkName>default</NetworkName>
        <Editable>yes</Editable>
        <Index>1</Index>
        <BookmarkName>Galaxy Shop</BookmarkName>
        <URL>https://www.samsung.com/galaxy-shop/?cid=global_owned_app_s-internet_none_none_bookmark_bookmark_202008_none</URL>
      </Bookmark>
      <Bookmark>
        <NetworkName>default</NetworkName>
        <Editable>yes</Editable>
        <BookmarkName>Galaxy Shop</BookmarkName>
        <URL>https://www.samsung.com/galaxy-shop/?cid=global_owned_app_s-internet_none_none_bookmark_bookmark_202008_none</URL>
      </Bookmark>
      <eManual>
        <URL>http://www.samsung.com/m-manual/orange</URL>
      </eManual>
    </Browser>
    <Connections>
      <NbProfileHandle>3</NbProfileHandle>
      <ProfileHandle>
        <NbNetProfile>4</NbNetProfile>
        <NetworkName>Orange F</NetworkName>
        <ProfBrowser>Orange World</ProfBrowser>
        <ProfMMS>Orange MMS</ProfMMS>
        <ProfIntSharing>Orange World</ProfIntSharing>
        <ProfIMS>Orange F IMS</ProfIMS>
        <ProfXCAP>Orange World</ProfXCAP>
        <ProfEpdgXCAP>Orange F VoWiFi</ProfEpdgXCAP>
        <ProfEpdgMMS>Orange F VoWiFi</ProfEpdgMMS>
      </ProfileHandle>
      <ProfileHandle>
        <NbNetProfile>2</NbNetProfile>
        <NetworkName>Orange (340 01)</NetworkName>
        <ProfBrowser>Orange World Caraïbe</ProfBrowser>
        <ProfMMS>Orange MMS Caraïbe</ProfMMS>
      </ProfileHandle>
      <ProfileHandle>
        <NbNetProfile>4</NbNetProfile>
        <NetworkName>Orange (647 00)</NetworkName>
        <ProfBrowser>Orange World re</ProfBrowser>
        <ProfMMS>Orange MMS Réunion</ProfMMS>
        <ProfIMS>IMS</ProfIMS>
        <ProfXCAP>HOS</ProfXCAP>
      </ProfileHandle>
      <NbProfile>11</NbProfile>
      <Profile>
        <NetworkName>Orange F</NetworkName>
        <IpVersion>ipv6</IpVersion>
        <Editable>no</Editable>
        <ProfileName>Orange World</ProfileName>
        <URL>http://www.orange.fr/</URL>
        <Auth>normal</Auth>
        <Bearer>ps</Bearer>
        <Protocol>http</Protocol>
        <Proxy>
          <EnableFlag>off</EnableFlag>
        </Proxy>
        <PSparam>
          <APN>orange</APN>
          <UserId>orange</UserId>
          <Password>orange</Password>
        </PSparam>
      </Profile>
      <Profile>
        <NetworkName>Orange F</NetworkName>
        <IpVersion>ipv6</IpVersion>
        <Editable>no</Editable>
        <ProfileName>Orange MMS</ProfileName>
        <URL>http://mms.orange.fr/</URL>
        <Auth>normal</Auth>
        <Bearer>ps</Bearer>
        <Protocol>http</Protocol>
        <Proxy>
          <EnableFlag>off</EnableFlag>
        </Proxy>
        <PSparam>
          <APN>orange</APN>
          <UserId>orange</UserId>
          <Password>orange</Password>
        </PSparam>
      </Profile>
      <Profile>
        <NetworkName>Orange F</NetworkName>
        <Editable>no</Editable>
        <ProfileName>Orange entreprises</ProfileName>
        <URL>http://www.orange.fr/</URL>
        <Auth>normal</Auth>
        <Bearer>ps</Bearer>
        <Protocol>http</Protocol>
        <Proxy>
          <EnableFlag>on</EnableFlag>
          <ServAddr>172.016.002.008</ServAddr>
          <Port>8000</Port>
        </Proxy>
        <PSparam>
          <APN>orange-mib</APN>
          <UserId>orange</UserId>
          <Password>orange</Password>
        </PSparam>
      </Profile>
      <Profile>
        <NetworkName>Orange F</NetworkName>
        <IpVersion>ipv4v6</IpVersion>
        <Editable>no</Editable>
        <HiddenStatus>hidden</HiddenStatus>
        <ProfileName>Orange F IMS</ProfileName>
        <Auth>normal</Auth>
        <Protocol>http</Protocol>
        <PSparam>
          <APN>ims</APN>
        </PSparam>
      </Profile>
      <Profile>
        <NetworkName>Orange F</NetworkName>
        <IpVersion>ipv4v6</IpVersion>
        <Editable>no</Editable>
        <HiddenStatus>hidden</HiddenStatus>
        <ProfileName>Orange F VoWiFi</ProfileName>
        <URL>http://mms.orange.fr/</URL>
        <Auth>normal</Auth>
        <Bearer>iwlan</Bearer>
        <Protocol>http</Protocol>
        <Proxy>
          <EnableFlag>on</EnableFlag>
          <ServAddr>192.168.10.200</ServAddr>
          <Port>8080</Port>
        </Proxy>
        <PSparam>
          <APN>vowifiorange</APN>
        </PSparam>
      </Profile>
      <Profile>
        <NetworkName>Orange (340 01)</NetworkName>
        <Editable>no</Editable>
        <ProfileName>Orange World Caraïbe</ProfileName>
        <URL>http://3g.orangecaraibe.com</URL>
        <Auth>normal</Auth>
        <Bearer>psfirst</Bearer>
        <Protocol>http</Protocol>
        <PSparam>
          <APN>orangeweb</APN>
          <UserId>orange</UserId>
          <Password>orange</Password>
        </PSparam>
      </Profile>
      <Profile>
        <NetworkName>Orange (340 01)</NetworkName>
        <Editable>no</Editable>
        <ProfileName>Orange MMS Caraïbe</ProfileName>
        <URL>http://193.251.160.246/servlets/mms</URL>
        <Auth>normal</Auth>
        <Bearer>ps</Bearer>
        <Protocol>http</Protocol>
        <Proxy>
          <EnableFlag>on</EnableFlag>
          <ServAddr>10.0.0.10</ServAddr>
          <Port>8082</Port>
        </Proxy>
        <PSparam>
          <APN>orangewap</APN>
          <UserId>orange</UserId>
          <Password>orange</Password>
        </PSparam>
      </Profile>
      <Profile>
        <NetworkName>Orange (647 00)</NetworkName>
        <Editable>no</Editable>
        <ProfileName>Orange World re</ProfileName>
        <URL>http://wap.orange.re</URL>
        <Auth>normal</Auth>
        <Bearer>ps</Bearer>
        <Protocol>http</Protocol>
        <PSparam>
          <APN>orangerun</APN>
          <UserId>orange</UserId>
          <Password>orange</Password>
        </PSparam>
      </Profile>
      <Profile>
        <NetworkName>Orange (647 00)</NetworkName>
        <Editable>no</Editable>
        <ProfileName>Orange MMS Réunion</ProfileName>
        <URL>http://mms.orange.re/</URL>
        <Auth>normal</Auth>
        <Bearer>ps</Bearer>
        <Protocol>http</Protocol>
        <Proxy>
          <EnableFlag>on</EnableFlag>
          <ServAddr>192.168.10.200</ServAddr>
          <Port>8080</Port>
        </Proxy>
        <PSparam>
          <APN>orangerun.acte</APN>
          <UserId>orange</UserId>
          <Password>orange</Password>
        </PSparam>
      </Profile>
      <Profile>
        <NetworkName>Orange (647 00)</NetworkName>
        <IpVersion>ipv4v6</IpVersion>
        <Editable>no</Editable>
        <HiddenStatus>hidden</HiddenStatus>
        <ProfileName>IMS</ProfileName>
        <Auth>normal</Auth>
        <Protocol>http</Protocol>
        <PSparam>
          <APN>ims</APN>
        </PSparam>
      </Profile>
      <Profile>
        <NetworkName>Orange (647 00)</NetworkName>
        <IpVersion>ipv4v6</IpVersion>
        <Editable>no</Editable>
        <HiddenStatus>hidden</HiddenStatus>
        <ProfileName>HOS</ProfileName>
        <Auth>normal</Auth>
        <Protocol>http</Protocol>
        <PSparam>
          <APN>orangeut</APN>
        </PSparam>
      </Profile>
    </Connections>
    <IMSSetting>
      <NbSetting>2</NbSetting>
      <Setting>
        <NetworkName>Orange F</NetworkName>
        <Version>3.0</Version>
        <EnableIMS>true</EnableIMS>
        <VoLTE>
          <EnableVoLTE>true</EnableVoLTE>
          <EnableVoiceoverWIFI>true</EnableVoiceoverWIFI>
          <EnableVideocall>false</EnableVideocall>
          <EnableVoLTEindicator>false</EnableVoLTEindicator>
          <Voice_Domain_Preference_EUTRAN>imspsvoicepreferred</Voice_Domain_Preference_EUTRAN>
          <Emregencycall_Domain>ps</Emregencycall_Domain>
          <SRVCCversion>10</SRVCCversion>
          <SS_Domain_Preference>ps_only_psregied</SS_Domain_Preference>
          <SS_PS_Control_Preference>xcap</SS_PS_Control_Preference>
          <SS_CSFBwithIMSerror>false</SS_CSFBwithIMSerror>
          <USSD_Domain_Preference>cs</USSD_Domain_Preference>
          <EnableSMSoverIP>true</EnableSMSoverIP>
        </VoLTE>
        <RCS>
          <EnableRCS>false</EnableRCS>
        </RCS>
      </Setting>
      <Setting>
        <NetworkName>Orange (647 00)</NetworkName>
        <Version>3.0</Version>
        <EnableIMS>true</EnableIMS>
        <VoLTE>
          <EnableVoLTE>true</EnableVoLTE>
          <EnableVoiceoverWIFI>true</EnableVoiceoverWIFI>
          <EnableVideocall>false</EnableVideocall>
          <EnableVoLTEindicator>false</EnableVoLTEindicator>
          <Voice_Domain_Preference_EUTRAN>imspsvoicepreferred</Voice_Domain_Preference_EUTRAN>
          <Emregencycall_Domain>ps</Emregencycall_Domain>
          <SRVCCversion>10</SRVCCversion>
          <SS_Domain_Preference>ps_only_psregied</SS_Domain_Preference>
          <SS_PS_Control_Preference>xcap</SS_PS_Control_Preference>
          <SS_CSFBwithIMSerror>false</SS_CSFBwithIMSerror>
          <USSD_Domain_Preference>cs</USSD_Domain_Preference>
          <EnableSMSoverIP>true</EnableSMSoverIP>
        </VoLTE>
      </Setting>
    </IMSSetting>
  </Settings>
</CustomerData>