<?xml version="1.0" encoding="UTF-8"?>
<CustomerData>
  <GeneralInfo>
    <CSCEdition>ED0002</CSCEdition>
    <Country>Sweden</Country>
    <CountryISO>SE</CountryISO>
    <Region>EUR</Region>
    <SalesCode>HTS</SalesCode>
    <NbNetworkInfo>1</NbNetworkInfo>
    <NetworkInfo>
      <MCCMNC>24002</MCCMNC>
      <NetworkName>3 SE</NetworkName>
      <NWID>NW00018</NWID>
    </NetworkInfo>
  </GeneralInfo>
  <Settings>
    <Main>
      <Security>
        <OneSIMLock>none</OneSIMLock>
        <SeparateLock>none</SeparateLock>
      </Security>
      <Network>
        <NbFastDormancy>4</NbFastDormancy>
        <FastDormancy>
          <NetworkName>3 SE</NetworkName>
          <FastDormancyEnableStatus>off</FastDormancyEnableStatus>
          <LCDStatus>on</LCDStatus>
        </FastDormancy>
        <FastDormancy>
          <NetworkName>3 SE</NetworkName>
          <FastDormancyEnableStatus>off</FastDormancyEnableStatus>
          <LCDStatus>off</LCDStatus>
        </FastDormancy>
        <FastDormancy>
          <NetworkName>3 SE</NetworkName>
          <FastDormancyEnableStatus>off</FastDormancyEnableStatus>
          <LCDStatus>on</LCDStatus>
          <Version>rel8</Version>
        </FastDormancy>
        <FastDormancy>
          <NetworkName>3 SE</NetworkName>
          <FastDormancyEnableStatus>on</FastDormancyEnableStatus>
          <TimeoutValue>8</TimeoutValue>
          <LCDStatus>off</LCDStatus>
          <Version>rel8</Version>
        </FastDormancy>
        <NbWbAmr>1</NbWbAmr>
        <WbAmr>
          <NetworkName>3 SE</NetworkName>
          <WbAmrCodec>on</WbAmrCodec>
        </WbAmr>
        <NbSOSNumber>2</NbSOSNumber>
        <SOSNumber>112</SOSNumber>
        <SOSNumber>911</SOSNumber>
        <NbSOSNumberNoSIM>8</NbSOSNumberNoSIM>
        <SOSNumberNoSIM>112</SOSNumberNoSIM>
        <SOSNumberNoSIM>911</SOSNumberNoSIM>
        <SOSNumberNoSIM>000</SOSNumberNoSIM>
        <SOSNumberNoSIM>08</SOSNumberNoSIM>
        <SOSNumberNoSIM>110</SOSNumberNoSIM>
        <SOSNumberNoSIM>999</SOSNumberNoSIM>
        <SOSNumberNoSIM>118</SOSNumberNoSIM>
        <SOSNumberNoSIM>119</SOSNumberNoSIM>
      </Network>
      <Phone>
        <DefLanguage>sv_SE</DefLanguage>
        <DefLanguageNoSIM>sv_SE</DefLanguageNoSIM>
        <DateTimeFormat>
          <DateFormat>ddmmyyyy</DateFormat>
          <TimeFormat>24h</TimeFormat>
        </DateTimeFormat>
      </Phone>
    </Main>
    <Messages>
      <NbVoicemail>1</NbVoicemail>
      <Voicemail>
        <NetworkName>3 SE</NetworkName>
        <TelNum>+46735333333</TelNum>
      </Voicemail>
      <SMS>
        <DeliveryReport>off</DeliveryReport>
        <MsgTypeThreshold>
          <ThresholdValue>10</ThresholdValue>
          <ThresholdType>pagecount</ThresholdType>
        </MsgTypeThreshold>
        <MaxRecipient>50</MaxRecipient>
        <CharSupport>gsmalpha</CharSupport>
        <PreviewMessage>on</PreviewMessage>
      </SMS>
      <MMS>
        <MmsSending>
          <MessageSize>1.5m</MessageSize>
          <CreationMode>free</CreationMode>
          <MaxRecipientMMS>30</MaxRecipientMMS>
        </MmsSending>
        <MmsReceiving>
          <Home>auto</Home>
          <Roaming>manual</Roaming>
        </MmsReceiving>
      </MMS>
    </Messages>
    <Browser>
      <NbBookmark>2</NbBookmark>
      <Bookmark>
        <NetworkName>default</NetworkName>
        <Index>1</Index>
        <BookmarkName>Tre.se</BookmarkName>
        <URL>https://www.tre.se/valkommen</URL>
      </Bookmark>
      <Bookmark>
        <NetworkName>default</NetworkName>
        <Index>2</Index>
        <BookmarkName>Google</BookmarkName>
        <URL>http://www.google.se/m?client={CID}&amp;source=android-home</URL>
      </Bookmark>
      <eManual>
        <URL>http://www.samsung.com/m-manual/common</URL>
      </eManual>
    </Browser>
    <Connections>
      <NbProfileHandle>1</NbProfileHandle>
      <ProfileHandle>
        <NbNetProfile>4</NbNetProfile>
        <NetworkName>3 SE</NetworkName>
        <ProfBrowser>3</ProfBrowser>
        <ProfMMS>3mms</ProfMMS>
        <ProfIMS>ims</ProfIMS>
        <ProfXCAP>3</ProfXCAP>
        <ProfEpdgXCAP>services</ProfEpdgXCAP>
        <ProfEpdgMMS>services</ProfEpdgMMS>
      </ProfileHandle>
      <NbProfile>4</NbProfile>
      <Profile>
        <NetworkName>3 SE</NetworkName>
        <IpVersion>ipv4v6</IpVersion>
        <RoamingIpVersion>ipv4v6</RoamingIpVersion>
        <Editable>no</Editable>
        <ProfileName>3</ProfileName>
        <URL>https://www.tre.se/valkommen</URL>
        <Auth>normal</Auth>
        <Protocol>http</Protocol>
        <MTUSize>1440</MTUSize>
        <PSparam>
          <APN>data.tre.se</APN>
        </PSparam>
      </Profile>
      <Profile>
        <NetworkName>3 SE</NetworkName>
        <IpVersion>ipv4v6</IpVersion>
        <RoamingIpVersion>ipv4v6</RoamingIpVersion>
        <Editable>no</Editable>
        <ProfileName>3mms</ProfileName>
        <URL>http://mms.tre.se</URL>
        <Auth>normal</Auth>
        <Protocol>http</Protocol>
        <MTUSize>1440</MTUSize>
        <Proxy>
          <EnableFlag>on</EnableFlag>
          <ServAddr>mmsproxy.tre.se</ServAddr>
          <Port>8799</Port>
        </Proxy>
        <PSparam>
          <APN>data.tre.se</APN>
        </PSparam>
      </Profile>
      <Profile>
        <NetworkName>3 SE</NetworkName>
        <IpVersion>ipv4v6</IpVersion>
        <Editable>no</Editable>
        <HiddenStatus>hidden</HiddenStatus>
        <ProfileName>ims</ProfileName>
        <Auth>none</Auth>
        <Protocol>http</Protocol>
        <MTUSize>1300</MTUSize>
        <PSparam>
          <APN>ims</APN>
        </PSparam>
      </Profile>
      <Profile>
        <NetworkName>3 SE</NetworkName>
        <IpVersion>ipv4v6</IpVersion>
        <RoamingIpVersion>ipv4v6</RoamingIpVersion>
        <Editable>no</Editable>
        <HiddenStatus>hidden</HiddenStatus>
        <ProfileName>services</ProfileName>
        <URL>http://mms.tre.se</URL>
        <Auth>normal</Auth>
        <Bearer>iwlan</Bearer>
        <Protocol>http</Protocol>
        <MTUSize>1440</MTUSize>
        <Proxy>
          <EnableFlag>on</EnableFlag>
          <ServAddr>mmsproxy.tre.se</ServAddr>
          <Port>8799</Port>
        </Proxy>
        <PSparam>
          <APN>services</APN>
        </PSparam>
      </Profile>
    </Connections>
  </Settings>
</CustomerData>