<?xml version="1.0" encoding="UTF-8"?>
<SamsungMobileFeature>
  <NetworkVersion>ED00006</NetworkVersion>
  <NetworkCountry>IRELAND</NetworkCountry>
  <NetworkCountryISO>IE</NetworkCountryISO>
  <NetworkCode>3IE</NetworkCode>
  <FeatureSet>
    <CscFeature_Message_DisableSmscEditable>TRUE</CscFeature_Message_DisableSmscEditable>
    <CscFeature_RIL_ConfigGlobalModuleType>LTE</CscFeature_RIL_ConfigGlobalModuleType>
    <CscFeature_RIL_ConfigNetworkTypeCapability>EUR-EUR-GSM-EUR</CscFeature_RIL_ConfigNetworkTypeCapability>
    <CscFeature_RIL_ConfigWbamr>2G</CscFeature_RIL_ConfigWbamr>
    <CscFeature_RIL_DataPrefDataTechSnapShot>TRUE</CscFeature_RIL_DataPrefDataTechSnapShot>
    <CscFeature_RIL_DisableEditingVMNumber>TRUE</CscFeature_RIL_DisableEditingVMNumber>
    <CscFeature_RIL_DisplayPlmnnameSimload>TRUE</CscFeature_RIL_DisplayPlmnnameSimload>
    <CscFeature_RIL_GcfSor>TRUE</CscFeature_RIL_GcfSor>
    <CscFeature_RIL_ReferEonsWithoutLac>TRUE</CscFeature_RIL_ReferEonsWithoutLac>
    <CscFeature_RIL_SetNetworkTypeWhenRadioOff>TRUE</CscFeature_RIL_SetNetworkTypeWhenRadioOff>
    <CscFeature_RIL_SignalstrengthPolicy>0</CscFeature_RIL_SignalstrengthPolicy>
    <CscFeature_RIL_SupportImsClirOverriding>TRUE</CscFeature_RIL_SupportImsClirOverriding>
    <CscFeature_RIL_SupportRegistrationLocationInfo>TRUE</CscFeature_RIL_SupportRegistrationLocationInfo>
    <CscFeature_RIL_WbamrDefaultOn>TRUE</CscFeature_RIL_WbamrDefaultOn>
    <CscFeature_Setting_CustNetworkSelMenu4>NUMERIC</CscFeature_Setting_CustNetworkSelMenu4>
    <CscFeature_Setting_DataRoamingOption>national</CscFeature_Setting_DataRoamingOption>
    <CscFeature_Setting_DisableNetworkMode>gsmonly</CscFeature_Setting_DisableNetworkMode>
    <CscFeature_VoiceCall_ConfigOpStyleForEmergencyDialCall>NoWaitInSvcE911</CscFeature_VoiceCall_ConfigOpStyleForEmergencyDialCall>
  </FeatureSet>
</SamsungMobileFeature>
