<?xml version="1.0" encoding="UTF-8"?>
<SamsungMobileFeature>
  <Version>ED00001</Version>
  <Country>FRANCE</Country>
  <CountryISO>FR</CountryISO>
  <SalesCode>BOG</SalesCode>
  <FeatureSet>
    <CscFeature_Audio_SupportSafeMediaVolumeDialog>TRUE</CscFeature_Audio_SupportSafeMediaVolumeDialog>
    <CscFeature_Common_ConfigSvcProviderForUnknownNumber>whitepages,whitepages,whitepages</CscFeature_Common_ConfigSvcProviderForUnknownNumber>
    <CscFeature_Contact_SupportDuoVideoCall>TRUE</CscFeature_Contact_SupportDuoVideoCall>
    <CscFeature_GMS_SetClientIDBaseCr>android-samsung-ss</CscFeature_GMS_SetClientIDBaseCr>
    <CscFeature_GMS_SetClientIDBaseMs>android-bouygues-fr-revc</CscFeature_GMS_SetClientIDBaseMs>
    <CscFeature_GMS_SupportSTSTool>FALSE</CscFeature_GMS_SupportSTSTool>
    <CscFeature_Graphics_DisableGameToolsPublicWIFI>TRUE</CscFeature_Graphics_DisableGameToolsPublicWIFI>
    <CscFeature_Launcher_DefaultPageNumber>0</CscFeature_Launcher_DefaultPageNumber>
    <CscFeature_NFC_ConfigSecurityPromptPopup>all</CscFeature_NFC_ConfigSecurityPromptPopup>
    <CscFeature_NFC_DefStatus>ON</CscFeature_NFC_DefStatus>
    <CscFeature_RIL_ConfigSpecialPdpFlag>im_cn</CscFeature_RIL_ConfigSpecialPdpFlag>
    <CscFeature_RIL_DisplayAntennaLimited>TRUE</CscFeature_RIL_DisplayAntennaLimited>
    <CscFeature_RIL_SupportEsim>TRUE</CscFeature_RIL_SupportEsim>
    <CscFeature_SetupWizard_DisablePrivacyPolicyAgreement>TRUE</CscFeature_SetupWizard_DisablePrivacyPolicyAgreement>
    <CscFeature_SystemUI_ConfigOpBranding5GIcon>5GAvailable,UseOneShapedIcon</CscFeature_SystemUI_ConfigOpBranding5GIcon>
    <CscFeature_VT_ConfigBearer>-CSVT</CscFeature_VT_ConfigBearer>
    <CscFeature_VoiceCall_ConfigOpStyleForHdIcon>BOG_HD</CscFeature_VoiceCall_ConfigOpStyleForHdIcon>
    <CscFeature_Weather_ConfigCpType>TWC</CscFeature_Weather_ConfigCpType>
    
    <!-- Additions -->
    <CscFeature_Camera_ShutterSoundMenu>TRUE</CscFeature_Camera_ShutterSoundMenu>
    <CscFeature_Setting_EnableMenuBlockCallMsg>TRUE</CscFeature_Setting_EnableMenuBlockCallMsg>
    <CscFeature_SystemUI_SupportRecentAppProtection>TRUE</CscFeature_SystemUI_SupportRecentAppProtection>
    <CscFeature_VoiceCall_ConfigRecording>RecordingAllowed</CscFeature_VoiceCall_ConfigRecording>
    <CscFeature_Message_SupportAntiPhishing>TRUE</CscFeature_Message_SupportAntiPhishing>
    <CscFeature_Message_DisableSpam>TRUE</CscFeature_Message_DisableSpam>
    <CscFeature_Music_SupportPlaybackDuringCall>TRUE</CscFeature_Music_SupportPlaybackDuringCall>
    <CscFeature_Video_SupportPlayDuringCall>TRUE</CscFeature_Video_SupportPlayDuringCall>
    <CscFeature_Camera_EnableCameraDuringCall>TRUE</CscFeature_Camera_EnableCameraDuringCall>
  </FeatureSet>
</SamsungMobileFeature>
