<?xml version="1.0" encoding="UTF-8"?>
<CustomerData>
  <GeneralInfo>
    <CSCEdition>ED0001</CSCEdition>
    <Country>France</Country>
    <CountryISO>FR</CountryISO>
    <Region>EUR</Region>
    <SalesCode>BOG</SalesCode>
    <NbNetworkInfo>2</NbNetworkInfo>
    <NetworkInfo>
      <MCCMNC>20820</MCCMNC>
      <NetworkName>BOUYGTEL</NetworkName>
      <NWID>NW00227</NWID>
    </NetworkInfo>
    <NetworkInfo>
      <MCCMNC>34020</MCCMNC>
      <NetworkName>Digicel</NetworkName>
      <NWID>NW00359</NWID>
    </NetworkInfo>
  </GeneralInfo>
  <Settings>
    <Main>
      <Security>
        <OneSIMLock>none</OneSIMLock>
        <SeparateLock>none</SeparateLock>
      </Security>
      <Network>
        <NbWbAmr>1</NbWbAmr>
        <WbAmr>
          <NetworkName>default</NetworkName>
          <WbAmrCodec>on</WbAmrCodec>
        </WbAmr>
        <NbSOSNumber>2</NbSOSNumber>
        <SOSNumber>112</SOSNumber>
        <SOSNumber>911</SOSNumber>
        <AutoProfile>on</AutoProfile>
        <AutoVoicemail>off</AutoVoicemail>
        <AutoEmailAccount>off</AutoEmailAccount>
        <AutoBookmark>off</AutoBookmark>
        <AutoLink>off</AutoLink>
        <AutoSyncML>off</AutoSyncML>
        <AutoFastDormancy>off</AutoFastDormancy>
        <AutoWbAmr>off</AutoWbAmr>
        <AutoFOTA>off</AutoFOTA>
      </Network>
      <Sound>
        <ExtraSound>
          <ConnectTone>on</ConnectTone>
        </ExtraSound>
      </Sound>
      <Phone>
        <DefLanguage>fr_FR</DefLanguage>
        <DefLanguageNoSIM>fr_FR</DefLanguageNoSIM>
        <T9Enabling>enable</T9Enabling>
        <T9Language>french</T9Language>
        <DateTimeFormat>
          <TimeFormat>24h</TimeFormat>
        </DateTimeFormat>
      </Phone>
    </Main>
    <Contact>
      <ContactSort>firstname</ContactSort>
    </Contact>
    <Messages>
      <SMS>
        <DeliveryReport>off</DeliveryReport>
        <MsgTypeThreshold>
          <ThresholdValue>10</ThresholdValue>
          <ThresholdType>pagecount</ThresholdType>
        </MsgTypeThreshold>
        <CharSupport>gsmalpha</CharSupport>
      </SMS>
      <MMS>
        <MmsSending>
          <ReqDeliveryRep>off</ReqDeliveryRep>
          <ReqReadRep>off</ReqReadRep>
          <MessageSize>600</MessageSize>
          <CreationMode>free</CreationMode>
        </MmsSending>
        <MmsReceiving>
          <Home>auto</Home>
          <Roaming>manual</Roaming>
        </MmsReceiving>
      </MMS>
      <Email>
        <NbAccount>20</NbAccount>
        <Account>
          <NetworkName>default</NetworkName>
          <AccountName>aliceadsl.fr</AccountName>
          <EmailAddr>@aliceadsl.fr</EmailAddr>
          <LoginType>domain_type</LoginType>
          <Incoming>
            <MailboxType>pop3</MailboxType>
            <ServAddr>pop.aliceadsl.fr</ServAddr>
            <Port>110</Port>
            <Secure>off</Secure>
          </Incoming>
          <Outgoing>
            <ServAddr>smtp.aliceadsl.fr</ServAddr>
            <Port>25</Port>
            <SmtpAuth>off</SmtpAuth>
            <Secure>off</Secure>
          </Outgoing>
        </Account>
        <Account>
          <NetworkName>default</NetworkName>
          <AccountName>aol.com</AccountName>
          <EmailAddr>@aol.com</EmailAddr>
          <LoginType>domain_type</LoginType>
          <Incoming>
            <MailboxType>imap4</MailboxType>
            <ServAddr>imap.fr.aol.com</ServAddr>
            <Port>143</Port>
            <Secure>off</Secure>
          </Incoming>
          <Outgoing>
            <ServAddr>smtp.fr.aol.com</ServAddr>
            <Port>465</Port>
            <SmtpAuth>on</SmtpAuth>
            <Secure>ssl</Secure>
          </Outgoing>
        </Account>
        <Account>
          <NetworkName>default</NetworkName>
          <AccountName>bbox.fr</AccountName>
          <EmailAddr>@bbox.fr</EmailAddr>
          <LoginType>domain_type</LoginType>
          <Incoming>
            <MailboxType>pop3</MailboxType>
            <ServAddr>pop3.bbox.fr</ServAddr>
            <Port>995</Port>
            <Secure>ssl</Secure>
          </Incoming>
          <Outgoing>
            <ServAddr>smtp.bbox.fr</ServAddr>
            <Port>587</Port>
            <SmtpAuth>on</SmtpAuth>
            <Secure>ssl</Secure>
          </Outgoing>
        </Account>
        <Account>
          <NetworkName>default</NetworkName>
          <AccountName>club-internet.fr</AccountName>
          <EmailAddr>@club-internet.fr</EmailAddr>
          <LoginType>domain_type</LoginType>
          <Incoming>
            <MailboxType>pop3</MailboxType>
            <ServAddr>pop3.club-internet.fr</ServAddr>
            <Port>995</Port>
            <Secure>ssl</Secure>
          </Incoming>
          <Outgoing>
            <ServAddr>smtp.sfr.fr</ServAddr>
            <Port>465</Port>
            <SmtpAuth>on</SmtpAuth>
            <Secure>ssl</Secure>
          </Outgoing>
        </Account>
        <Account>
          <NetworkName>default</NetworkName>
          <AccountName>dbmail.com</AccountName>
          <EmailAddr>@dbmail.com</EmailAddr>
          <LoginType>domain_type</LoginType>
          <Incoming>
            <MailboxType>pop3</MailboxType>
            <ServAddr>pop3.live.com</ServAddr>
            <Port>995</Port>
            <Secure>ssl</Secure>
          </Incoming>
          <Outgoing>
            <ServAddr>smtp.live.com</ServAddr>
            <Port>587</Port>
            <SmtpAuth>on</SmtpAuth>
            <Secure>ssl</Secure>
          </Outgoing>
        </Account>
        <Account>
          <NetworkName>default</NetworkName>
          <AccountName>free.fr</AccountName>
          <EmailAddr>@free.fr</EmailAddr>
          <LoginType>domain_type</LoginType>
          <Incoming>
            <MailboxType>pop3</MailboxType>
            <ServAddr>pop.free.fr</ServAddr>
            <Port>110</Port>
            <Secure>off</Secure>
          </Incoming>
          <Outgoing>
            <ServAddr>smtp.free.fr</ServAddr>
            <Port>25</Port>
            <SmtpAuth>off</SmtpAuth>
            <Secure>off</Secure>
          </Outgoing>
        </Account>
        <Account>
          <NetworkName>default</NetworkName>
          <AccountName>laposte.net</AccountName>
          <EmailAddr>@laposte.net</EmailAddr>
          <LoginType>domain_type</LoginType>
          <Incoming>
            <MailboxType>imap4</MailboxType>
            <ServAddr>imap.laposte.net</ServAddr>
            <Port>993</Port>
            <Secure>ssl</Secure>
          </Incoming>
          <Outgoing>
            <ServAddr>smtp.laposte.net</ServAddr>
            <Port>465</Port>
            <SmtpAuth>on</SmtpAuth>
            <Secure>ssl</Secure>
          </Outgoing>
        </Account>
        <Account>
          <NetworkName>default</NetworkName>
          <AccountName>live.fr</AccountName>
          <EmailAddr>@live.fr</EmailAddr>
          <LoginType>domain_type</LoginType>
          <Incoming>
            <MailboxType>imap4</MailboxType>
            <ServAddr>imap-mail.outlook.com</ServAddr>
            <Port>993</Port>
            <Secure>ssl</Secure>
          </Incoming>
          <Outgoing>
            <ServAddr>smtp-mail.outlook.com</ServAddr>
            <Port>587</Port>
            <SmtpAuth>off</SmtpAuth>
            <Secure>off</Secure>
          </Outgoing>
        </Account>
        <Account>
          <NetworkName>default</NetworkName>
          <AccountName>neuf.fr</AccountName>
          <EmailAddr>@neuf.fr</EmailAddr>
          <LoginType>domain_type</LoginType>
          <Incoming>
            <MailboxType>pop3</MailboxType>
            <ServAddr>pop.neuf.fr</ServAddr>
            <Port>995</Port>
            <Secure>ssl</Secure>
          </Incoming>
          <Outgoing>
            <ServAddr>smtp.sfr.fr</ServAddr>
            <Port>465</Port>
            <SmtpAuth>on</SmtpAuth>
            <Secure>ssl</Secure>
          </Outgoing>
        </Account>
        <Account>
          <NetworkName>default</NetworkName>
          <AccountName>noos.fr</AccountName>
          <EmailAddr>@noos.fr</EmailAddr>
          <LoginType>domain_type</LoginType>
          <Incoming>
            <MailboxType>pop3</MailboxType>
            <ServAddr>pop.noos.fr</ServAddr>
            <Port>110</Port>
            <Secure>off</Secure>
          </Incoming>
          <Outgoing>
            <ServAddr>smtp.numericable.fr</ServAddr>
            <Port>587</Port>
            <SmtpAuth>on</SmtpAuth>
            <Secure>ssl</Secure>
          </Outgoing>
        </Account>
        <Account>
          <NetworkName>default</NetworkName>
          <AccountName>numericable.fr</AccountName>
          <EmailAddr>@numericable.fr</EmailAddr>
          <LoginType>domain_type</LoginType>
          <Incoming>
            <MailboxType>pop3</MailboxType>
            <ServAddr>pop.numericable.fr</ServAddr>
            <Port>110</Port>
            <Secure>off</Secure>
          </Incoming>
          <Outgoing>
            <ServAddr>smtp.numericable.fr</ServAddr>
            <Port>587</Port>
            <SmtpAuth>on</SmtpAuth>
            <Secure>ssl</Secure>
          </Outgoing>
        </Account>
        <Account>
          <NetworkName>default</NetworkName>
          <AccountName>orange.fr</AccountName>
          <EmailAddr>@orange.fr</EmailAddr>
          <LoginType>domain_type</LoginType>
          <Incoming>
            <MailboxType>pop3</MailboxType>
            <ServAddr>pop.orange.fr</ServAddr>
            <Port>995</Port>
            <Secure>ssl</Secure>
          </Incoming>
          <Outgoing>
            <ServAddr>smtp.orange.fr</ServAddr>
            <Port>465</Port>
            <SmtpAuth>on</SmtpAuth>
            <Secure>ssl</Secure>
          </Outgoing>
        </Account>
        <Account>
          <NetworkName>default</NetworkName>
          <AccountName>outlook.fr</AccountName>
          <EmailAddr>@outlook.fr</EmailAddr>
          <LoginType>domain_type</LoginType>
          <Incoming>
            <MailboxType>imap4</MailboxType>
            <ServAddr>imap-mail.outlook.com</ServAddr>
            <Port>993</Port>
            <Secure>ssl</Secure>
          </Incoming>
          <Outgoing>
            <ServAddr>smtp-mail.outlook.com</ServAddr>
            <Port>587</Port>
            <SmtpAuth>on</SmtpAuth>
            <Secure>ssl</Secure>
          </Outgoing>
        </Account>
        <Account>
          <NetworkName>default</NetworkName>
          <AccountName>sfr.fr</AccountName>
          <EmailAddr>@sfr.fr</EmailAddr>
          <LoginType>domain_type</LoginType>
          <Incoming>
            <MailboxType>pop3</MailboxType>
            <ServAddr>pop.sfr.fr</ServAddr>
            <Port>995</Port>
            <Secure>ssl</Secure>
          </Incoming>
          <Outgoing>
            <ServAddr>smtp.sfr.fr</ServAddr>
            <Port>465</Port>
            <SmtpAuth>on</SmtpAuth>
            <Secure>ssl</Secure>
          </Outgoing>
        </Account>
        <Account>
          <NetworkName>default</NetworkName>
          <AccountName>tiscali.fr</AccountName>
          <EmailAddr>@tiscali.fr</EmailAddr>
          <LoginType>domain_type</LoginType>
          <Incoming>
            <MailboxType>pop3</MailboxType>
            <ServAddr>pop.tiscali.fr</ServAddr>
            <Port>110</Port>
            <Secure>off</Secure>
          </Incoming>
          <Outgoing>
            <ServAddr>smtp.tiscali.fr</ServAddr>
            <Port>25</Port>
            <SmtpAuth>off</SmtpAuth>
            <Secure>off</Secure>
          </Outgoing>
        </Account>
        <Account>
          <NetworkName>default</NetworkName>
          <AccountName>wanadoo.fr</AccountName>
          <EmailAddr>@wanadoo.fr</EmailAddr>
          <LoginType>domain_type</LoginType>
          <Incoming>
            <MailboxType>imap4</MailboxType>
            <ServAddr>imap.wanadoo.fr</ServAddr>
            <Port>993</Port>
            <Secure>ssl</Secure>
          </Incoming>
          <Outgoing>
            <ServAddr>smtp.orange.fr</ServAddr>
            <Port>465</Port>
            <SmtpAuth>on</SmtpAuth>
            <Secure>ssl</Secure>
          </Outgoing>
        </Account>
        <Account>
          <NetworkName>default</NetworkName>
          <AccountName>yahoo.fr</AccountName>
          <EmailAddr>@yahoo.fr</EmailAddr>
          <LoginType>domain_type</LoginType>
          <Incoming>
            <MailboxType>imap4</MailboxType>
            <ServAddr>imap.mail.yahoo.com</ServAddr>
            <Port>993</Port>
            <Secure>ssl</Secure>
          </Incoming>
          <Outgoing>
            <ServAddr>smtp.mail.yahoo.com</ServAddr>
            <Port>465</Port>
            <SmtpAuth>on</SmtpAuth>
            <Secure>ssl</Secure>
          </Outgoing>
        </Account>
        <Account>
          <NetworkName>default</NetworkName>
          <AccountName>hotmail.fr</AccountName>
          <EmailAddr>@hotmail.fr</EmailAddr>
          <LoginType>domain_type</LoginType>
          <Incoming>
            <MailboxType>pop3</MailboxType>
            <ServAddr>pop3.live.com</ServAddr>
            <Port>995</Port>
            <Secure>ssl+trustallcerts</Secure>
          </Incoming>
          <Outgoing>
            <ServAddr>smtp.live.com</ServAddr>
            <Port>587</Port>
            <SmtpAuth>on</SmtpAuth>
            <Secure>tls</Secure>
          </Outgoing>
        </Account>
        <Account>
          <NetworkName>default</NetworkName>
          <AccountName>yahoo.com</AccountName>
          <EmailAddr>@yahoo.com</EmailAddr>
          <LoginType>domain_type</LoginType>
          <Incoming>
            <MailboxType>imap4</MailboxType>
            <ServAddr>imap.mail.yahoo.com</ServAddr>
            <Port>993</Port>
            <Secure>ssl+trustallcerts</Secure>
          </Incoming>
          <Outgoing>
            <ServAddr>smtp.mail.yahoo.com</ServAddr>
            <Port>465</Port>
            <SmtpAuth>on</SmtpAuth>
            <Secure>ssl+trustallcerts</Secure>
          </Outgoing>
        </Account>
        <Account>
          <NetworkName>default</NetworkName>
          <AccountName>hotmail.com</AccountName>
          <EmailAddr>@hotmail.com</EmailAddr>
          <LoginType>domain_type</LoginType>
          <Incoming>
            <MailboxType>pop3</MailboxType>
            <ServAddr>pop3.live.com</ServAddr>
            <Port>995</Port>
            <Secure>ssl+trustallcerts</Secure>
          </Incoming>
          <Outgoing>
            <ServAddr>smtp.live.com</ServAddr>
            <Port>587</Port>
            <SmtpAuth>on</SmtpAuth>
            <Secure>tls</Secure>
          </Outgoing>
        </Account>
      </Email>
    </Messages>
    <Multimedia>
      <Camera>
        <ShutterSound>off</ShutterSound>
      </Camera>
    </Multimedia>
    <NbFOTA>1</NbFOTA>
    <FOTA>
      <NetworkName>BOUYGTEL</NetworkName>
    </FOTA>
    <Browser>
      <NbBookmark>6</NbBookmark>
      <Bookmark>
        <NetworkName>default</NetworkName>
        <Editable>yes</Editable>
        <Index>1</Index>
        <BookmarkName>Actualités</BookmarkName>
        <URL>http://portail.bouyguestelecom.fr/actu/</URL>
      </Bookmark>
      <Bookmark>
        <NetworkName>default</NetworkName>
        <Editable>yes</Editable>
        <Index>2</Index>
        <BookmarkName>Jeux</BookmarkName>
        <URL>http://portail.bouyguestelecom.fr/jeux/</URL>
      </Bookmark>
      <Bookmark>
        <NetworkName>default</NetworkName>
        <Editable>yes</Editable>
        <Index>3</Index>
        <BookmarkName>Sonneries et fonds d'écran</BookmarkName>
        <URL>http://portail.bouyguestelecom.fr/perso/</URL>
      </Bookmark>
      <Bookmark>
        <NetworkName>default</NetworkName>
        <Editable>yes</Editable>
        <Index>4</Index>
        <BookmarkName>Programme TV</BookmarkName>
        <URL>http://portail.bouyguestelecom.fr/tv/</URL>
      </Bookmark>
      <Bookmark>
        <NetworkName>default</NetworkName>
        <Index>5</Index>
        <BookmarkName>Samsung</BookmarkName>
        <URL>http://www.samsung.com</URL>
      </Bookmark>
      <Bookmark>
        <NetworkName>default</NetworkName>
        <Editable>yes</Editable>
        <BookmarkName>Google</BookmarkName>
        <URL>http://www.google.com/m?client={CID}&amp;source=android-home</URL>
      </Bookmark>
      <eManual>
        <URL>http://www.samsung.com/m-manual/common</URL>
      </eManual>
    </Browser>
    <Connections>
      <NbProfileHandle>2</NbProfileHandle>
      <ProfileHandle>
        <NbNetProfile>3</NbNetProfile>
        <NetworkName>BOUYGTEL</NetworkName>
        <ProfBrowser>Bouygues Internet</ProfBrowser>
        <ProfMMS>Bouygues MMS</ProfMMS>
        <ProfIMS>Bouygues IMS</ProfIMS>
        <ProfXCAP>Bouygues Internet</ProfXCAP>
      </ProfileHandle>
      <ProfileHandle>
        <NbNetProfile>2</NbNetProfile>
        <NetworkName>Digicel</NetworkName>
        <ProfBrowser>Digicel FR Web</ProfBrowser>
        <ProfMMS>Digicel FR MMS</ProfMMS>
      </ProfileHandle>
      <NbProfile>5</NbProfile>
      <Profile>
        <NetworkName>BOUYGTEL</NetworkName>
        <IpVersion>ipv6</IpVersion>
        <Editable>yes</Editable>
        <ProfileName>Bouygues Internet</ProfileName>
        <URL>portail.bouyguestelecom.fr</URL>
        <Auth>normal</Auth>
        <Bearer>ps</Bearer>
        <Protocol>http</Protocol>
        <Proxy>
          <EnableFlag>off</EnableFlag>
        </Proxy>
        <PSparam>
          <APN>mmsbouygtel.com</APN>
        </PSparam>
      </Profile>
      <Profile>
        <NetworkName>BOUYGTEL</NetworkName>
        <IpVersion>ipv6</IpVersion>
        <Editable>yes</Editable>
        <ProfileName>Bouygues MMS</ProfileName>
        <URL>http://mms.bouyguestelecom.fr/mms/wapenc</URL>
        <Auth>normal</Auth>
        <Bearer>ps</Bearer>
        <Protocol>http</Protocol>
        <Proxy>
          <EnableFlag>on</EnableFlag>
        </Proxy>
        <PSparam>
          <APN>mmsbouygtel.com</APN>
        </PSparam>
      </Profile>
      <Profile>
        <NetworkName>BOUYGTEL</NetworkName>
        <IpVersion>ipv4v6</IpVersion>
        <RoamingIpVersion>ipv4v6</RoamingIpVersion>
        <Editable>no</Editable>
        <ProfileName>Bouygues IMS</ProfileName>
        <Auth>normal</Auth>
        <Bearer>ps</Bearer>
        <Protocol>http</Protocol>
        <PSparam>
          <APN>ims</APN>
        </PSparam>
      </Profile>
      <Profile>
        <NetworkName>Digicel</NetworkName>
        <Editable>yes</Editable>
        <ProfileName>Digicel FR Web</ProfileName>
        <URL>http://www.digicelive.fr</URL>
        <Auth>normal</Auth>
        <Bearer>psfirst</Bearer>
        <Protocol>http</Protocol>
        <Proxy>
          <EnableFlag>off</EnableFlag>
        </Proxy>
        <PSparam>
          <APN>web.digicelfr.com</APN>
        </PSparam>
      </Profile>
      <Profile>
        <NetworkName>Digicel</NetworkName>
        <Editable>yes</Editable>
        <ProfileName>Digicel FR MMS</ProfileName>
        <URL>http://mmc.digicelfr.com/servlets/mms</URL>
        <Auth>normal</Auth>
        <Bearer>psfirst</Bearer>
        <Protocol>http</Protocol>
        <Proxy>
          <EnableFlag>on</EnableFlag>
          <ServAddr>172.20.6.12</ServAddr>
          <Port>8080</Port>
        </Proxy>
        <PSparam>
          <APN>wap.digicelfr.com</APN>
          <UserId>wap</UserId>
          <Password>wap</Password>
        </PSparam>
      </Profile>
    </Connections>
    <IMSSetting>
      <NbSetting>1</NbSetting>
      <Setting>
        <NetworkName>BOUYGTEL</NetworkName>
        <Version>3.0</Version>
        <EnableIMS>true</EnableIMS>
        <VoLTE>
          <EnableVoLTE>true</EnableVoLTE>
          <EnableVoiceoverWIFI>true</EnableVoiceoverWIFI>
          <EnableVideocall>true</EnableVideocall>
          <EnableVoLTEindicator>true</EnableVoLTEindicator>
          <Voice_Domain_Preference_EUTRAN>imspsvoicepreferred</Voice_Domain_Preference_EUTRAN>
          <Emregencycall_Domain>ps</Emregencycall_Domain>
          <SRVCCversion>10</SRVCCversion>
          <SS_Domain_Preference>ps_only_volteregied</SS_Domain_Preference>
          <SS_PS_Control_Preference>xcap</SS_PS_Control_Preference>
          <SS_CSFBwithIMSerror>true</SS_CSFBwithIMSerror>
          <USSD_Domain_Preference>cs</USSD_Domain_Preference>
          <EnableSMSoverIP>true</EnableSMSoverIP>
        </VoLTE>
      </Setting>
    </IMSSetting>
  </Settings>
</CustomerData>