<?xml version="1.0" encoding="UTF-8"?>
<CustomerData>
  <GeneralInfo>
    <CSCEdition>ED0002</CSCEdition>
    <Country>Poland</Country>
    <CountryISO>PL</CountryISO>
    <Region>EUR</Region>
    <SalesCode>XEO</SalesCode>
    <NbNetworkInfo>7</NbNetworkInfo>
    <NetworkInfo>
      <MCCMNC>26001</MCCMNC>
      <NetworkName>Plus</NetworkName>
      <NWID>NW01046</NWID>
    </NetworkInfo>
    <NetworkInfo>
      <MCCMNC>26002</MCCMNC>
      <NetworkName>T-Mobile.pl</NetworkName>
      <NWID>NW01321</NWID>
    </NetworkInfo>
    <NetworkInfo>
      <MCCMNC>26002</MCCMNC>
      <NetworkName>Heyah</NetworkName>
      <NWID>NW00558</NWID>
    </NetworkInfo>
    <NetworkInfo>
      <MCCMNC>26003</MCCMNC>
      <NetworkName>Orange</NetworkName>
      <NWID>NW00958</NWID>
      <SPName>Orange</SPName>
    </NetworkInfo>
    <NetworkInfo>
      <MCCMNC>26003</MCCMNC>
      <NetworkName>nju</NetworkName>
      <NWID>NW01976</NWID>
      <SPName>nju</SPName>
    </NetworkInfo>
    <NetworkInfo>
      <MCCMNC>26006</MCCMNC>
      <NetworkName>PLAY</NetworkName>
      <NWID>NW01006</NWID>
    </NetworkInfo>
    <NetworkInfo>
      <MCCMNC>26012</MCCMNC>
      <NetworkName>Cyfrowy Polsat</NetworkName>
      <NWID>NW00341</NWID>
    </NetworkInfo>
  </GeneralInfo>
  <Settings>
    <Main>
      <Security>
        <AutoSIMLock>off</AutoSIMLock>
        <OneSIMLock>none</OneSIMLock>
        <SeparateLock>none</SeparateLock>
      </Security>
      <Network>
        <NbMaxPDP>1</NbMaxPDP>
        <MaxPDP>
          <MaxPDP2G>4</MaxPDP2G>
        </MaxPDP>
        <NbFastDormancy>5</NbFastDormancy>
        <FastDormancy>
          <NetworkName>T-Mobile.pl</NetworkName>
          <FastDormancyEnableStatus>on</FastDormancyEnableStatus>
        </FastDormancy>
        <FastDormancy>
          <NetworkName>Plus</NetworkName>
          <FastDormancyEnableStatus>on</FastDormancyEnableStatus>
        </FastDormancy>
        <FastDormancy>
          <NetworkName>PLAY</NetworkName>
          <FastDormancyEnableStatus>on</FastDormancyEnableStatus>
        </FastDormancy>
        <FastDormancy>
          <NetworkName>Orange</NetworkName>
          <FastDormancyEnableStatus>on</FastDormancyEnableStatus>
        </FastDormancy>
        <FastDormancy>
          <NetworkName>Cyfrowy Polsat</NetworkName>
          <FastDormancyEnableStatus>on</FastDormancyEnableStatus>
        </FastDormancy>
        <NbWbAmr>5</NbWbAmr>
        <WbAmr>
          <NetworkName>Plus</NetworkName>
          <WbAmrCodec>on</WbAmrCodec>
        </WbAmr>
        <WbAmr>
          <NetworkName>T-Mobile.pl</NetworkName>
          <WbAmrCodec>on</WbAmrCodec>
        </WbAmr>
        <WbAmr>
          <NetworkName>Orange</NetworkName>
          <WbAmrCodec>on</WbAmrCodec>
        </WbAmr>
        <WbAmr>
          <NetworkName>PLAY</NetworkName>
          <WbAmrCodec>on</WbAmrCodec>
        </WbAmr>
        <WbAmr>
          <NetworkName>Cyfrowy Polsat</NetworkName>
          <WbAmrCodec>on</WbAmrCodec>
        </WbAmr>
        <NbSOSNumber>2</NbSOSNumber>
        <SOSNumber>112</SOSNumber>
        <SOSNumber>911</SOSNumber>
        <AutoProfile>on</AutoProfile>
        <AutoVoicemail>off</AutoVoicemail>
        <AutoEmailAccount>off</AutoEmailAccount>
        <AutoBookmark>off</AutoBookmark>
        <AutoLink>off</AutoLink>
        <AutoSyncML>off</AutoSyncML>
        <AutoFastDormancy>on</AutoFastDormancy>
        <AutoWbAmr>on</AutoWbAmr>
        <AutoFOTA>off</AutoFOTA>
      </Network>
      <Sound>
        <ExtraSound>
          <ConnectTone>on</ConnectTone>
        </ExtraSound>
        <AMRVoiceCodec>on</AMRVoiceCodec>
      </Sound>
      <Phone>
        <AlertOnCall>on</AlertOnCall>
        <DefLanguage>pl_PL</DefLanguage>
        <DefLanguageNoSIM>pl_PL</DefLanguageNoSIM>
        <T9Enabling>enable</T9Enabling>
        <T9Language>polish</T9Language>
        <KeypadType>qwerty</KeypadType>
        <DateTimeFormat>
          <DateFormat>ddmmyyyy</DateFormat>
          <TimeFormat>24h</TimeFormat>
        </DateTimeFormat>
        <WeekendSetting>satsun</WeekendSetting>
        <AutoSyncCommon>on</AutoSyncCommon>
        <UnknownSource>off</UnknownSource>
      </Phone>
    </Main>
    <Contact>
      <SavePosition>ask</SavePosition>
    </Contact>
    <Calendar>
      <StartDay>monday</StartDay>
    </Calendar>
    <Messages>
      <PushMsg>
        <RecOption>on</RecOption>
        <PushLoading>prompt</PushLoading>
      </PushMsg>
      <SMS>
        <DeliveryReport>off</DeliveryReport>
        <SSMS>off</SSMS>
        <CellBroadcast>off</CellBroadcast>
        <PreviewMessage>on</PreviewMessage>
      </SMS>
      <MMS>
        <MmsSending>
          <MessageSize>300</MessageSize>
        </MmsSending>
        <MmsReceiving>
          <Home>auto</Home>
          <Roaming>manual</Roaming>
        </MmsReceiving>
      </MMS>
      <Email>
        <EmailReceiving>
          <KeepServer>on</KeepServer>
        </EmailReceiving>
      </Email>
    </Messages>
    <ActiveSync>
      <UseSSL>on</UseSSL>
      <AcceptAllSSLCert>on</AcceptAllSSLCert>
    </ActiveSync>
    <Browser>
      <NbBookmark>2</NbBookmark>
      <Bookmark>
        <NetworkName>default</NetworkName>
        <Editable>no</Editable>
        <Index>1</Index>
        <BookmarkName>Google</BookmarkName>
        <URL>http://www.google.com/m?client={CID}&amp;source=android-home</URL>
      </Bookmark>
      <Bookmark>
        <NetworkName>default</NetworkName>
        <Editable>yes</Editable>
        <Index>2</Index>
        <BookmarkName>Galaxy Shop</BookmarkName>
        <URL>https://www.samsung.com/pl/mobile/?cid=pl_owned_app_s-internet_none_none_bookmark_bookmark_202008_none</URL>
      </Bookmark>
      <eManual>
        <URL>http://www.samsung.com/m-manual/common</URL>
      </eManual>
    </Browser>
    <Connections>
      <NbProfileHandle>7</NbProfileHandle>
      <ProfileHandle>
        <NbNetProfile>4</NbNetProfile>
        <NetworkName>Plus</NetworkName>
        <ProfBrowser>Plus INTERNET</ProfBrowser>
        <ProfMMS>Plus MMS</ProfMMS>
        <ProfStreaming>Plus INTERNET</ProfStreaming>
        <ProfSGPS>Plus INTERNET</ProfSGPS>
        <ProfIMS>Plus IMS</ProfIMS>
        <ProfXCAP>Plus HOS</ProfXCAP>
        <ProfEpdg>Plus IMS</ProfEpdg>
      </ProfileHandle>
      <ProfileHandle>
        <NbNetProfile>3</NbNetProfile>
        <NetworkName>T-Mobile.pl</NetworkName>
        <ProfBrowser>Internet</ProfBrowser>
        <ProfMMS>T-Mobile.pl HOS</ProfMMS>
        <ProfStreaming>Internet</ProfStreaming>
        <ProfSGPS>Internet</ProfSGPS>
        <ProfIMS>T-Mobile.pl IMS</ProfIMS>
        <ProfXCAP>T-Mobile.pl HOS</ProfXCAP>
        <ProfEpdg>T-Mobile.pl HOS</ProfEpdg>
        <ProfEpdgXCAP>T-Mobile.pl HOS</ProfEpdgXCAP>
        <ProfEpdgMMS>T-Mobile.pl HOS</ProfEpdgMMS>
      </ProfileHandle>
      <ProfileHandle>
        <NbNetProfile>2</NbNetProfile>
        <NetworkName>Heyah</NetworkName>
        <ProfBrowser>Heyah INTERNET</ProfBrowser>
        <ProfMMS>Heyah HOS</ProfMMS>
        <ProfSGPS>Heyah INTERNET</ProfSGPS>
      </ProfileHandle>
      <ProfileHandle>
        <NbNetProfile>4</NbNetProfile>
        <NetworkName>Orange</NetworkName>
        <ProfBrowser>Orange INTERNET</ProfBrowser>
        <ProfMMS>Orange MMS</ProfMMS>
        <ProfStreaming>Orange INTERNET</ProfStreaming>
        <ProfSGPS>Orange INTERNET</ProfSGPS>
        <ProfIMS>Orange IMS</ProfIMS>
        <ProfXCAP>Orange SERVICES</ProfXCAP>
      </ProfileHandle>
      <ProfileHandle>
        <NbNetProfile>4</NbNetProfile>
        <NetworkName>nju</NetworkName>
        <ProfBrowser>nju INTERNET</ProfBrowser>
        <ProfMMS>nju MMS</ProfMMS>
        <ProfStreaming>nju INTERNET</ProfStreaming>
        <ProfSGPS>nju INTERNET</ProfSGPS>
        <ProfIMS>nju IMS</ProfIMS>
        <ProfXCAP>nju SERVICES</ProfXCAP>
      </ProfileHandle>
      <ProfileHandle>
        <NbNetProfile>4</NbNetProfile>
        <NetworkName>PLAY</NetworkName>
        <ProfBrowser>PLAY Internet</ProfBrowser>
        <ProfMMS>PLAY MMS</ProfMMS>
        <ProfStreaming>PLAY Internet</ProfStreaming>
        <ProfSGPS>PLAY Internet</ProfSGPS>
        <ProfIMS>PLAY IMS</ProfIMS>
        <ProfXCAP>PLAY XCAP</ProfXCAP>
        <ProfEpdg>PLAY IMS</ProfEpdg>
      </ProfileHandle>
      <ProfileHandle>
        <NbNetProfile>1</NbNetProfile>
        <NetworkName>Cyfrowy Polsat</NetworkName>
        <ProfBrowser>Cyfrowy Polsat INTERNET</ProfBrowser>
      </ProfileHandle>
      <NbProfile>22</NbProfile>
      <Profile>
        <NetworkName>Plus</NetworkName>
        <Editable>yes</Editable>
        <ProfileName>Plus INTERNET</ProfileName>
        <Auth>none</Auth>
        <Bearer>ps</Bearer>
        <Protocol>http</Protocol>
        <Proxy>
          <EnableFlag>off</EnableFlag>
        </Proxy>
        <PSparam>
          <APN>plus</APN>
        </PSparam>
      </Profile>
      <Profile>
        <NetworkName>Plus</NetworkName>
        <Editable>yes</Editable>
        <ProfileName>Plus MMS</ProfileName>
        <URL>http://mms.plusgsm.pl:8002</URL>
        <Auth>none</Auth>
        <Bearer>ps</Bearer>
        <Protocol>http</Protocol>
        <Proxy>
          <EnableFlag>on</EnableFlag>
          <ServAddr>212.2.96.16</ServAddr>
          <Port>8080</Port>
        </Proxy>
        <PSparam>
          <APN>mms</APN>
        </PSparam>
      </Profile>
      <Profile>
        <NetworkName>Plus</NetworkName>
        <IpVersion>ipv4v6</IpVersion>
        <RoamingIpVersion>ipv4v6</RoamingIpVersion>
        <Editable>no</Editable>
        <HiddenStatus>hidden</HiddenStatus>
        <ProfileName>Plus IMS</ProfileName>
        <MTUSize>1300</MTUSize>
        <PSparam>
          <APN>IMS</APN>
        </PSparam>
      </Profile>
      <Profile>
        <NetworkName>Plus</NetworkName>
        <IpVersion>ipv4v6</IpVersion>
        <RoamingIpVersion>ipv4v6</RoamingIpVersion>
        <Editable>no</Editable>
        <HiddenStatus>hidden</HiddenStatus>
        <ProfileName>Plus HOS</ProfileName>
        <Protocol>http</Protocol>
        <PSparam>
          <APN>HOS</APN>
        </PSparam>
      </Profile>
      <Profile>
        <NetworkName>T-Mobile.pl</NetworkName>
        <IpVersion>ipv4v6</IpVersion>
        <RoamingIpVersion>ipv4</RoamingIpVersion>
        <Editable>yes</Editable>
        <HiddenStatus>show</HiddenStatus>
        <ProfileName>Internet</ProfileName>
        <URL>http://m.t-mobile.pl</URL>
        <Auth>normal</Auth>
        <Bearer>ps</Bearer>
        <Protocol>http</Protocol>
        <MTUSize>1500</MTUSize>
        <Proxy>
          <EnableFlag>off</EnableFlag>
        </Proxy>
        <PSparam>
          <APN>internet</APN>
        </PSparam>
      </Profile>
      <Profile>
        <NetworkName>T-Mobile.pl</NetworkName>
        <IpVersion>ipv4v6</IpVersion>
        <RoamingIpVersion>ipv4</RoamingIpVersion>
        <Editable>no</Editable>
        <HiddenStatus>hidden</HiddenStatus>
        <ProfileName>T-Mobile.pl HOS</ProfileName>
        <URL>http://mms/servlets/mms</URL>
        <Auth>none</Auth>
        <Bearer>ps</Bearer>
        <Protocol>http</Protocol>
        <Proxy>
          <EnableFlag>on</EnableFlag>
          <ServAddr>213.158.194.226</ServAddr>
          <Port>8080</Port>
        </Proxy>
        <PSparam>
          <APN>HOS</APN>
        </PSparam>
      </Profile>
      <Profile>
        <NetworkName>T-Mobile.pl</NetworkName>
        <IpVersion>ipv4v6</IpVersion>
        <Editable>no</Editable>
        <HiddenStatus>hidden</HiddenStatus>
        <ProfileName>T-Mobile.pl IMS</ProfileName>
        <Auth>none</Auth>
        <Protocol>http</Protocol>
        <PSparam>
          <APN>IMS</APN>
        </PSparam>
      </Profile>
      <Profile>
        <NetworkName>Heyah</NetworkName>
        <IpVersion>ipv4v6</IpVersion>
        <RoamingIpVersion>ipv4</RoamingIpVersion>
        <Editable>yes</Editable>
        <ProfileName>Heyah INTERNET</ProfileName>
        <Auth>none</Auth>
        <Bearer>ps</Bearer>
        <Protocol>other</Protocol>
        <Proxy>
          <EnableFlag>off</EnableFlag>
        </Proxy>
        <PSparam>
          <APN>Internet</APN>
        </PSparam>
      </Profile>
      <Profile>
        <NetworkName>Heyah</NetworkName>
        <IpVersion>ipv4v6</IpVersion>
        <RoamingIpVersion>ipv4</RoamingIpVersion>
        <Editable>yes</Editable>
        <HiddenStatus>hidden</HiddenStatus>
        <ProfileName>Heyah HOS</ProfileName>
        <URL>http://mms.heyah.pl/servlets/mms</URL>
        <Auth>normal</Auth>
        <Bearer>ps</Bearer>
        <Protocol>http</Protocol>
        <Proxy>
          <EnableFlag>on</EnableFlag>
          <ServAddr>213.158.194.226</ServAddr>
          <Port>8080</Port>
        </Proxy>
        <PSparam>
          <APN>HOS</APN>
        </PSparam>
      </Profile>
      <Profile>
        <NetworkName>Orange</NetworkName>
        <IpVersion>ipv6</IpVersion>
        <Editable>no</Editable>
        <HiddenStatus>show</HiddenStatus>
        <ProfileName>Orange INTERNET</ProfileName>
        <Auth>none</Auth>
        <Bearer>ps</Bearer>
        <Protocol>other</Protocol>
        <Proxy>
          <EnableFlag>off</EnableFlag>
        </Proxy>
        <PSparam>
          <APN>internetipv6</APN>
          <UserId>internet</UserId>
          <Password>internet</Password>
        </PSparam>
      </Profile>
      <Profile>
        <NetworkName>Orange</NetworkName>
        <Editable>no</Editable>
        <HiddenStatus>show</HiddenStatus>
        <ProfileName>Orange MMS</ProfileName>
        <URL>http://mms.orange.pl</URL>
        <Auth>none</Auth>
        <Bearer>ps</Bearer>
        <Protocol>http</Protocol>
        <Proxy>
          <EnableFlag>on</EnableFlag>
          <ServAddr>192.168.6.104</ServAddr>
          <Port>8080</Port>
        </Proxy>
        <PSparam>
          <APN>mms</APN>
          <UserId>mms</UserId>
          <Password>mms</Password>
        </PSparam>
      </Profile>
      <Profile>
        <NetworkName>Orange</NetworkName>
        <IpVersion>ipv4v6</IpVersion>
        <Editable>no</Editable>
        <HiddenStatus>hidden</HiddenStatus>
        <ProfileName>Orange IMS</ProfileName>
        <Auth>none</Auth>
        <Protocol>http</Protocol>
        <PSparam>
          <APN>IMS</APN>
        </PSparam>
      </Profile>
      <Profile>
        <NetworkName>Orange</NetworkName>
        <IpVersion>ipv4v6</IpVersion>
        <Editable>no</Editable>
        <HiddenStatus>hidden</HiddenStatus>
        <ProfileName>Orange SERVICES</ProfileName>
        <Auth>none</Auth>
        <Protocol>http</Protocol>
        <Proxy>
          <EnableFlag>off</EnableFlag>
        </Proxy>
        <PSparam>
          <APN>HOS</APN>
        </PSparam>
      </Profile>
      <Profile>
        <NetworkName>nju</NetworkName>
        <IpVersion>ipv6</IpVersion>
        <Editable>no</Editable>
        <HiddenStatus>show</HiddenStatus>
        <ProfileName>nju INTERNET</ProfileName>
        <Auth>none</Auth>
        <Bearer>ps</Bearer>
        <Protocol>other</Protocol>
        <Proxy>
          <EnableFlag>off</EnableFlag>
        </Proxy>
        <PSparam>
          <APN>internetipv6</APN>
          <UserId>internet</UserId>
          <Password>internet</Password>
        </PSparam>
      </Profile>
      <Profile>
        <NetworkName>nju</NetworkName>
        <Editable>no</Editable>
        <HiddenStatus>show</HiddenStatus>
        <ProfileName>nju MMS</ProfileName>
        <URL>http://mms.orange.pl</URL>
        <Auth>none</Auth>
        <Bearer>ps</Bearer>
        <Protocol>http</Protocol>
        <Proxy>
          <EnableFlag>on</EnableFlag>
          <ServAddr>192.168.6.104</ServAddr>
          <Port>8080</Port>
        </Proxy>
        <PSparam>
          <APN>mms</APN>
          <UserId>mms</UserId>
          <Password>mms</Password>
        </PSparam>
      </Profile>
      <Profile>
        <NetworkName>nju</NetworkName>
        <IpVersion>ipv4v6</IpVersion>
        <Editable>no</Editable>
        <HiddenStatus>hidden</HiddenStatus>
        <ProfileName>nju IMS</ProfileName>
        <Auth>none</Auth>
        <Protocol>http</Protocol>
        <PSparam>
          <APN>IMS</APN>
        </PSparam>
      </Profile>
      <Profile>
        <NetworkName>nju</NetworkName>
        <IpVersion>ipv4v6</IpVersion>
        <Editable>no</Editable>
        <HiddenStatus>hidden</HiddenStatus>
        <ProfileName>nju SERVICES</ProfileName>
        <Auth>none</Auth>
        <Protocol>http</Protocol>
        <Proxy>
          <EnableFlag>off</EnableFlag>
        </Proxy>
        <PSparam>
          <APN>HOS</APN>
        </PSparam>
      </Profile>
      <Profile>
        <NetworkName>PLAY</NetworkName>
        <IpVersion>ipv4v6</IpVersion>
        <RoamingIpVersion>ipv4v6</RoamingIpVersion>
        <Editable>yes</Editable>
        <ProfileName>PLAY Internet</ProfileName>
        <Auth>none</Auth>
        <Bearer>ps</Bearer>
        <Protocol>other</Protocol>
        <Proxy>
          <EnableFlag>off</EnableFlag>
        </Proxy>
        <PSparam>
          <APN>internet</APN>
        </PSparam>
      </Profile>
      <Profile>
        <NetworkName>PLAY</NetworkName>
        <IpVersion>ipv4v6</IpVersion>
        <RoamingIpVersion>ipv4v6</RoamingIpVersion>
        <Editable>yes</Editable>
        <ProfileName>PLAY IMS</ProfileName>
        <Auth>none</Auth>
        <Protocol>http</Protocol>
        <PSparam>
          <APN>ims</APN>
        </PSparam>
      </Profile>
      <Profile>
        <NetworkName>PLAY</NetworkName>
        <IpVersion>ipv4v6</IpVersion>
        <RoamingIpVersion>ipv4v6</RoamingIpVersion>
        <Editable>yes</Editable>
        <ProfileName>PLAY MMS</ProfileName>
        <URL>http://mmsc.play.pl/mms/wapenc</URL>
        <Auth>none</Auth>
        <Bearer>ps</Bearer>
        <Protocol>http</Protocol>
        <Proxy>
          <EnableFlag>off</EnableFlag>
        </Proxy>
        <PSparam>
          <APN>mms</APN>
        </PSparam>
      </Profile>
      <Profile>
        <NetworkName>PLAY</NetworkName>
        <IpVersion>ipv4v6</IpVersion>
        <RoamingIpVersion>ipv4v6</RoamingIpVersion>
        <Editable>yes</Editable>
        <ProfileName>PLAY XCAP</ProfileName>
        <Auth>none</Auth>
        <Bearer>ps</Bearer>
        <Protocol>other</Protocol>
        <Proxy>
          <EnableFlag>off</EnableFlag>
        </Proxy>
        <PSparam>
          <APN>xcap</APN>
        </PSparam>
      </Profile>
      <Profile>
        <NetworkName>Cyfrowy Polsat</NetworkName>
        <Editable>yes</Editable>
        <ProfileName>Cyfrowy Polsat INTERNET</ProfileName>
        <Auth>none</Auth>
        <Bearer>ps</Bearer>
        <Protocol>other</Protocol>
        <Proxy>
          <EnableFlag>off</EnableFlag>
        </Proxy>
        <PSparam>
          <APN>internet.cp</APN>
        </PSparam>
      </Profile>
    </Connections>
    <IMSSetting>
      <NbSetting>5</NbSetting>
      <Setting>
        <NetworkName>T-Mobile.pl</NetworkName>
        <Version>3.0</Version>
        <EnableIMS>true</EnableIMS>
        <VoLTE>
          <EnableVoLTE>true</EnableVoLTE>
          <EnableVoiceoverWIFI>true</EnableVoiceoverWIFI>
          <EnableVideocall>false</EnableVideocall>
          <EnableVoLTEindicator>true</EnableVoLTEindicator>
          <Voice_Domain_Preference_EUTRAN>imspsvoicepreferred</Voice_Domain_Preference_EUTRAN>
          <Emregencycall_Domain>ps</Emregencycall_Domain>
          <SRVCCversion>10</SRVCCversion>
          <SS_Domain_Preference>ps_only_psregied</SS_Domain_Preference>
          <SS_PS_Control_Preference>xcap</SS_PS_Control_Preference>
          <SS_CSFBwithIMSerror>false</SS_CSFBwithIMSerror>
          <USSD_Domain_Preference>pscs</USSD_Domain_Preference>
          <EnableSMSoverIP>true</EnableSMSoverIP>
        </VoLTE>
      </Setting>
      <Setting>
        <NetworkName>PLAY</NetworkName>
        <Version>3.0</Version>
        <EnableIMS>true</EnableIMS>
        <VoLTE>
          <EnableVoLTE>true</EnableVoLTE>
          <EnableVoiceoverWIFI>true</EnableVoiceoverWIFI>
          <EnableVideocall>true</EnableVideocall>
          <EnableVoLTEindicator>true</EnableVoLTEindicator>
          <Voice_Domain_Preference_EUTRAN>imspsvoicepreferred</Voice_Domain_Preference_EUTRAN>
          <Emregencycall_Domain>cs</Emregencycall_Domain>
          <SRVCCversion>10</SRVCCversion>
          <SS_Domain_Preference>ps_only_volteregied</SS_Domain_Preference>
          <SS_PS_Control_Preference>xcap</SS_PS_Control_Preference>
          <SS_CSFBwithIMSerror>true</SS_CSFBwithIMSerror>
          <USSD_Domain_Preference>pscs</USSD_Domain_Preference>
          <EnableSMSoverIP>true</EnableSMSoverIP>
        </VoLTE>
        <RCS>
          <EnableRCS>true</EnableRCS>
          <EnableRCSchat>true</EnableRCSchat>
        </RCS>
      </Setting>
      <Setting>
        <NetworkName>Orange</NetworkName>
        <Version>3.0</Version>
        <EnableIMS>true</EnableIMS>
        <VoLTE>
          <EnableVoLTE>true</EnableVoLTE>
          <EnableVoiceoverWIFI>true</EnableVoiceoverWIFI>
          <EnableVideocall>false</EnableVideocall>
          <EnableVoLTEindicator>false</EnableVoLTEindicator>
          <Voice_Domain_Preference_EUTRAN>imspsvoicepreferred</Voice_Domain_Preference_EUTRAN>
          <Emregencycall_Domain>ps</Emregencycall_Domain>
          <SRVCCversion>10</SRVCCversion>
          <SS_Domain_Preference>cs_always</SS_Domain_Preference>
          <SS_CSFBwithIMSerror>false</SS_CSFBwithIMSerror>
          <USSD_Domain_Preference>cs</USSD_Domain_Preference>
          <EnableSMSoverIP>false</EnableSMSoverIP>
        </VoLTE>
      </Setting>
      <Setting>
        <NetworkName>nju</NetworkName>
        <Version>3.0</Version>
        <EnableIMS>true</EnableIMS>
        <VoLTE>
          <EnableVoLTE>true</EnableVoLTE>
          <EnableVoiceoverWIFI>true</EnableVoiceoverWIFI>
          <EnableVideocall>false</EnableVideocall>
          <EnableVoLTEindicator>false</EnableVoLTEindicator>
          <Voice_Domain_Preference_EUTRAN>imspsvoicepreferred</Voice_Domain_Preference_EUTRAN>
          <Emregencycall_Domain>ps</Emregencycall_Domain>
          <SRVCCversion>10</SRVCCversion>
          <SS_Domain_Preference>cs_always</SS_Domain_Preference>
          <SS_CSFBwithIMSerror>false</SS_CSFBwithIMSerror>
          <USSD_Domain_Preference>cs</USSD_Domain_Preference>
          <EnableSMSoverIP>false</EnableSMSoverIP>
        </VoLTE>
      </Setting>
      <Setting>
        <NetworkName>Plus</NetworkName>
        <Version>3.0</Version>
        <EnableIMS>true</EnableIMS>
        <VoLTE>
          <EnableVoLTE>true</EnableVoLTE>
          <EnableVoiceoverWIFI>true</EnableVoiceoverWIFI>
          <EnableVideocall>false</EnableVideocall>
          <EnableVoLTEindicator>true</EnableVoLTEindicator>
          <Voice_Domain_Preference_EUTRAN>imspsvoicepreferred</Voice_Domain_Preference_EUTRAN>
          <Emregencycall_Domain>cs</Emregencycall_Domain>
          <SRVCCversion>10</SRVCCversion>
          <SS_Domain_Preference>cs_always</SS_Domain_Preference>
          <SS_PS_Control_Preference>xcap</SS_PS_Control_Preference>
          <SS_CSFBwithIMSerror>true</SS_CSFBwithIMSerror>
          <USSD_Domain_Preference>cs</USSD_Domain_Preference>
          <EnableSMSoverIP>true</EnableSMSoverIP>
        </VoLTE>
      </Setting>
    </IMSSetting>
  </Settings>
</CustomerData>