<?xml version="1.0" encoding="UTF-8"?>
<SamsungMobileFeature>
  <Version>ED00002</Version>
  <Country>GERMANY</Country>
  <CountryISO>DE</CountryISO>
  <SalesCode>DCO</SalesCode>
  <FeatureSet>
    <CscFeature_Audio_SupportSafeMediaVolumeDialog>TRUE</CscFeature_Audio_SupportSafeMediaVolumeDialog>
    <CscFeature_Common_ConfigMarketInfoVariation>Disable</CscFeature_Common_ConfigMarketInfoVariation>
    <CscFeature_Common_ConfigOpBrandingForWFC>WLAN Call</CscFeature_Common_ConfigOpBrandingForWFC>
    <CscFeature_Common_ConfigSvcProviderForUnknownNumber>whitepages,whitepages,whitepages</CscFeature_Common_ConfigSvcProviderForUnknownNumber>
    <CscFeature_Common_DisableLTEFallbackAtLowThroughput>TRUE</CscFeature_Common_DisableLTEFallbackAtLowThroughput>
    <CscFeature_Common_SupportHide5GMenuItems>TRUE</CscFeature_Common_SupportHide5GMenuItems>
    <CscFeature_Common_SupportMVNOBigData>TRUE</CscFeature_Common_SupportMVNOBigData>
    <CscFeature_Contact_ConfigImsOpStyle>DT</CscFeature_Contact_ConfigImsOpStyle>
    <CscFeature_Contact_ConfigOpStyleVariation>DTM</CscFeature_Contact_ConfigOpStyleVariation>
    <CscFeature_Contact_SupportDuoVideoCall>TRUE</CscFeature_Contact_SupportDuoVideoCall>
    <CscFeature_Email_EnablePopupWhenChangingSyncSchedule>TRUE</CscFeature_Email_EnablePopupWhenChangingSyncSchedule>
    <CscFeature_GMS_DisableSetupWizard>FALSE</CscFeature_GMS_DisableSetupWizard>
    <CscFeature_GMS_SetClientIDBaseAm>android-tmobile-{country}</CscFeature_GMS_SetClientIDBaseAm>
    <CscFeature_GMS_SetClientIDBaseCr>android-samsung-ss</CscFeature_GMS_SetClientIDBaseCr>
    <CscFeature_GMS_SetClientIDBaseMs>android-dt-{country}-revc</CscFeature_GMS_SetClientIDBaseMs>
    <CscFeature_GMS_SupportSTSTool>FALSE</CscFeature_GMS_SupportSTSTool>
    <CscFeature_Graphics_DisableGameToolsPublicWIFI>TRUE</CscFeature_Graphics_DisableGameToolsPublicWIFI>
    <CscFeature_Launcher_DefaultPageNumber>0</CscFeature_Launcher_DefaultPageNumber>
    <CscFeature_LockScreen_DisplayPlmn>TRUE</CscFeature_LockScreen_DisplayPlmn>
    <CscFeature_Message_DisableSmsToMmsConversionByTextInput>TRUE</CscFeature_Message_DisableSmsToMmsConversionByTextInput>
    <CscFeature_Message_EnableCheckFDNContactWhenMMSSend>TRUE</CscFeature_Message_EnableCheckFDNContactWhenMMSSend>
    <CscFeature_Message_EnableReplyAll>TRUE</CscFeature_Message_EnableReplyAll>
    <CscFeature_Message_ReplaceLabelOnRequestedStatus>TRUE</CscFeature_Message_ReplaceLabelOnRequestedStatus>
    <CscFeature_Music_TranslateUnknownTitle>TRUE</CscFeature_Music_TranslateUnknownTitle>
    <CscFeature_NFC_ConfigAdvancedSettings>Disable</CscFeature_NFC_ConfigAdvancedSettings>
    <CscFeature_NFC_ConfigSecurityPromptPopup>all</CscFeature_NFC_ConfigSecurityPromptPopup>
    <CscFeature_NFC_DefStatus>ON</CscFeature_NFC_DefStatus>
    <CscFeature_NFC_DefaultCardModeConfig>DH:UICC</CscFeature_NFC_DefaultCardModeConfig>
    <CscFeature_NFC_StatusBarIconType>DEFAULT</CscFeature_NFC_StatusBarIconType>
    <CscFeature_RIL_DisplayAntennaLimited>TRUE</CscFeature_RIL_DisplayAntennaLimited>
    <CscFeature_RIL_SupportEsim>TRUE</CscFeature_RIL_SupportEsim>
    <CscFeature_Setting_EnablePromptPopupWhenActivatingDataConnection>TRUE</CscFeature_Setting_EnablePromptPopupWhenActivatingDataConnection>
    <CscFeature_SetupWizard_DisablePrivacyPolicyAgreement>TRUE</CscFeature_SetupWizard_DisablePrivacyPolicyAgreement>
    <CscFeature_SyncML_DeleteCpAfterTryingToInstall>TRUE</CscFeature_SyncML_DeleteCpAfterTryingToInstall>
    <CscFeature_SyncML_DiscardCpSecurityType4>Userpin,None</CscFeature_SyncML_DiscardCpSecurityType4>
    <CscFeature_SyncML_DiscardInvalidNetwpinCp>TRUE</CscFeature_SyncML_DiscardInvalidNetwpinCp>
    <CscFeature_SystemUI_ConfigNotificationStyleOnLockscreen>0</CscFeature_SystemUI_ConfigNotificationStyleOnLockscreen>
    <CscFeature_SystemUI_ConfigOpPlmnInfo>NoSimInfo</CscFeature_SystemUI_ConfigOpPlmnInfo>
    <CscFeature_SystemUI_ConfigOverrideDataIcon>LTE</CscFeature_SystemUI_ConfigOverrideDataIcon>
    <CscFeature_VoiceCall_ConfigOpStyleForHdIcon>NOHD</CscFeature_VoiceCall_ConfigOpStyleForHdIcon>
    <CscFeature_VoiceCall_ConfigOpStyleForWfc>WFC_TITLE_FROM_CSC,WFC_DT</CscFeature_VoiceCall_ConfigOpStyleForWfc>
    <CscFeature_Weather_ConfigCpType>TWC</CscFeature_Weather_ConfigCpType>
    <CscFeature_Web_DefBookmarkFolderName>Chrome,congstar</CscFeature_Web_DefBookmarkFolderName>
    <CscFeature_Web_DisableNetworkLinkPrediction>TRUE</CscFeature_Web_DisableNetworkLinkPrediction>
    <CscFeature_Web_DisableRedirectionChooser>TRUE</CscFeature_Web_DisableRedirectionChooser>
    <CscFeature_Wifi_ConfigSnsStatus>DEFAULT_ON</CscFeature_Wifi_ConfigSnsStatus>
    <CscFeature_mCommerce_WalletMgrConfig>Disable</CscFeature_mCommerce_WalletMgrConfig>
    
    <!-- Additions -->
    <CscFeature_Camera_ShutterSoundMenu>TRUE</CscFeature_Camera_ShutterSoundMenu>
    <CscFeature_Setting_EnableMenuBlockCallMsg>TRUE</CscFeature_Setting_EnableMenuBlockCallMsg>
    <CscFeature_SystemUI_SupportRecentAppProtection>TRUE</CscFeature_SystemUI_SupportRecentAppProtection>
    <CscFeature_VoiceCall_ConfigRecording>RecordingAllowed</CscFeature_VoiceCall_ConfigRecording>
    <CscFeature_Message_SupportAntiPhishing>TRUE</CscFeature_Message_SupportAntiPhishing>
    <CscFeature_Message_DisableSpam>TRUE</CscFeature_Message_DisableSpam>
    <CscFeature_Music_SupportPlaybackDuringCall>TRUE</CscFeature_Music_SupportPlaybackDuringCall>
    <CscFeature_Video_SupportPlayDuringCall>TRUE</CscFeature_Video_SupportPlayDuringCall>
    <CscFeature_Camera_EnableCameraDuringCall>TRUE</CscFeature_Camera_EnableCameraDuringCall>
  </FeatureSet>
</SamsungMobileFeature>
