<?xml version="1.0" encoding="UTF-8"?>
<CustomerData>
  <GeneralInfo>
    <CSCEdition>ED0003</CSCEdition>
    <Country>Germany</Country>
    <CountryISO>DE</CountryISO>
    <Region>EUR</Region>
    <SalesCode>DCO</SalesCode>
    <NbNetworkInfo>3</NbNetworkInfo>
    <NetworkInfo>
      <MCCMNC>26201</MCCMNC>
      <NetworkName>Congstar</NetworkName>
      <NWID>NW00284</NWID>
      <CodeType>DEC</CodeType>
      <SubsetCode>68</SubsetCode>
    </NetworkInfo>
    <NetworkInfo>
      <MCCMNC>26201</MCCMNC>
      <NetworkName>Congstar</NetworkName>
      <NWID>NW00284</NWID>
      <SPName>congstar</SPName>
    </NetworkInfo>
    <NetworkInfo>
      <MCCMNC>26201</MCCMNC>
      <NetworkName>Congstar</NetworkName>
      <NWID>NW00284</NWID>
      <SPName>congstar.de</SPName>
    </NetworkInfo>
  </GeneralInfo>
  <Settings>
    <Main>
      <Security>
        <OneSIMLock>none</OneSIMLock>
        <SeparateLock>none</SeparateLock>
      </Security>
      <Network>
        <NbFastDormancy>4</NbFastDormancy>
        <FastDormancy>
          <NetworkName>Congstar</NetworkName>
          <FastDormancyEnableStatus>off</FastDormancyEnableStatus>
          <LCDStatus>on</LCDStatus>
        </FastDormancy>
        <FastDormancy>
          <NetworkName>Congstar</NetworkName>
          <FastDormancyEnableStatus>on</FastDormancyEnableStatus>
          <TimeoutValue>3</TimeoutValue>
          <LCDStatus>off</LCDStatus>
        </FastDormancy>
        <FastDormancy>
          <NetworkName>Congstar</NetworkName>
          <FastDormancyEnableStatus>on</FastDormancyEnableStatus>
          <TimeoutValue>5</TimeoutValue>
          <LCDStatus>on</LCDStatus>
          <Version>rel8</Version>
        </FastDormancy>
        <FastDormancy>
          <NetworkName>Congstar</NetworkName>
          <FastDormancyEnableStatus>on</FastDormancyEnableStatus>
          <TimeoutValue>3</TimeoutValue>
          <LCDStatus>off</LCDStatus>
          <Version>rel8</Version>
        </FastDormancy>
        <NbWbAmr>1</NbWbAmr>
        <WbAmr>
          <NetworkName>default</NetworkName>
          <WbAmrCodec>on</WbAmrCodec>
        </WbAmr>
        <NbSOSNumber>2</NbSOSNumber>
        <SOSNumber>112</SOSNumber>
        <SOSNumber>911</SOSNumber>
      </Network>
      <Sound>
        <KeyTone>
          <KeyVolume>1</KeyVolume>
        </KeyTone>
        <TouchTone>on</TouchTone>
        <ExtraSound>
          <ConnectTone>off</ConnectTone>
        </ExtraSound>
      </Sound>
      <Phone>
        <DefLanguage>de_DE</DefLanguage>
        <DefLanguageNoSIM>de_DE</DefLanguageNoSIM>
        <T9Enabling>enable</T9Enabling>
        <T9Language>german</T9Language>
        <DateTimeFormat>
          <DateFormat>ddmmyyyy</DateFormat>
          <TimeFormat>24h</TimeFormat>
        </DateTimeFormat>
      </Phone>
    </Main>
    <Calendar>
      <StartDay>monday</StartDay>
    </Calendar>
    <Messages>
      <NbVoicemail>1</NbVoicemail>
      <Voicemail>
        <NetworkName>Congstar</NetworkName>
        <TelNum>3311</TelNum>
      </Voicemail>
      <SMS>
        <DeliveryReport>off</DeliveryReport>
        <MsgTypeThreshold>
          <ThresholdValue>13</ThresholdValue>
          <ThresholdType>pagecount</ThresholdType>
        </MsgTypeThreshold>
        <CharSupport>gsmalpha</CharSupport>
      </SMS>
      <MMS>
        <MmsSending>
          <ReqDeliveryRep>off</ReqDeliveryRep>
          <ReqReadRep>off</ReqReadRep>
          <CreationMode>free</CreationMode>
        </MmsSending>
        <MmsReceiving>
          <Home>auto</Home>
          <Roaming>manual</Roaming>
        </MmsReceiving>
        <NbMMSView>1</NbMMSView>
        <MMSView>
          <MessageUaProfUrl>http://wap.samsungmobile.com/uaprof/uaprof.rdf</MessageUaProfUrl>
        </MMSView>
      </MMS>
      <Email>
        <EmailReceiving>
          <AutoPoll>off</AutoPoll>
          <PollTime>off</PollTime>
        </EmailReceiving>
      </Email>
    </Messages>
    <Browser>
      <NbBookmark>4</NbBookmark>
      <Bookmark>
        <NetworkName>Congstar</NetworkName>
        <BookmarkName>congstar.de</BookmarkName>
        <URL>https://www.congstar.de</URL>
      </Bookmark>
      <Bookmark>
        <NetworkName>Congstar</NetworkName>
        <BookmarkName>Kundencenter</BookmarkName>
        <URL>https://www.congstar.de/meincongstar/</URL>
      </Bookmark>
      <Bookmark>
        <NetworkName>Congstar</NetworkName>
        <BookmarkName>congstar Forum</BookmarkName>
        <URL>http://www.congstar-forum.de/</URL>
      </Bookmark>
      <Bookmark>
        <NetworkName>default</NetworkName>
        <Editable>yes</Editable>
        <BookmarkName>Samsung Galaxy</BookmarkName>
        <URL>https://www.samsung.com/mobile/?cid=global_owned_app_s-internet_none_none_quickaccess_bookmark_none_none&amp;utm_source=s-internet&amp;utm_medium=referral&amp;utm_campaign=quickaccess</URL>
      </Bookmark>
      <eManual>
        <URL>http://www.samsung.com/m-manual/common</URL>
      </eManual>
    </Browser>
    <Connections>
      <NbProfileHandle>1</NbProfileHandle>
      <ProfileHandle>
        <NbNetProfile>3</NbNetProfile>
        <NetworkName>Congstar</NetworkName>
        <ProfBrowser>congstar Internet</ProfBrowser>
        <ProfMMS>HOS</ProfMMS>
        <ProfIMS>Congstar IMS</ProfIMS>
        <ProfXCAP>HOS</ProfXCAP>
      </ProfileHandle>
      <NbProfile>3</NbProfile>
      <Profile>
        <NetworkName>Congstar</NetworkName>
        <IpVersion>ipv4v6</IpVersion>
        <Editable>yes</Editable>
        <ProfileName>congstar Internet</ProfileName>
        <URL>https://www.congstar.de</URL>
        <Auth>normal</Auth>
        <Bearer>ps</Bearer>
        <Protocol>http</Protocol>
        <MTUSize>1500</MTUSize>
        <PSparam>
          <APN>internet.telekom</APN>
          <UserId>congstar</UserId>
          <Password>cs</Password>
        </PSparam>
      </Profile>
      <Profile>
        <NetworkName>Congstar</NetworkName>
        <IpVersion>ipv4v6</IpVersion>
        <RoamingIpVersion>ipv4</RoamingIpVersion>
        <Editable>no</Editable>
        <HiddenStatus>hidden</HiddenStatus>
        <ProfileName>HOS</ProfileName>
        <URL>http://mms.t-mobile.de/servlets/mms</URL>
        <Auth>normal</Auth>
        <Bearer>ps</Bearer>
        <Protocol>http</Protocol>
        <MTUSize>1500</MTUSize>
        <Proxy>
          <EnableFlag>on</EnableFlag>
          <ServAddr>109.237.176.193</ServAddr>
          <Port>8008</Port>
        </Proxy>
        <PSparam>
          <APN>hos</APN>
          <UserId>telekom</UserId>
          <Password>telekom</Password>
        </PSparam>
      </Profile>
      <Profile>
        <NetworkName>Congstar</NetworkName>
        <IpVersion>ipv4v6</IpVersion>
        <RoamingIpVersion>ipv4v6</RoamingIpVersion>
        <Editable>yes</Editable>
        <HiddenStatus>hidden</HiddenStatus>
        <ProfileName>Congstar IMS</ProfileName>
        <Auth>none</Auth>
        <Protocol>http</Protocol>
        <MTUSize>1500</MTUSize>
        <PSparam>
          <APN>IMS</APN>
        </PSparam>
      </Profile>
    </Connections>
    <IMSSetting>
      <NbSetting>1</NbSetting>
      <Setting>
        <NetworkName>Congstar</NetworkName>
        <Version>3.0</Version>
        <EnableIMS>true</EnableIMS>
        <VoLTE>
          <EnableVoLTE>true</EnableVoLTE>
          <EnableVoiceoverWIFI>true</EnableVoiceoverWIFI>
          <EnableVideocall>false</EnableVideocall>
          <EnableVoLTEindicator>false</EnableVoLTEindicator>
          <Voice_Domain_Preference_EUTRAN>imspsvoicepreferred</Voice_Domain_Preference_EUTRAN>
          <Emregencycall_Domain>ps</Emregencycall_Domain>
          <SRVCCversion>10</SRVCCversion>
          <SS_Domain_Preference>ps_only_psregied</SS_Domain_Preference>
          <SS_PS_Control_Preference>xcap</SS_PS_Control_Preference>
          <SS_CSFBwithIMSerror>false</SS_CSFBwithIMSerror>
          <USSD_Domain_Preference>pscs</USSD_Domain_Preference>
          <EnableSMSoverIP>true</EnableSMSoverIP>
        </VoLTE>
        <RCS>
          <EnableRCS>false</EnableRCS>
        </RCS>
      </Setting>
    </IMSSetting>
  </Settings>
</CustomerData>