<?xml version="1.0" encoding="UTF-8"?>
<SamsungMobileFeature>
  <NetworkVersion>ED00004</NetworkVersion>
  <NetworkCountry>UNITED KINGDOM</NetworkCountry>
  <NetworkCountryISO>GB</NetworkCountryISO>
  <NetworkCode>O2U</NetworkCode>
  <FeatureSet>
    <CscFeature_RIL_ConfigEpdgE911RoutingPolicy>NoService</CscFeature_RIL_ConfigEpdgE911RoutingPolicy>
    <CscFeature_RIL_ConfigGlobalModuleType>LTE</CscFeature_RIL_ConfigGlobalModuleType>
    <CscFeature_RIL_ConfigNetworkTypeCapability>EUR-EUR-GSM-EUR</CscFeature_RIL_ConfigNetworkTypeCapability>
    <CscFeature_RIL_DataPrefDataTechSnapShot>TRUE</CscFeature_RIL_DataPrefDataTechSnapShot>
    <CscFeature_RIL_Display4gPlusIconBandwidth>14</CscFeature_RIL_Display4gPlusIconBandwidth>
    <CscFeature_RIL_DisplayPlmnnameSimload>TRUE</CscFeature_RIL_DisplayPlmnnameSimload>
    <CscFeature_RIL_E911RoutingPolicy>csprefer</CscFeature_RIL_E911RoutingPolicy>
    <CscFeature_RIL_GcfSor>TRUE</CscFeature_RIL_GcfSor>
    <CscFeature_RIL_ReferEonsWithoutLac>TRUE</CscFeature_RIL_ReferEonsWithoutLac>
    <CscFeature_RIL_SetNetworkTypeWhenRadioOff>TRUE</CscFeature_RIL_SetNetworkTypeWhenRadioOff>
    <CscFeature_RIL_SignalstrengthPolicy>0</CscFeature_RIL_SignalstrengthPolicy>
    <CscFeature_RIL_SupportImsClirOverriding>TRUE</CscFeature_RIL_SupportImsClirOverriding>
    <CscFeature_RIL_SupportRegistrationLocationInfo>TRUE</CscFeature_RIL_SupportRegistrationLocationInfo>
    <CscFeature_RIL_SupportVolte>TRUE</CscFeature_RIL_SupportVolte>
    <CscFeature_RIL_WbamrDefaultOn>TRUE</CscFeature_RIL_WbamrDefaultOn>
    <CscFeature_Setting_CustNetworkSelMenu4>O2</CscFeature_Setting_CustNetworkSelMenu4>
    <CscFeature_SyncML_DeltaBinaryDownVia>wifi_dedicated</CscFeature_SyncML_DeltaBinaryDownVia>
    <CscFeature_VoiceCall_ConfigOpStyleForEmergencyDialCall>EndPreviousCall,NoWaitInSvcE911</CscFeature_VoiceCall_ConfigOpStyleForEmergencyDialCall>
    <CscFeature_VoiceCall_ConfigOpStyleForMobileNetSetting>voltesettingscommon,voltesettingEUR</CscFeature_VoiceCall_ConfigOpStyleForMobileNetSetting>
  </FeatureSet>
</SamsungMobileFeature>
