<?xml version="1.0" encoding="UTF-8"?>
<CustomerData>
  <GeneralInfo>
    <CSCEdition>ED0004</CSCEdition>
    <Country>UNITED KINGDOM</Country>
    <CountryISO>GB</CountryISO>
    <Region>EUR</Region>
    <SalesCode>O2U</SalesCode>
    <NbNetworkInfo>7</NbNetworkInfo>
    <NetworkInfo>
      <MCCMNC>23410</MCCMNC>
      <NetworkName>O2 Pay Monthly</NetworkName>
      <NWID>NW00928</NWID>
    </NetworkInfo>
    <NetworkInfo>
      <MCCMNC>23410</MCCMNC>
      <NetworkName>O2 Pay &amp; Go</NetworkName>
      <NWID>NW00886</NWID>
      <CodeType>HEX</CodeType>
      <SubsetCode>85</SubsetCode>
    </NetworkInfo>
    <NetworkInfo>
      <MCCMNC>23410</MCCMNC>
      <NetworkName>O2 Pay &amp; Go</NetworkName>
      <NWID>NW00886</NWID>
      <CodeType>HEX</CodeType>
      <SubsetCode>61</SubsetCode>
    </NetworkInfo>
    <NetworkInfo>
      <MCCMNC>23410</MCCMNC>
      <NetworkName>O2 Pay &amp; Go</NetworkName>
      <NWID>NW00886</NWID>
      <CodeType>HEX</CodeType>
      <SubsetCode>99</SubsetCode>
    </NetworkInfo>
    <NetworkInfo>
      <MCCMNC>23410</MCCMNC>
      <NetworkName>O2 Pay &amp; Go</NetworkName>
      <NWID>NW00886</NWID>
      <CodeType>HEX</CodeType>
      <SubsetCode>67</SubsetCode>
    </NetworkInfo>
    <NetworkInfo>
      <MCCMNC>23410</MCCMNC>
      <NetworkName>Testbed</NetworkName>
      <NWID>NW01290</NWID>
      <SPCode>995</SPCode>
    </NetworkInfo>
    <NetworkInfo>
      <MCCMNC>23410</MCCMNC>
      <NetworkName>Testbed</NetworkName>
      <NWID>NW01290</NWID>
      <SPCode>997</SPCode>
    </NetworkInfo>
  </GeneralInfo>
  <Settings>
    <Main>
      <Security>
        <OneSIMLock>none</OneSIMLock>
        <SeparateLock>none</SeparateLock>
      </Security>
      <Network>
        <NbFastDormancy>8</NbFastDormancy>
        <FastDormancy>
          <NetworkName>O2 Pay Monthly</NetworkName>
          <FastDormancyEnableStatus>off</FastDormancyEnableStatus>
          <LCDStatus>on</LCDStatus>
        </FastDormancy>
        <FastDormancy>
          <NetworkName>O2 Pay Monthly</NetworkName>
          <FastDormancyEnableStatus>off</FastDormancyEnableStatus>
          <LCDStatus>off</LCDStatus>
        </FastDormancy>
        <FastDormancy>
          <NetworkName>O2 Pay &amp; Go</NetworkName>
          <FastDormancyEnableStatus>off</FastDormancyEnableStatus>
          <LCDStatus>on</LCDStatus>
        </FastDormancy>
        <FastDormancy>
          <NetworkName>O2 Pay &amp; Go</NetworkName>
          <FastDormancyEnableStatus>off</FastDormancyEnableStatus>
          <LCDStatus>off</LCDStatus>
        </FastDormancy>
        <FastDormancy>
          <NetworkName>O2 Pay Monthly</NetworkName>
          <FastDormancyEnableStatus>on</FastDormancyEnableStatus>
          <LCDStatus>on</LCDStatus>
          <Version>rel8</Version>
        </FastDormancy>
        <FastDormancy>
          <NetworkName>O2 Pay Monthly</NetworkName>
          <FastDormancyEnableStatus>on</FastDormancyEnableStatus>
          <LCDStatus>off</LCDStatus>
          <Version>rel8</Version>
        </FastDormancy>
        <FastDormancy>
          <NetworkName>O2 Pay &amp; Go</NetworkName>
          <FastDormancyEnableStatus>on</FastDormancyEnableStatus>
          <LCDStatus>on</LCDStatus>
          <Version>rel8</Version>
        </FastDormancy>
        <FastDormancy>
          <NetworkName>O2 Pay &amp; Go</NetworkName>
          <FastDormancyEnableStatus>on</FastDormancyEnableStatus>
          <LCDStatus>off</LCDStatus>
          <Version>rel8</Version>
        </FastDormancy>
        <NbSOSNumber>3</NbSOSNumber>
        <SOSNumber>999</SOSNumber>
        <SOSNumber>112</SOSNumber>
        <SOSNumber>911</SOSNumber>
      </Network>
      <Sound>
        <ExtraSound>
          <ConnectTone>off</ConnectTone>
          <CallEndTone>off</CallEndTone>
        </ExtraSound>
      </Sound>
      <Phone>
        <DefLanguage>en_GB</DefLanguage>
        <DefLanguageNoSIM>en_GB</DefLanguageNoSIM>
        <DateTimeFormat>
          <DateFormat>ddmmyyyy</DateFormat>
          <TimeFormat>24h</TimeFormat>
        </DateTimeFormat>
      </Phone>
    </Main>
    <Messages>
      <NbVoicemail>1</NbVoicemail>
      <Voicemail>
        <NetworkName>default</NetworkName>
        <TelNum>901</TelNum>
      </Voicemail>
      <PushMsg>
        <RecOption>on</RecOption>
        <PushLoading>always</PushLoading>
      </PushMsg>
      <SMS>
        <DeliveryReport>off</DeliveryReport>
        <MsgTypeThreshold>
          <ThresholdValue>13</ThresholdValue>
          <ThresholdType>pagecount</ThresholdType>
        </MsgTypeThreshold>
        <CharSupport>gsmalpha</CharSupport>
        <CellBroadcast>off</CellBroadcast>
        <PreviewMessage>on</PreviewMessage>
      </SMS>
      <MMS>
        <MMSVersion>1.2</MMSVersion>
        <MmsSending>
          <ReqReadRep>off</ReqReadRep>
          <MessageSize>300</MessageSize>
          <CreationMode>free</CreationMode>
        </MmsSending>
        <MmsReceiving>
          <Home>auto</Home>
          <Roaming>manual</Roaming>
        </MmsReceiving>
      </MMS>
      <Email>
        <EmailReceiving>
          <KeepServer>on</KeepServer>
        </EmailReceiving>
      </Email>
    </Messages>
    <ActiveSync>
      <Signature>Sent from Samsung Mobile on O2</Signature>
    </ActiveSync>
    <Browser>
      <NbBookmark>7</NbBookmark>
      <Bookmark>
        <NetworkName>default</NetworkName>
        <Editable>yes</Editable>
        <Index>1</Index>
        <BookmarkName>O2 Home</BookmarkName>
        <URL>http://www.o2.co.uk</URL>
      </Bookmark>
      <Bookmark>
        <NetworkName>default</NetworkName>
        <Editable>yes</Editable>
        <Index>2</Index>
        <BookmarkName>O2 Shop</BookmarkName>
        <URL>http://www.o2.co.uk/shop</URL>
      </Bookmark>
      <Bookmark>
        <NetworkName>default</NetworkName>
        <Editable>yes</Editable>
        <Index>3</Index>
        <BookmarkName>My O2</BookmarkName>
        <URL>http://www.o2.co.uk/apps/my-o2</URL>
      </Bookmark>
      <Bookmark>
        <NetworkName>default</NetworkName>
        <Editable>yes</Editable>
        <Index>4</Index>
        <BookmarkName>Priority</BookmarkName>
        <URL>https://priority.o2.co.uk</URL>
      </Bookmark>
      <Bookmark>
        <NetworkName>default</NetworkName>
        <Editable>yes</Editable>
        <Index>5</Index>
        <BookmarkName>O2 Guru</BookmarkName>
        <URL>http://www.o2.co.uk/help/guru</URL>
      </Bookmark>
      <Bookmark>
        <NetworkName>default</NetworkName>
        <Editable>yes</Editable>
        <Index>6</Index>
        <BookmarkName>Google</BookmarkName>
        <URL>http://www.google.co.uk/m?client={CID}&amp;source=android-home</URL>
      </Bookmark>
      <Bookmark>
        <NetworkName>default</NetworkName>
        <Editable>yes</Editable>
        <Index>7</Index>
        <BookmarkName>Galaxy Shop</BookmarkName>
        <URL>https://www.samsung.com/galaxy-shop/?cid=global_owned_app_s-internet_none_none_bookmark_bookmark_202008_none</URL>
      </Bookmark>
      <eManual>
        <URL>http://www.samsung.com/m-manual/common</URL>
      </eManual>
    </Browser>
    <NbWifiProfile>2</NbWifiProfile>
    <WifiProfile>
      <NetworkName>O2 Pay Monthly</NetworkName>
      <WifiSSID>Wifi Extra</WifiSSID>
      <WifiKeyMgmt>WPA-EAP IEEE8021X</WifiKeyMgmt>
      <WifiEAPMethod>sim</WifiEAPMethod>
      <WifiPriority>1</WifiPriority>
    </WifiProfile>
    <WifiProfile>
      <NetworkName>O2 Pay &amp; Go</NetworkName>
      <WifiSSID>Wifi Extra</WifiSSID>
      <WifiKeyMgmt>WPA-EAP IEEE8021X</WifiKeyMgmt>
      <WifiEAPMethod>sim</WifiEAPMethod>
      <WifiPriority>1</WifiPriority>
    </WifiProfile>
    <Connections>
      <NbProfileHandle>3</NbProfileHandle>
      <ProfileHandle>
        <NbNetProfile>3</NbNetProfile>
        <NetworkName>O2 Pay Monthly</NetworkName>
        <ProfBrowser>O2 Pay Monthly</ProfBrowser>
        <ProfMMS>O2 MMS</ProfMMS>
        <ProfIMS>IMS</ProfIMS>
        <ProfXCAP>O2 Pay Monthly</ProfXCAP>
      </ProfileHandle>
      <ProfileHandle>
        <NbNetProfile>2</NbNetProfile>
        <NetworkName>O2 Pay &amp; Go</NetworkName>
        <ProfBrowser>O2 Pay As You Go</ProfBrowser>
        <ProfMMS>O2 MMS</ProfMMS>
      </ProfileHandle>
      <ProfileHandle>
        <NbNetProfile>3</NbNetProfile>
        <NetworkName>Testbed</NetworkName>
        <ProfBrowser>O2 Pay Monthly Lab</ProfBrowser>
        <ProfMMS>O2 MMS</ProfMMS>
        <ProfIMS>IMS</ProfIMS>
        <ProfXCAP>O2 Pay Monthly Lab</ProfXCAP>
      </ProfileHandle>
      <NbProfile>8</NbProfile>
      <Profile>
        <NetworkName>O2 Pay Monthly</NetworkName>
        <Editable>no</Editable>
        <ProfileName>O2 MMS</ProfileName>
        <URL>http://mmsc.mms.o2.co.uk:8002</URL>
        <Auth>normal</Auth>
        <Protocol>http</Protocol>
        <MTUSize>1500</MTUSize>
        <Proxy>
          <EnableFlag>off</EnableFlag>
        </Proxy>
        <PSparam>
          <APN>mobile.o2.co.uk</APN>
          <UserId>o2</UserId>
          <Password>p</Password>
        </PSparam>
      </Profile>
      <Profile>
        <NetworkName>O2 Pay Monthly</NetworkName>
        <Editable>no</Editable>
        <ProfileName>O2 Pay Monthly</ProfileName>
        <URL>http://www.o2.co.uk</URL>
        <Auth>normal</Auth>
        <Protocol>http</Protocol>
        <MTUSize>1500</MTUSize>
        <Proxy>
          <EnableFlag>off</EnableFlag>
        </Proxy>
        <PSparam>
          <APN>mobile.o2.co.uk</APN>
          <UserId>o2</UserId>
          <Password>p</Password>
        </PSparam>
      </Profile>
      <Profile>
        <NetworkName>O2 Pay &amp; Go</NetworkName>
        <Editable>no</Editable>
        <ProfileName>O2 Pay As You Go</ProfileName>
        <URL>http://www.o2.co.uk</URL>
        <Auth>normal</Auth>
        <Protocol>http</Protocol>
        <MTUSize>1500</MTUSize>
        <Proxy>
          <EnableFlag>off</EnableFlag>
        </Proxy>
        <PSparam>
          <APN>payandgo.o2.co.uk</APN>
          <UserId>o2</UserId>
          <Password>p</Password>
        </PSparam>
      </Profile>
      <Profile>
        <NetworkName>O2 Pay &amp; Go</NetworkName>
        <Editable>no</Editable>
        <ProfileName>O2 MMS</ProfileName>
        <URL>http://mmsc.mms.o2.co.uk:8002</URL>
        <Auth>normal</Auth>
        <Protocol>http</Protocol>
        <MTUSize>1500</MTUSize>
        <Proxy>
          <EnableFlag>off</EnableFlag>
        </Proxy>
        <PSparam>
          <APN>payandgo.o2.co.uk</APN>
          <UserId>o2</UserId>
          <Password>p</Password>
        </PSparam>
      </Profile>
      <Profile>
        <NetworkName>O2 Pay Monthly</NetworkName>
        <IpVersion>ipv4v6</IpVersion>
        <Editable>no</Editable>
        <HiddenStatus>hidden</HiddenStatus>
        <ProfileName>IMS</ProfileName>
        <Auth>normal</Auth>
        <MTUSize>1280</MTUSize>
        <PSparam>
          <APN>ims</APN>
        </PSparam>
      </Profile>
      <Profile>
        <NetworkName>Testbed</NetworkName>
        <Editable>no</Editable>
        <ProfileName>O2 Pay Monthly Lab</ProfileName>
        <URL>http://www.o2.co.uk</URL>
        <Auth>normal</Auth>
        <Protocol>http</Protocol>
        <MTUSize>1500</MTUSize>
        <Proxy>
          <EnableFlag>off</EnableFlag>
        </Proxy>
        <PSparam>
          <APN>mobile.dabserv.ref</APN>
          <UserId>o2</UserId>
          <Password>p</Password>
        </PSparam>
      </Profile>
      <Profile>
        <NetworkName>Testbed</NetworkName>
        <Editable>no</Editable>
        <ProfileName>O2 MMS</ProfileName>
        <URL>http://mmsc.mms.o2.co.uk:8002</URL>
        <Auth>normal</Auth>
        <Protocol>http</Protocol>
        <MTUSize>1500</MTUSize>
        <Proxy>
          <EnableFlag>off</EnableFlag>
        </Proxy>
        <PSparam>
          <APN>mobile.dabserv.ref</APN>
          <UserId>o2</UserId>
          <Password>p</Password>
        </PSparam>
      </Profile>
      <Profile>
        <NetworkName>Testbed</NetworkName>
        <IpVersion>ipv4v6</IpVersion>
        <Editable>no</Editable>
        <HiddenStatus>hidden</HiddenStatus>
        <ProfileName>IMS</ProfileName>
        <Auth>normal</Auth>
        <PSparam>
          <APN>ims</APN>
        </PSparam>
      </Profile>
    </Connections>
  </Settings>
</CustomerData>