<?xml version="1.0" encoding="UTF-8"?>
<CustomerData>
  <GeneralInfo>
    <CSCEdition>ED0004</CSCEdition>
    <Country>The Netherlands</Country>
    <CountryISO>NL</CountryISO>
    <Region>EUR</Region>
    <SalesCode>PHN</SalesCode>
    <NbNetworkInfo>6</NbNetworkInfo>
    <NetworkInfo>
      <MCCMNC>20404</MCCMNC>
      <NetworkName>vodafone NL</NetworkName>
      <NWID>NW01494</NWID>
    </NetworkInfo>
    <NetworkInfo>
      <MCCMNC>20412</MCCMNC>
      <NetworkName>NL Telfort</NetworkName>
      <NWID>NW00869</NWID>
    </NetworkInfo>
    <NetworkInfo>
      <MCCMNC>20416</MCCMNC>
      <NetworkName>T-Mobile NL</NetworkName>
      <NWID>NW01339</NWID>
    </NetworkInfo>
    <NetworkInfo>
      <MCCMNC>20408</MCCMNC>
      <NetworkName>NL KPN</NetworkName>
      <NWID>NW00856</NWID>
    </NetworkInfo>
    <NetworkInfo>
      <MCCMNC>20402</MCCMNC>
      <NetworkName>Tele2</NetworkName>
      <NWID>NW01245</NWID>
      <SPName>Tele2 NL</SPName>
    </NetworkInfo>
    <NetworkInfo>
      <MCCMNC>24007</MCCMNC>
      <NetworkName>Tele2</NetworkName>
      <NWID>NW01245</NWID>
      <SubsetCode>78</SubsetCode>
      <SPName>Tele2 NL</SPName>
    </NetworkInfo>
  </GeneralInfo>
  <Settings>
    <Main>
      <Security>
        <OneSIMLock>none</OneSIMLock>
        <SeparateLock>none</SeparateLock>
      </Security>
      <Network>
        <NbFastDormancy>1</NbFastDormancy>
        <FastDormancy>
          <NetworkName>default</NetworkName>
          <FastDormancyEnableStatus>off</FastDormancyEnableStatus>
        </FastDormancy>
        <NbWbAmr>1</NbWbAmr>
        <WbAmr>
          <NetworkName>default</NetworkName>
          <WbAmrCodec>on</WbAmrCodec>
        </WbAmr>
        <NbSOSNumber>1</NbSOSNumber>
        <SOSNumber>112, 911</SOSNumber>
        <AutoProfile>on</AutoProfile>
        <AutoVoicemail>off</AutoVoicemail>
        <AutoEmailAccount>off</AutoEmailAccount>
        <AutoBookmark>off</AutoBookmark>
        <AutoLink>off</AutoLink>
        <AutoSyncML>off</AutoSyncML>
        <AutoFastDormancy>off</AutoFastDormancy>
        <AutoWbAmr>off</AutoWbAmr>
        <AutoFOTA>off</AutoFOTA>
      </Network>
      <Phone>
        <AlertOnCall>on</AlertOnCall>
        <DefLanguage>nl_NL</DefLanguage>
        <DefLanguageNoSIM>nl_NL</DefLanguageNoSIM>
        <T9Enabling>enable</T9Enabling>
        <T9Language>dutch</T9Language>
        <KeypadType>qwerty</KeypadType>
        <DateTimeFormat>
          <DateFormat>ddmmyyyy</DateFormat>
          <TimeFormat>24h</TimeFormat>
        </DateTimeFormat>
        <Motion>
          <SmartAlert>on</SmartAlert>
        </Motion>
      </Phone>
      <Sound>
        <AMRVoiceCodec>on</AMRVoiceCodec>
      </Sound>
    </Main>
    <Messages>
      <SMS>
        <DeliveryReport>off</DeliveryReport>
        <MsgTypeThreshold>
          <ThresholdValue>10</ThresholdValue>
          <ThresholdType>pagecount</ThresholdType>
        </MsgTypeThreshold>
        <CharSupport>automatic</CharSupport>
        <CellBroadcast>off</CellBroadcast>
        <PreviewMessage>on</PreviewMessage>
      </SMS>
      <Email>
        <EmailReceiving>
          <KeepServer>on</KeepServer>
        </EmailReceiving>
      </Email>
    </Messages>
    <Wifi>
      <WifiEnableStatus>on</WifiEnableStatus>
    </Wifi>
    <Browser>
      <NbBookmark>2</NbBookmark>
      <Bookmark>
        <NetworkName>default</NetworkName>
        <Editable>yes</Editable>
        <BookmarkName>Google</BookmarkName>
        <URL>http://www.google.com/m?client={CID}&amp;source=android-home</URL>
      </Bookmark>
      <Bookmark>
        <NetworkName>default</NetworkName>
        <Editable>yes</Editable>
        <BookmarkName>Galaxy Shop</BookmarkName>
        <URL>https://www.samsung.com/nl/mobile/?cid=nl_owned_app_s-internet_none_none_bookmark_bookmark_202008_none</URL>
      </Bookmark>
      <eManual>
        <URL>http://www.samsung.com/m-manual/common</URL>
      </eManual>
    </Browser>
    <Connections>
      <NbProfileHandle>5</NbProfileHandle>
      <ProfileHandle>
        <NbNetProfile>2</NbNetProfile>
        <NetworkName>vodafone NL</NetworkName>
        <ProfBrowser>Vodafone Internet</ProfBrowser>
        <ProfIMS>IMS</ProfIMS>
        <ProfXCAP>Vodafone Internet</ProfXCAP>
      </ProfileHandle>
      <ProfileHandle>
        <NbNetProfile>1</NbNetProfile>
        <NetworkName>NL Telfort</NetworkName>
        <ProfBrowser>Telfort Internet</ProfBrowser>
      </ProfileHandle>
      <ProfileHandle>
        <NbNetProfile>3</NbNetProfile>
        <NetworkName>T-Mobile NL</NetworkName>
        <ProfBrowser>T-Mobile Internet</ProfBrowser>
        <ProfIMS>T-Mobile IMS</ProfIMS>
        <ProfXCAP>T-Mobile HOS</ProfXCAP>
      </ProfileHandle>
      <ProfileHandle>
        <NbNetProfile>3</NbNetProfile>
        <NetworkName>NL KPN</NetworkName>
        <ProfBrowser>KPN Internet</ProfBrowser>
        <ProfIMS>KPN IMS</ProfIMS>
        <ProfXCAP>KPN XCAP</ProfXCAP>
      </ProfileHandle>
      <ProfileHandle>
        <NbNetProfile>2</NbNetProfile>
        <NetworkName>Tele2</NetworkName>
        <ProfBrowser>Tele2 Internet</ProfBrowser>
        <ProfIMS>Tele2 IMS</ProfIMS>
        <ProfXCAP>Tele2 Internet</ProfXCAP>
      </ProfileHandle>
      <NbProfile>11</NbProfile>
      <Profile>
        <NetworkName>vodafone NL</NetworkName>
        <Editable>yes</Editable>
        <ProfileName>Vodafone Internet</ProfileName>
        <URL>http://mmm.samsung.nl/vodafone</URL>
        <Auth>normal</Auth>
        <Bearer>ps</Bearer>
        <Protocol>http</Protocol>
        <Proxy>
          <EnableFlag>off</EnableFlag>
        </Proxy>
        <PSparam>
          <APN>live.vodafone.com</APN>
          <UserId>vodafone</UserId>
          <Password>vodafone</Password>
        </PSparam>
      </Profile>
      <Profile>
        <NetworkName>vodafone NL</NetworkName>
        <IpVersion>ipv4v6</IpVersion>
        <Editable>yes</Editable>
        <HiddenStatus>hidden</HiddenStatus>
        <ProfileName>IMS</ProfileName>
        <Auth>none</Auth>
        <Protocol>http</Protocol>
        <PSparam>
          <APN>ims</APN>
        </PSparam>
      </Profile>
      <Profile>
        <NetworkName>NL Telfort</NetworkName>
        <IpVersion>ipv4v6</IpVersion>
        <RoamingIpVersion>ipv4v6</RoamingIpVersion>
        <Editable>yes</Editable>
        <ProfileName>Telfort Internet</ProfileName>
        <URL>http://mmm.samsung.nl/telfort</URL>
        <Auth>normal</Auth>
        <Bearer>ps</Bearer>
        <Protocol>http</Protocol>
        <Proxy>
          <EnableFlag>off</EnableFlag>
        </Proxy>
        <PSparam>
          <APN>internet</APN>
        </PSparam>
      </Profile>
      <Profile>
        <NetworkName>T-Mobile NL</NetworkName>
        <IpVersion>ipv4v6</IpVersion>
        <Editable>yes</Editable>
        <ProfileName>T-Mobile Internet</ProfileName>
        <URL>http://mmm.samsung.nl/t-mobile</URL>
        <Auth>normal</Auth>
        <Bearer>ps</Bearer>
        <Protocol>http</Protocol>
        <Proxy>
          <EnableFlag>off</EnableFlag>
        </Proxy>
        <PSparam>
          <APN>smartsites.t-mobile</APN>
        </PSparam>
      </Profile>
      <Profile>
        <NetworkName>NL KPN</NetworkName>
        <IpVersion>ipv4v6</IpVersion>
        <RoamingIpVersion>ipv4v6</RoamingIpVersion>
        <Editable>yes</Editable>
        <ProfileName>KPN Internet</ProfileName>
        <URL>http://mmm.samsung.nl/kpn</URL>
        <Auth>normal</Auth>
        <Bearer>ps</Bearer>
        <Protocol>http</Protocol>
        <Proxy>
          <EnableFlag>off</EnableFlag>
        </Proxy>
        <PSparam>
          <APN>internet</APN>
        </PSparam>
      </Profile>
      <Profile>
        <NetworkName>NL KPN</NetworkName>
        <IpVersion>ipv4v6</IpVersion>
        <Editable>yes</Editable>
        <HiddenStatus>hidden</HiddenStatus>
        <ProfileName>KPN IMS</ProfileName>
        <Auth>none</Auth>
        <Protocol>http</Protocol>
        <PSparam>
          <APN>ims</APN>
        </PSparam>
      </Profile>
      <Profile>
        <NetworkName>NL KPN</NetworkName>
        <IpVersion>ipv4v6</IpVersion>
        <Editable>yes</Editable>
        <HiddenStatus>hidden</HiddenStatus>
        <ProfileName>KPN XCAP</ProfileName>
        <Auth>none</Auth>
        <Protocol>http</Protocol>
        <PSparam>
          <APN>ut</APN>
        </PSparam>
      </Profile>
      <Profile>
        <NetworkName>Tele2</NetworkName>
        <IpVersion>ipv4v6</IpVersion>
        <Editable>yes</Editable>
        <ProfileName>Tele2 Internet</ProfileName>
        <URL>http://mmm.samsung.nl/tele2</URL>
        <Auth>normal</Auth>
        <Bearer>ps</Bearer>
        <Protocol>http</Protocol>
        <Proxy>
          <EnableFlag>off</EnableFlag>
        </Proxy>
        <PSparam>
          <APN>internet.tele2.nl</APN>
        </PSparam>
      </Profile>
      <Profile>
        <NetworkName>Tele2</NetworkName>
        <IpVersion>ipv6</IpVersion>
        <Editable>yes</Editable>
        <HiddenStatus>hidden</HiddenStatus>
        <ProfileName>Tele2 IMS</ProfileName>
        <Auth>none</Auth>
        <Protocol>http</Protocol>
        <PSparam>
          <APN>IMS</APN>
        </PSparam>
      </Profile>
      <Profile>
        <NetworkName>T-Mobile NL</NetworkName>
        <IpVersion>ipv4v6</IpVersion>
        <RoamingIpVersion>ipv4</RoamingIpVersion>
        <Editable>no</Editable>
        <HiddenStatus>hidden</HiddenStatus>
        <ProfileName>T-Mobile HOS</ProfileName>
        <Auth>normal</Auth>
        <Protocol>http</Protocol>
        <Proxy>
          <EnableFlag>off</EnableFlag>
        </Proxy>
        <PSparam>
          <APN>hos</APN>
          <UserId>tmobilemms</UserId>
          <Password>tmobilemms</Password>
        </PSparam>
      </Profile>
      <Profile>
        <NetworkName>T-Mobile NL</NetworkName>
        <IpVersion>ipv4v6</IpVersion>
        <RoamingIpVersion>ipv4</RoamingIpVersion>
        <Editable>yes</Editable>
        <HiddenStatus>hidden</HiddenStatus>
        <ProfileName>T-Mobile IMS</ProfileName>
        <Auth>none</Auth>
        <Protocol>http</Protocol>
        <PSparam>
          <APN>IMS</APN>
        </PSparam>
      </Profile>
    </Connections>
  </Settings>
</CustomerData>