<?xml version="1.0" encoding="UTF-8"?>
<SamsungMobileFeature>
  <Version>ED00005</Version>
  <Country>UNITED KINGDOM</Country>
  <CountryISO>GB</CountryISO>
  <SalesCode>VOD</SalesCode>
  <FeatureSet>
    <CscFeature_Audio_SupportSafeMediaVolumeDialog>TRUE</CscFeature_Audio_SupportSafeMediaVolumeDialog>
    <CscFeature_Common_ConfigSvcProviderForUnknownNumber>whitepages,whitepages,whitepages</CscFeature_Common_ConfigSvcProviderForUnknownNumber>
    <CscFeature_Contact_ConfigImsOpStyle>VOD</CscFeature_Contact_ConfigImsOpStyle>
    <CscFeature_Contact_SupportDuoVideoCall>TRUE</CscFeature_Contact_SupportDuoVideoCall>
    <CscFeature_Email_UseFixedSmtpPortAs>25</CscFeature_Email_UseFixedSmtpPortAs>
    <CscFeature_GMS_SetClientIDBaseCr>android-samsung-ss</CscFeature_GMS_SetClientIDBaseCr>
    <CscFeature_GMS_SetClientIDBaseMs>android-vf-{country}-revc</CscFeature_GMS_SetClientIDBaseMs>
    <CscFeature_GMS_SupportSTSTool>FALSE</CscFeature_GMS_SupportSTSTool>
    <CscFeature_Graphics_DisableGameToolsPublicWIFI>TRUE</CscFeature_Graphics_DisableGameToolsPublicWIFI>
    <CscFeature_Message_EnableReplyAll>TRUE</CscFeature_Message_EnableReplyAll>
    <CscFeature_Message_SupportSuggestedCategory>TRUE</CscFeature_Message_SupportSuggestedCategory>
    <CscFeature_RIL_ConfigSVNVersion>69</CscFeature_RIL_ConfigSVNVersion>
    <CscFeature_RIL_ConfigSpecialPdpFlag>im_cn</CscFeature_RIL_ConfigSpecialPdpFlag>
    <CscFeature_RIL_DisplayAntennaLimited>TRUE</CscFeature_RIL_DisplayAntennaLimited>
    <CscFeature_RIL_SupportEsim>TRUE</CscFeature_RIL_SupportEsim>
    <CscFeature_SetupWizard_DisablePrivacyPolicyAgreement>TRUE</CscFeature_SetupWizard_DisablePrivacyPolicyAgreement>
    <CscFeature_SmartSwitch_ConfigHeadUpNotification>never</CscFeature_SmartSwitch_ConfigHeadUpNotification>
    <CscFeature_SyncML_DeleteCpAfterTryingToInstall>TRUE</CscFeature_SyncML_DeleteCpAfterTryingToInstall>
    <CscFeature_SyncML_DiscardInvalidNetwpinCp>TRUE</CscFeature_SyncML_DiscardInvalidNetwpinCp>
    <CscFeature_SyncML_EnableShowVersionNameAferSuccessfulUpdate>TRUE</CscFeature_SyncML_EnableShowVersionNameAferSuccessfulUpdate>
    <CscFeature_SyncML_HideOmcAppDetailPage>TRUE</CscFeature_SyncML_HideOmcAppDetailPage>
    <CscFeature_SystemUI_ConfigOpBranding5GIcon>5GAvailable,UseOneShapedIcon</CscFeature_SystemUI_ConfigOpBranding5GIcon>
    <CscFeature_VT_ConfigBearer>-CSVT</CscFeature_VT_ConfigBearer>
    <CscFeature_VoiceCall_ConfigOpStyleForHdIcon>VOD_HD</CscFeature_VoiceCall_ConfigOpStyleForHdIcon>
    <CscFeature_VoiceCall_DisableVTOutgoing>TRUE</CscFeature_VoiceCall_DisableVTOutgoing>
    <CscFeature_VoiceCall_EnableCallButtonInFdnList>TRUE</CscFeature_VoiceCall_EnableCallButtonInFdnList>
    <CscFeature_VoiceCall_SupportShowVowifiEndCall>TRUE</CscFeature_VoiceCall_SupportShowVowifiEndCall>
    <CscFeature_VoiceCall_SupportVolteCallBarringPassword>TRUE</CscFeature_VoiceCall_SupportVolteCallBarringPassword>
    <CscFeature_Weather_ConfigCpType>TWC</CscFeature_Weather_ConfigCpType>
    <CscFeature_Web_SetUserAgent>VODA</CscFeature_Web_SetUserAgent>
    <CscFeature_Wifi_ConfigSnsStatus>DEFAULT_ON</CscFeature_Wifi_ConfigSnsStatus>
    <CscFeature_Wifi_EnableWarningPopup4DataBatteryUsage>TRUE</CscFeature_Wifi_EnableWarningPopup4DataBatteryUsage>
    
    <!-- Additions -->
    <CscFeature_Camera_ShutterSoundMenu>TRUE</CscFeature_Camera_ShutterSoundMenu>
    <CscFeature_Setting_EnableMenuBlockCallMsg>TRUE</CscFeature_Setting_EnableMenuBlockCallMsg>
    <CscFeature_SystemUI_SupportRecentAppProtection>TRUE</CscFeature_SystemUI_SupportRecentAppProtection>
    <CscFeature_VoiceCall_ConfigRecording>RecordingAllowed</CscFeature_VoiceCall_ConfigRecording>
    <CscFeature_Message_SupportAntiPhishing>TRUE</CscFeature_Message_SupportAntiPhishing>
    <CscFeature_Message_DisableSpam>TRUE</CscFeature_Message_DisableSpam>
    <CscFeature_Music_SupportPlaybackDuringCall>TRUE</CscFeature_Music_SupportPlaybackDuringCall>
    <CscFeature_Video_SupportPlayDuringCall>TRUE</CscFeature_Video_SupportPlayDuringCall>
    <CscFeature_Camera_EnableCameraDuringCall>TRUE</CscFeature_Camera_EnableCameraDuringCall>
  </FeatureSet>
</SamsungMobileFeature>
