<?xml version="1.0" encoding="UTF-8"?>
<CustomerData>
  <GeneralInfo>
    <CSCEdition>ED0002</CSCEdition>
    <Country>Romania</Country>
    <CountryISO>RO</CountryISO>
    <Region>EUR</Region>
    <SalesCode>ORO</SalesCode>
    <NbNetworkInfo>1</NbNetworkInfo>
    <NetworkInfo>
      <MCCMNC>22610</MCCMNC>
      <NetworkName>RO Orange</NetworkName>
      <NWID>NW01064</NWID>
      <SPName>orange</SPName>
    </NetworkInfo>
  </GeneralInfo>
  <Settings>
    <Main>
      <Security>
        <OneSIMLock>none</OneSIMLock>
      </Security>
      <Network>
        <NbMaxPDP>1</NbMaxPDP>
        <MaxPDP>
          <NetworkName>RO Orange</NetworkName>
        </MaxPDP>
        <NbFastDormancy>2</NbFastDormancy>
        <FastDormancy>
          <NetworkName>RO Orange</NetworkName>
          <FastDormancyEnableStatus>on</FastDormancyEnableStatus>
          <LCDStatus>on</LCDStatus>
        </FastDormancy>
        <FastDormancy>
          <NetworkName>RO Orange</NetworkName>
          <FastDormancyEnableStatus>on</FastDormancyEnableStatus>
          <LCDStatus>off</LCDStatus>
        </FastDormancy>
        <NbWbAmr>1</NbWbAmr>
        <WbAmr>
          <NetworkName>RO Orange</NetworkName>
          <WbAmrCodec>on</WbAmrCodec>
        </WbAmr>
        <NbSOSNumber>2</NbSOSNumber>
        <SOSNumber>112</SOSNumber>
        <SOSNumber>911</SOSNumber>
        <NbSOSNumberNoSIM>3</NbSOSNumberNoSIM>
        <SOSNumberNoSIM>112</SOSNumberNoSIM>
        <SOSNumberNoSIM>999</SOSNumberNoSIM>
        <SOSNumberNoSIM>911</SOSNumberNoSIM>
      </Network>
      <Sound>
        <ExtraSound>
          <ConnectTone>on</ConnectTone>
        </ExtraSound>
      </Sound>
      <Phone>
        <AlertOnCall>on</AlertOnCall>
        <DefLanguage>ro_RO</DefLanguage>
        <DefLanguageNoSIM>ro_RO</DefLanguageNoSIM>
        <T9Enabling>disable</T9Enabling>
        <T9Language>romanian</T9Language>
        <DateTimeFormat>
          <DateFormat>ddmmyyyy</DateFormat>
          <TimeFormat>24h</TimeFormat>
        </DateTimeFormat>
      </Phone>
    </Main>
    <Messages>
      <NbVoicemail>1</NbVoicemail>
      <Voicemail>
        <NetworkName>RO Orange</NetworkName>
        <TelNum>555</TelNum>
      </Voicemail>
      <PushMsg>
        <RecOption>on</RecOption>
      </PushMsg>
      <SMS>
        <DeliveryReport>on</DeliveryReport>
        <MsgTypeThreshold>
          <ThresholdValue>13</ThresholdValue>
          <ThresholdType>pagecount</ThresholdType>
        </MsgTypeThreshold>
        <CharSupport>gsmalpha</CharSupport>
      </SMS>
      <MMS>
        <MmsSending>
          <ReqDeliveryRep>off</ReqDeliveryRep>
          <ReqReadRep>off</ReqReadRep>
          <CreationMode>warning</CreationMode>
        </MmsSending>
        <MmsReceiving>
          <Home>auto</Home>
          <Roaming>manual</Roaming>
        </MmsReceiving>
      </MMS>
      <Email>
        <NbAccount>8</NbAccount>
        <Account>
          <NetworkName>RO Orange</NetworkName>
          <AccountName>Orange Mobile E-mail</AccountName>
          <EmailAddr>@orangemail.ro</EmailAddr>
          <Incoming>
            <MailboxType>pop3</MailboxType>
            <ServAddr>pop.orangemail.ro</ServAddr>
            <Port>110</Port>
          </Incoming>
          <Outgoing>
            <ServAddr>smtp.orangemail.ro</ServAddr>
            <Port>25</Port>
            <SmtpAuth>off</SmtpAuth>
            <Secure>off</Secure>
          </Outgoing>
        </Account>
        <Account>
          <NetworkName>RO Orange</NetworkName>
          <AccountName>Gmail.com</AccountName>
          <EmailAddr>@gmail.com</EmailAddr>
          <Incoming>
            <MailboxType>imap4</MailboxType>
            <ServAddr>imap.gmail.com</ServAddr>
            <Port>993</Port>
            <Secure>ssl</Secure>
          </Incoming>
          <Outgoing>
            <ServAddr>smtp.gmail.com</ServAddr>
            <Port>465</Port>
            <SmtpAuth>on</SmtpAuth>
            <Secure>ssl</Secure>
          </Outgoing>
        </Account>
        <Account>
          <NetworkName>RO Orange</NetworkName>
          <AccountName>Hotmail.com</AccountName>
          <EmailAddr>@hotmail.com</EmailAddr>
          <Incoming>
            <MailboxType>pop3</MailboxType>
            <ServAddr>pop3.live.com</ServAddr>
            <Port>995</Port>
            <Secure>ssl</Secure>
          </Incoming>
          <Outgoing>
            <ServAddr>smtp.live.com</ServAddr>
            <Port>587</Port>
            <SmtpAuth>off</SmtpAuth>
            <Secure>ssl</Secure>
          </Outgoing>
        </Account>
        <Account>
          <NetworkName>RO Orange</NetworkName>
          <AccountName>Yahoo.com</AccountName>
          <EmailAddr>@yahoo.com</EmailAddr>
          <Incoming>
            <MailboxType>pop3</MailboxType>
            <ServAddr>pop.mail.yahoo.com</ServAddr>
            <Port>995</Port>
            <Secure>ssl</Secure>
          </Incoming>
          <Outgoing>
            <ServAddr>smtp.mail.yahoo.com</ServAddr>
            <Port>465</Port>
            <SmtpAuth>on</SmtpAuth>
            <Secure>ssl</Secure>
          </Outgoing>
        </Account>
        <Account>
          <NetworkName>RO Orange</NetworkName>
          <AccountName>Yahoo.co.uk</AccountName>
          <EmailAddr>@yahoo.co.uk</EmailAddr>
          <Incoming>
            <MailboxType>pop3</MailboxType>
            <ServAddr>pop.mail.yahoo.co.uk</ServAddr>
            <Port>995</Port>
            <Secure>ssl</Secure>
          </Incoming>
          <Outgoing>
            <ServAddr>smtp.mail.yahoo.co.uk</ServAddr>
            <Port>465</Port>
            <SmtpAuth>on</SmtpAuth>
            <Secure>ssl</Secure>
          </Outgoing>
        </Account>
        <Account>
          <NetworkName>RO Orange</NetworkName>
          <AccountName>Yahoo.de</AccountName>
          <EmailAddr>@yahoo.de</EmailAddr>
          <Incoming>
            <MailboxType>pop3</MailboxType>
            <ServAddr>pop.mail.yahoo.de</ServAddr>
            <Port>995</Port>
            <Secure>ssl</Secure>
          </Incoming>
          <Outgoing>
            <ServAddr>smtp.mail.yahoo.de</ServAddr>
            <Port>465</Port>
            <SmtpAuth>on</SmtpAuth>
            <Secure>ssl</Secure>
          </Outgoing>
        </Account>
        <Account>
          <NetworkName>RO Orange</NetworkName>
          <AccountName>Yahoo.fr</AccountName>
          <EmailAddr>@yahoo.fr</EmailAddr>
          <Incoming>
            <MailboxType>pop3</MailboxType>
            <ServAddr>pop.mail.yahoo.fr</ServAddr>
            <Port>995</Port>
            <Secure>ssl</Secure>
          </Incoming>
          <Outgoing>
            <ServAddr>smtp.mail.yahoo.fr</ServAddr>
            <Port>465</Port>
            <SmtpAuth>on</SmtpAuth>
            <Secure>ssl</Secure>
          </Outgoing>
        </Account>
        <Account>
          <NetworkName>RO Orange</NetworkName>
          <AccountName>Yahoo.it</AccountName>
          <EmailAddr>@yahoo.it</EmailAddr>
          <Incoming>
            <MailboxType>pop3</MailboxType>
            <ServAddr>pop.mail.yahoo.it</ServAddr>
            <Port>995</Port>
            <Secure>ssl</Secure>
          </Incoming>
          <Outgoing>
            <ServAddr>smtp.mail.yahoo.it</ServAddr>
            <Port>465</Port>
            <SmtpAuth>on</SmtpAuth>
            <Secure>ssl</Secure>
          </Outgoing>
        </Account>
      </Email>
    </Messages>
    <Browser>
      <NbBookmark>10</NbBookmark>
      <Bookmark>
        <NetworkName>RO Orange</NetworkName>
        <Editable>yes</Editable>
        <Index>1</Index>
        <BookmarkName>Portalul Orange pe mobil</BookmarkName>
        <URL>http://wap.orange.ro</URL>
      </Bookmark>
      <Bookmark>
        <NetworkName>RO Orange</NetworkName>
        <Editable>yes</Editable>
        <Index>2</Index>
        <BookmarkName>Video</BookmarkName>
        <URL>http://wap.orange.ro/video</URL>
      </Bookmark>
      <Bookmark>
        <NetworkName>RO Orange</NetworkName>
        <Editable>yes</Editable>
        <Index>3</Index>
        <BookmarkName>Calling Tunes</BookmarkName>
        <URL>http://wap.orange.ro/tonurideasteptare</URL>
      </Bookmark>
      <Bookmark>
        <NetworkName>RO Orange</NetworkName>
        <Editable>yes</Editable>
        <Index>4</Index>
        <BookmarkName>Ringtones</BookmarkName>
        <URL>http://wap.orange.ro/sonerii</URL>
      </Bookmark>
      <Bookmark>
        <NetworkName>RO Orange</NetworkName>
        <Editable>yes</Editable>
        <Index>5</Index>
        <BookmarkName>Games</BookmarkName>
        <URL>http://wap.orange.ro/jocuri</URL>
      </Bookmark>
      <Bookmark>
        <NetworkName>RO Orange</NetworkName>
        <Editable>yes</Editable>
        <Index>6</Index>
        <BookmarkName>Sport</BookmarkName>
        <URL>http://wap.orange.ro/sport</URL>
      </Bookmark>
      <Bookmark>
        <NetworkName>RO Orange</NetworkName>
        <Editable>yes</Editable>
        <Index>7</Index>
        <BookmarkName>News</BookmarkName>
        <URL>http://wap.orange.ro/stiri</URL>
      </Bookmark>
      <Bookmark>
        <NetworkName>RO Orange</NetworkName>
        <Editable>yes</Editable>
        <Index>8</Index>
        <BookmarkName>Business</BookmarkName>
        <URL>http://wap.orange.ro/elc/business?dest=BSP&amp;pagID=10</URL>
      </Bookmark>
      <Bookmark>
        <NetworkName>RO Orange</NetworkName>
        <Editable>yes</Editable>
        <Index>9</Index>
        <BookmarkName>Music Store</BookmarkName>
        <URL>http://wap.orange.ro/musiwave/homePage.php</URL>
      </Bookmark>
      <Bookmark>
        <NetworkName>default</NetworkName>
        <Editable>yes</Editable>
        <BookmarkName>Galaxy Shop</BookmarkName>
        <URL>https://www.samsung.com/ro/mobile/?cid=ro_owned_app_s-internet_none_none_bookmark_bookmark_202008_none</URL>
      </Bookmark>
      <eManual>
        <URL>http://www.samsung.com/m-manual/orange</URL>
      </eManual>
    </Browser>
    <Wifi>
      <NbHs20Profile>1</NbHs20Profile>
      <Hs20Profile>
        <FullyQualifiedDomainName>orange.ro</FullyQualifiedDomainName>
        <FriendlyName>Orange</FriendlyName>
        <Realm>wlan.mnc010.mcc226.3gppnetwork.org</Realm>
        <Eap>AKA</Eap>
        <Imsi>?</Imsi>
      </Hs20Profile>
    </Wifi>
    <Connections>
      <NbProfileHandle>1</NbProfileHandle>
      <ProfileHandle>
        <NbNetProfile>3</NbNetProfile>
        <NetworkName>RO Orange</NetworkName>
        <ProfBrowser>Orange Internet</ProfBrowser>
        <ProfMMS>Orange MMS</ProfMMS>
        <ProfIMS>Orange Voce</ProfIMS>
      </ProfileHandle>
      <NbProfile>3</NbProfile>
      <Profile>
        <NetworkName>RO Orange</NetworkName>
        <Editable>yes</Editable>
        <ProfileName>Orange MMS</ProfileName>
        <URL>http://wap.mms.orange.ro:8002</URL>
        <Auth>normal</Auth>
        <Bearer>ps</Bearer>
        <Protocol>http</Protocol>
        <Proxy>
          <EnableFlag>on</EnableFlag>
          <ServAddr>62.217.247.252</ServAddr>
          <Port>8799</Port>
        </Proxy>
        <PSparam>
          <APN>mms</APN>
          <UserId>mms</UserId>
          <Password>mms</Password>
        </PSparam>
      </Profile>
      <Profile>
        <NetworkName>RO Orange</NetworkName>
        <Editable>yes</Editable>
        <ProfileName>Orange Internet</ProfileName>
        <URL>www.orange.ro#WelcomeToOrange</URL>
        <Auth>none</Auth>
        <Bearer>ps</Bearer>
        <Protocol>http</Protocol>
        <PSparam>
          <APN>net</APN>
        </PSparam>
      </Profile>
      <Profile>
        <NetworkName>RO Orange</NetworkName>
        <IpVersion>ipv6</IpVersion>
        <RoamingIpVersion>ipv6</RoamingIpVersion>
        <Editable>no</Editable>
        <ProfileName>Orange Voce</ProfileName>
        <Auth>none</Auth>
        <Protocol>http</Protocol>
        <PSparam>
          <APN>ims</APN>
        </PSparam>
      </Profile>
    </Connections>
    <IMSSetting>
      <NbSetting>1</NbSetting>
      <Setting>
        <NetworkName>RO Orange</NetworkName>
        <Version>3.0</Version>
        <EnableIMS>true</EnableIMS>
        <VoLTE>
          <EnableVoLTE>true</EnableVoLTE>
          <EnableVoiceoverWIFI>true</EnableVoiceoverWIFI>
          <EnableVideocall>false</EnableVideocall>
          <EnableVoLTEindicator>true</EnableVoLTEindicator>
          <Voice_Domain_Preference_EUTRAN>imspsvoicepreferred</Voice_Domain_Preference_EUTRAN>
          <Emregencycall_Domain>ps</Emregencycall_Domain>
          <SRVCCversion>10</SRVCCversion>
          <SS_Domain_Preference>cs_always</SS_Domain_Preference>
          <SS_CSFBwithIMSerror>false</SS_CSFBwithIMSerror>
          <USSD_Domain_Preference>cs</USSD_Domain_Preference>
          <EnableSMSoverIP>false</EnableSMSoverIP>
        </VoLTE>
        <RCS>
          <EnableRCS>true</EnableRCS>
          <EnableRCSchat>true</EnableRCSchat>
        </RCS>
      </Setting>
    </IMSSetting>
  </Settings>
</CustomerData>