<?xml version="1.0" encoding="UTF-8"?>
<CustomerData>
  <GeneralInfo>
    <CSCEdition>ED0002</CSCEdition>
    <Country>Ireland</Country>
    <CountryISO>IE</CountryISO>
    <Region>EUR</Region>
    <SalesCode>VDI</SalesCode>
    <NbNetworkInfo>1</NbNetworkInfo>
    <NetworkInfo>
      <MCCMNC>27201</MCCMNC>
      <NetworkName>vodafone IE</NetworkName>
      <NWID>NW01489</NWID>
    </NetworkInfo>
  </GeneralInfo>
  <Settings>
    <Main>
      <Security>
        <OneSIMLock>none</OneSIMLock>
        <SeparateLock>none</SeparateLock>
      </Security>
      <Network>
        <NbFastDormancy>4</NbFastDormancy>
        <FastDormancy>
          <NetworkName>vodafone IE</NetworkName>
          <FastDormancyEnableStatus>off</FastDormancyEnableStatus>
          <LCDStatus>on</LCDStatus>
        </FastDormancy>
        <FastDormancy>
          <NetworkName>vodafone IE</NetworkName>
          <FastDormancyEnableStatus>on</FastDormancyEnableStatus>
          <TimeoutValue>5</TimeoutValue>
          <LCDStatus>off</LCDStatus>
        </FastDormancy>
        <FastDormancy>
          <NetworkName>vodafone IE</NetworkName>
          <FastDormancyEnableStatus>off</FastDormancyEnableStatus>
          <LCDStatus>on</LCDStatus>
          <Version>rel8</Version>
        </FastDormancy>
        <FastDormancy>
          <NetworkName>vodafone IE</NetworkName>
          <FastDormancyEnableStatus>on</FastDormancyEnableStatus>
          <TimeoutValue>5</TimeoutValue>
          <LCDStatus>off</LCDStatus>
          <Version>rel8</Version>
        </FastDormancy>
        <NbWbAmr>1</NbWbAmr>
        <WbAmr>
          <NetworkName>vodafone IE</NetworkName>
          <WbAmrCodec>on</WbAmrCodec>
        </WbAmr>
      </Network>
      <Sound>
        <ExtraSound>
          <ConnectTone>off</ConnectTone>
        </ExtraSound>
      </Sound>
      <Phone>
        <DefLanguage>en_IE</DefLanguage>
        <DefLanguageNoSIM>en_IE</DefLanguageNoSIM>
        <ContinuousInput>enable</ContinuousInput>
        <T9Language>english</T9Language>
        <KeypadType>qwerty</KeypadType>
        <DateTimeFormat>
          <DateFormat>ddmmyyyy</DateFormat>
          <TimeFormat>24h</TimeFormat>
        </DateTimeFormat>
      </Phone>
    </Main>
    <Contact>
      <SavePosition>sim</SavePosition>
    </Contact>
    <Messages>
      <NbVoicemail>1</NbVoicemail>
      <Voicemail>
        <NetworkName>vodafone IE</NetworkName>
        <TelNum>171</TelNum>
      </Voicemail>
      <PushMsg>
        <PushLoading>prompt</PushLoading>
      </PushMsg>
      <SMS>
        <MsgTypeThreshold>
          <ThresholdValue>10</ThresholdValue>
          <ThresholdType>pagecount</ThresholdType>
        </MsgTypeThreshold>
      </SMS>
      <MMS>
        <MmsSending>
          <ReqDeliveryRep>off</ReqDeliveryRep>
          <ReqReadRep>off</ReqReadRep>
          <MessageSize>300</MessageSize>
          <CreationMode>free</CreationMode>
        </MmsSending>
        <MmsReceiving>
          <Home>auto</Home>
          <Roaming>manual</Roaming>
        </MmsReceiving>
      </MMS>
      <Email>
        <NbAccount>4</NbAccount>
        <Account>
          <NetworkName>vodafone IE</NetworkName>
          <AccountName>vodafone.ie</AccountName>
          <EmailAddr>@vodafone.ie</EmailAddr>
          <LoginType>username_type</LoginType>
          <Incoming>
            <MailboxType>pop3</MailboxType>
            <ServAddr>pop.vodafone.ie</ServAddr>
            <Port>110</Port>
            <Secure>off</Secure>
          </Incoming>
          <Outgoing>
            <ServAddr>mail.vodafone.ie</ServAddr>
            <Port>25</Port>
            <SmtpAuth>off</SmtpAuth>
            <Secure>off</Secure>
          </Outgoing>
        </Account>
        <Account>
          <NetworkName>vodafone IE</NetworkName>
          <AccountName>Yahoo!</AccountName>
          <EmailAddr>@yahoo.com</EmailAddr>
          <LoginType>username_type</LoginType>
          <Incoming>
            <MailboxType>imap4</MailboxType>
            <ServAddr>vodafone.imap.mail.yahoo.com</ServAddr>
            <Port>993</Port>
          </Incoming>
          <Outgoing>
            <ServAddr>vodafone.smtp.mail.yahoo.com</ServAddr>
            <Port>465</Port>
            <SmtpAuth>on</SmtpAuth>
          </Outgoing>
        </Account>
        <Account>
          <NetworkName>vodafone IE</NetworkName>
          <AccountName>Gmail</AccountName>
          <EmailAddr>@gmail.com</EmailAddr>
          <LoginType>username_type</LoginType>
          <Incoming>
            <MailboxType>imap4</MailboxType>
            <ServAddr>imap.gmail.com</ServAddr>
            <Port>993</Port>
            <Secure>ssl</Secure>
          </Incoming>
          <Outgoing>
            <ServAddr>smtp.gmail.com</ServAddr>
            <Port>465</Port>
            <SmtpAuth>on</SmtpAuth>
            <Secure>ssl</Secure>
          </Outgoing>
        </Account>
        <Account>
          <NetworkName>vodafone IE</NetworkName>
          <AccountName>Yahoo.co.uk</AccountName>
          <EmailAddr>@yahoo.co.uk</EmailAddr>
          <LoginType>username_type</LoginType>
          <Incoming>
            <MailboxType>imap4</MailboxType>
            <ServAddr>vodafone.imap.mail.yahoo.com</ServAddr>
            <Port>993</Port>
            <Secure>ssl</Secure>
          </Incoming>
          <Outgoing>
            <ServAddr>vodafone.smtp.mail.yahoo.com</ServAddr>
            <Port>465</Port>
            <SmtpAuth>on</SmtpAuth>
            <Secure>ssl</Secure>
          </Outgoing>
        </Account>
      </Email>
    </Messages>
    <NbFOTA>1</NbFOTA>
    <FOTA>
      <NetworkName>vodafone IE</NetworkName>
    </FOTA>
    <Browser>
      <NbBookmark>4</NbBookmark>
      <Bookmark>
        <NetworkName>vodafone IE</NetworkName>
        <BookmarkName>My Vodafone</BookmarkName>
        <URL>https://www.vodafone.ie/myv/services/login/index.jsp?redirect=/myv/index.jsp</URL>
      </Bookmark>
      <Bookmark>
        <NetworkName>vodafone IE</NetworkName>
        <BookmarkName>Vodafone Home</BookmarkName>
        <URL>https://n.vodafone.ie</URL>
      </Bookmark>
      <Bookmark>
        <NetworkName>vodafone IE</NetworkName>
        <BookmarkName>Vodafone Ireland</BookmarkName>
        <URL>http://www.vodafone.ie</URL>
      </Bookmark>
      <Bookmark>
        <NetworkName>vodafone IE</NetworkName>
        <Editable>yes</Editable>
        <BookmarkName>Galaxy Shop</BookmarkName>
        <URL>https://www.samsung.com/galaxy-shop/?cid=global_owned_app_s-internet_none_none_bookmark_bookmark_202008_none</URL>
      </Bookmark>
      <eManual>
        <URL>http://www.samsung.com/m-manual/voda</URL>
      </eManual>
    </Browser>
    <GPS>
      <NbAGPS>1</NbAGPS>
      <AGPS>
        <TLS>on</TLS>
        <ServAddr>supl.vodafone.com</ServAddr>
        <Port>7275</Port>
        <SuplVer>2.0</SuplVer>
      </AGPS>
    </GPS>
    <Connections>
      <NbProfileHandle>1</NbProfileHandle>
      <ProfileHandle>
        <NbNetProfile>4</NbNetProfile>
        <NetworkName>vodafone IE</NetworkName>
        <ProfBrowser>Vodafone live!</ProfBrowser>
        <ProfMMS>Vodafone MMS</ProfMMS>
        <ProfIMS>ims</ProfIMS>
        <ProfXCAP>xcap</ProfXCAP>
      </ProfileHandle>
      <NbProfile>4</NbProfile>
      <Profile>
        <NetworkName>vodafone IE</NetworkName>
        <Editable>yes</Editable>
        <ProfileName>Vodafone live!</ProfileName>
        <URL>https://n.vodafone.ie</URL>
        <Auth>none</Auth>
        <Bearer>ps</Bearer>
        <Protocol>http</Protocol>
        <Proxy>
          <EnableFlag>off</EnableFlag>
        </Proxy>
        <PSparam>
          <APN>live.vodafone.com</APN>
        </PSparam>
      </Profile>
      <Profile>
        <NetworkName>vodafone IE</NetworkName>
        <Editable>yes</Editable>
        <ProfileName>Vodafone MMS</ProfileName>
        <URL>http://www.vodafone.ie/mms</URL>
        <Auth>none</Auth>
        <Protocol>http</Protocol>
        <Proxy>
          <EnableFlag>on</EnableFlag>
          <ServAddr>10.24.59.200</ServAddr>
          <Port>80</Port>
        </Proxy>
        <PSparam>
          <APN>mms.vodafone.net</APN>
        </PSparam>
      </Profile>
      <Profile>
        <NetworkName>vodafone IE</NetworkName>
        <Editable>no</Editable>
        <HiddenStatus>hidden</HiddenStatus>
        <ProfileName>ims</ProfileName>
        <Auth>none</Auth>
        <Protocol>http</Protocol>
        <Proxy>
          <EnableFlag>off</EnableFlag>
        </Proxy>
        <PSparam>
          <APN>ims</APN>
        </PSparam>
      </Profile>
      <Profile>
        <NetworkName>vodafone IE</NetworkName>
        <Editable>no</Editable>
        <HiddenStatus>hidden</HiddenStatus>
        <ProfileName>xcap</ProfileName>
        <Auth>none</Auth>
        <Protocol>http</Protocol>
        <Proxy>
          <EnableFlag>off</EnableFlag>
        </Proxy>
        <PSparam>
          <APN>xcap</APN>
        </PSparam>
      </Profile>
    </Connections>
    <IMSSetting>
      <NbSetting>1</NbSetting>
      <Setting>
        <NetworkName>vodafone IE</NetworkName>
        <Version>3.0</Version>
        <EnableIMS>true</EnableIMS>
        <VoLTE>
          <EnableVoLTE>true</EnableVoLTE>
          <EnableVoiceoverWIFI>true</EnableVoiceoverWIFI>
          <EnableVideocall>false</EnableVideocall>
          <EnableVoLTEindicator>false</EnableVoLTEindicator>
          <Voice_Domain_Preference_EUTRAN>imspsvoicepreferred</Voice_Domain_Preference_EUTRAN>
          <Emregencycall_Domain>cs</Emregencycall_Domain>
          <SRVCCversion>10</SRVCCversion>
          <SS_Domain_Preference>ps_always</SS_Domain_Preference>
          <SS_PS_Control_Preference>xcap</SS_PS_Control_Preference>
          <SS_CSFBwithIMSerror>true</SS_CSFBwithIMSerror>
          <USSD_Domain_Preference>cs</USSD_Domain_Preference>
          <EnableSMSoverIP>false</EnableSMSoverIP>
        </VoLTE>
        <RCS>
          <EnableRCS>true</EnableRCS>
          <EnableRCSchat>true</EnableRCSchat>
        </RCS>
      </Setting>
    </IMSSetting>
  </Settings>
</CustomerData>