<?xml version="1.0" encoding="UTF-8"?>
<CustomerData>
  <GeneralInfo>
    <CSCEdition>ED0001</CSCEdition>
    <Country>Austria</Country>
    <CountryISO>AT</CountryISO>
    <Region>EUR</Region>
    <SalesCode>ATO</SalesCode>
    <NbNetworkInfo>40</NbNetworkInfo>
    <NetworkInfo>
      <MCCMNC>23201</MCCMNC>
      <NetworkName>A1</NetworkName>
      <NWID>NW00119</NWID>
    </NetworkInfo>
    <NetworkInfo>
      <MCCMNC>23201</MCCMNC>
      <NetworkName>Red Bull MOBILE</NetworkName>
      <NWID>NW01044</NWID>
    </NetworkInfo>
    <NetworkInfo>
      <MCCMNC>23211</MCCMNC>
      <NetworkName>bob</NetworkName>
      <NWID>NW00223</NWID>
    </NetworkInfo>
    <NetworkInfo>
      <MCCMNC>23203</MCCMNC>
      <NetworkName>T-Mobile A</NetworkName>
      <NWID>NW01333</NWID>
    </NetworkInfo>
    <NetworkInfo>
      <MCCMNC>23205</MCCMNC>
      <NetworkName>3 AT</NetworkName>
      <NWID>NW00006</NWID>
    </NetworkInfo>
    <NetworkInfo>
      <MCCMNC>23207</MCCMNC>
      <NetworkName>tele.ring</NetworkName>
      <NWID>NW01244</NWID>
    </NetworkInfo>
    <NetworkInfo>
      <MCCMNC>23210</MCCMNC>
      <NetworkName>3 AT</NetworkName>
      <NWID>NW00006</NWID>
    </NetworkInfo>
    <NetworkInfo>
      <MCCMNC>23214</MCCMNC>
      <NetworkName>3 AT</NetworkName>
      <NWID>NW00006</NWID>
    </NetworkInfo>
    <NetworkInfo>
      <MCCMNC>23212</MCCMNC>
      <NetworkName>yesss!</NetworkName>
      <NWID>NW01565</NWID>
    </NetworkInfo>
    <NetworkInfo>
      <MCCMNC>23212</MCCMNC>
      <NetworkName>Ge org!</NetworkName>
      <NWID>NW00524</NWID>
      <SPName>Ge org!</SPName>
    </NetworkInfo>
    <NetworkInfo>
      <MCCMNC>23207</MCCMNC>
      <NetworkName>HoT_718</NetworkName>
      <NWID>NW00586</NWID>
      <SPCode>718</SPCode>
    </NetworkInfo>
    <NetworkInfo>
      <MCCMNC>23207</MCCMNC>
      <NetworkName>HoT_76</NetworkName>
      <NWID>NW00587</NWID>
      <SPCode>76</SPCode>
    </NetworkInfo>
    <NetworkInfo>
      <MCCMNC>23207</MCCMNC>
      <NetworkName>HoT_799</NetworkName>
      <NWID>NW00590</NWID>
      <SPCode>799</SPCode>
    </NetworkInfo>
    <NetworkInfo>
      <MCCMNC>23213</MCCMNC>
      <NetworkName>Magenta-T-</NetworkName>
      <NWID>NW01956</NWID>
      <SubsetCode>117</SubsetCode>
    </NetworkInfo>
    <NetworkInfo>
      <MCCMNC>23217</MCCMNC>
      <NetworkName>spusu</NetworkName>
      <NWID>NW01169</NWID>
    </NetworkInfo>
    <NetworkInfo>
      <MCCMNC>20601</MCCMNC>
      <NetworkName>spusu</NetworkName>
      <NWID>NW01169</NWID>
      <SPCode>8859</SPCode>
    </NetworkInfo>
    <NetworkInfo>
      <MCCMNC>20601</MCCMNC>
      <NetworkName>spusu</NetworkName>
      <NWID>NW01169</NWID>
      <SPCode>880039</SPCode>
    </NetworkInfo>
    <NetworkInfo>
      <MCCMNC>20601</MCCMNC>
      <NetworkName>spusu</NetworkName>
      <NWID>NW01169</NWID>
      <SPCode>8800182</SPCode>
    </NetworkInfo>
    <NetworkInfo>
      <MCCMNC>20601</MCCMNC>
      <NetworkName>spusu</NetworkName>
      <NWID>NW01169</NWID>
      <SPCode>8800183</SPCode>
    </NetworkInfo>
    <NetworkInfo>
      <MCCMNC>20601</MCCMNC>
      <NetworkName>spusu</NetworkName>
      <NWID>NW01169</NWID>
      <SPCode>8800184</SPCode>
    </NetworkInfo>
    <NetworkInfo>
      <MCCMNC>20601</MCCMNC>
      <NetworkName>spusu</NetworkName>
      <NWID>NW01169</NWID>
      <SPCode>8800196</SPCode>
    </NetworkInfo>
    <NetworkInfo>
      <MCCMNC>20601</MCCMNC>
      <NetworkName>spusu</NetworkName>
      <NWID>NW01169</NWID>
      <SPCode>8800197</SPCode>
    </NetworkInfo>
    <NetworkInfo>
      <MCCMNC>20601</MCCMNC>
      <NetworkName>spusu</NetworkName>
      <NWID>NW01169</NWID>
      <SPCode>8802200</SPCode>
    </NetworkInfo>
    <NetworkInfo>
      <MCCMNC>20601</MCCMNC>
      <NetworkName>spusu</NetworkName>
      <NWID>NW01169</NWID>
      <SPCode>8802201</SPCode>
    </NetworkInfo>
    <NetworkInfo>
      <MCCMNC>20601</MCCMNC>
      <NetworkName>spusu</NetworkName>
      <NWID>NW01169</NWID>
      <SPCode>8802202</SPCode>
    </NetworkInfo>
    <NetworkInfo>
      <MCCMNC>20601</MCCMNC>
      <NetworkName>spusu</NetworkName>
      <NWID>NW01169</NWID>
      <SPCode>8802203</SPCode>
    </NetworkInfo>
    <NetworkInfo>
      <MCCMNC>20601</MCCMNC>
      <NetworkName>spusu</NetworkName>
      <NWID>NW01169</NWID>
      <SPCode>8802204</SPCode>
    </NetworkInfo>
    <NetworkInfo>
      <MCCMNC>20601</MCCMNC>
      <NetworkName>spusu</NetworkName>
      <NWID>NW01169</NWID>
      <SPCode>8802670</SPCode>
    </NetworkInfo>
    <NetworkInfo>
      <MCCMNC>20601</MCCMNC>
      <NetworkName>spusu</NetworkName>
      <NWID>NW01169</NWID>
      <SPCode>8802671</SPCode>
    </NetworkInfo>
    <NetworkInfo>
      <MCCMNC>20601</MCCMNC>
      <NetworkName>spusu</NetworkName>
      <NWID>NW01169</NWID>
      <SPCode>8802672</SPCode>
    </NetworkInfo>
    <NetworkInfo>
      <MCCMNC>20601</MCCMNC>
      <NetworkName>spusu</NetworkName>
      <NWID>NW01169</NWID>
      <SPCode>8802673</SPCode>
    </NetworkInfo>
    <NetworkInfo>
      <MCCMNC>20601</MCCMNC>
      <NetworkName>spusu</NetworkName>
      <NWID>NW01169</NWID>
      <SPCode>8802674</SPCode>
    </NetworkInfo>
    <NetworkInfo>
      <MCCMNC>24007</MCCMNC>
      <NetworkName>spusu</NetworkName>
      <NWID>NW01169</NWID>
      <SPCode>55610</SPCode>
    </NetworkInfo>
    <NetworkInfo>
      <MCCMNC>24007</MCCMNC>
      <NetworkName>spusu</NetworkName>
      <NWID>NW01169</NWID>
      <SPCode>55615</SPCode>
    </NetworkInfo>
    <NetworkInfo>
      <MCCMNC>24007</MCCMNC>
      <NetworkName>spusu</NetworkName>
      <NWID>NW01169</NWID>
      <SPCode>55611</SPCode>
    </NetworkInfo>
    <NetworkInfo>
      <MCCMNC>24007</MCCMNC>
      <NetworkName>spusu</NetworkName>
      <NWID>NW01169</NWID>
      <SPCode>55612</SPCode>
    </NetworkInfo>
    <NetworkInfo>
      <MCCMNC>24007</MCCMNC>
      <NetworkName>spusu</NetworkName>
      <NWID>NW01169</NWID>
      <SPCode>5563</SPCode>
    </NetworkInfo>
    <NetworkInfo>
      <MCCMNC>24007</MCCMNC>
      <NetworkName>spusu</NetworkName>
      <NWID>NW01169</NWID>
      <SPCode>55613</SPCode>
    </NetworkInfo>
    <NetworkInfo>
      <MCCMNC>24007</MCCMNC>
      <NetworkName>spusu</NetworkName>
      <NWID>NW01169</NWID>
      <SPCode>55614</SPCode>
    </NetworkInfo>
    <NetworkInfo>
      <MCCMNC>23210</MCCMNC>
      <NetworkName>eety</NetworkName>
      <NWID>NW00426</NWID>
      <SPCode>401</SPCode>
      <SPName>eety</SPName>
      <GID2>0000</GID2>
    </NetworkInfo>
  </GeneralInfo>
  <Settings>
    <Main>
      <Security>
        <OneSIMLock>none</OneSIMLock>
        <SeparateLock>none</SeparateLock>
      </Security>
      <Network>
        <NbFastDormancy>26</NbFastDormancy>
        <FastDormancy>
          <NetworkName>A1</NetworkName>
          <FastDormancyEnableStatus>on</FastDormancyEnableStatus>
          <TimeoutValue>5</TimeoutValue>
          <LCDStatus>on</LCDStatus>
        </FastDormancy>
        <FastDormancy>
          <NetworkName>A1</NetworkName>
          <FastDormancyEnableStatus>on</FastDormancyEnableStatus>
          <TimeoutValue>5</TimeoutValue>
          <LCDStatus>off</LCDStatus>
        </FastDormancy>
        <FastDormancy>
          <NetworkName>Red Bull MOBILE</NetworkName>
          <FastDormancyEnableStatus>on</FastDormancyEnableStatus>
          <TimeoutValue>5</TimeoutValue>
          <LCDStatus>on</LCDStatus>
        </FastDormancy>
        <FastDormancy>
          <NetworkName>Red Bull MOBILE</NetworkName>
          <FastDormancyEnableStatus>on</FastDormancyEnableStatus>
          <TimeoutValue>5</TimeoutValue>
          <LCDStatus>off</LCDStatus>
        </FastDormancy>
        <FastDormancy>
          <NetworkName>bob</NetworkName>
          <FastDormancyEnableStatus>on</FastDormancyEnableStatus>
          <TimeoutValue>5</TimeoutValue>
          <LCDStatus>on</LCDStatus>
        </FastDormancy>
        <FastDormancy>
          <NetworkName>bob</NetworkName>
          <FastDormancyEnableStatus>on</FastDormancyEnableStatus>
          <TimeoutValue>5</TimeoutValue>
          <LCDStatus>off</LCDStatus>
        </FastDormancy>
        <FastDormancy>
          <NetworkName>yesss!</NetworkName>
          <FastDormancyEnableStatus>on</FastDormancyEnableStatus>
          <TimeoutValue>5</TimeoutValue>
          <LCDStatus>on</LCDStatus>
        </FastDormancy>
        <FastDormancy>
          <NetworkName>yesss!</NetworkName>
          <FastDormancyEnableStatus>on</FastDormancyEnableStatus>
          <TimeoutValue>5</TimeoutValue>
          <LCDStatus>off</LCDStatus>
        </FastDormancy>
        <FastDormancy>
          <NetworkName>Ge org!</NetworkName>
          <FastDormancyEnableStatus>on</FastDormancyEnableStatus>
          <TimeoutValue>5</TimeoutValue>
          <LCDStatus>on</LCDStatus>
        </FastDormancy>
        <FastDormancy>
          <NetworkName>Ge org!</NetworkName>
          <FastDormancyEnableStatus>on</FastDormancyEnableStatus>
          <TimeoutValue>5</TimeoutValue>
          <LCDStatus>off</LCDStatus>
        </FastDormancy>
        <FastDormancy>
          <NetworkName>3 AT</NetworkName>
          <FastDormancyEnableStatus>off</FastDormancyEnableStatus>
          <LCDStatus>off</LCDStatus>
        </FastDormancy>
        <FastDormancy>
          <NetworkName>3 AT</NetworkName>
          <FastDormancyEnableStatus>off</FastDormancyEnableStatus>
          <LCDStatus>on</LCDStatus>
        </FastDormancy>
        <FastDormancy>
          <NetworkName>3 AT</NetworkName>
          <FastDormancyEnableStatus>on</FastDormancyEnableStatus>
          <LCDStatus>off</LCDStatus>
          <Version>rel8</Version>
        </FastDormancy>
        <FastDormancy>
          <NetworkName>3 AT</NetworkName>
          <FastDormancyEnableStatus>on</FastDormancyEnableStatus>
          <LCDStatus>on</LCDStatus>
          <Version>rel8</Version>
        </FastDormancy>
        <FastDormancy>
          <NetworkName>T-Mobile A</NetworkName>
          <FastDormancyEnableStatus>on</FastDormancyEnableStatus>
          <LCDStatus>on</LCDStatus>
        </FastDormancy>
        <FastDormancy>
          <NetworkName>T-Mobile A</NetworkName>
          <FastDormancyEnableStatus>on</FastDormancyEnableStatus>
          <TimeoutValue>3</TimeoutValue>
          <LCDStatus>off</LCDStatus>
        </FastDormancy>
        <FastDormancy>
          <NetworkName>T-Mobile A</NetworkName>
          <FastDormancyEnableStatus>on</FastDormancyEnableStatus>
          <LCDStatus>on</LCDStatus>
          <Version>rel8</Version>
        </FastDormancy>
        <FastDormancy>
          <NetworkName>T-Mobile A</NetworkName>
          <FastDormancyEnableStatus>on</FastDormancyEnableStatus>
          <TimeoutValue>3</TimeoutValue>
          <LCDStatus>off</LCDStatus>
          <Version>rel8</Version>
        </FastDormancy>
        <FastDormancy>
          <NetworkName>tele.ring</NetworkName>
          <FastDormancyEnableStatus>on</FastDormancyEnableStatus>
          <LCDStatus>on</LCDStatus>
        </FastDormancy>
        <FastDormancy>
          <NetworkName>tele.ring</NetworkName>
          <FastDormancyEnableStatus>on</FastDormancyEnableStatus>
          <TimeoutValue>3</TimeoutValue>
          <LCDStatus>off</LCDStatus>
        </FastDormancy>
        <FastDormancy>
          <NetworkName>tele.ring</NetworkName>
          <FastDormancyEnableStatus>on</FastDormancyEnableStatus>
          <LCDStatus>on</LCDStatus>
          <Version>rel8</Version>
        </FastDormancy>
        <FastDormancy>
          <NetworkName>tele.ring</NetworkName>
          <FastDormancyEnableStatus>on</FastDormancyEnableStatus>
          <TimeoutValue>3</TimeoutValue>
          <LCDStatus>off</LCDStatus>
          <Version>rel8</Version>
        </FastDormancy>
        <FastDormancy>
          <NetworkName>spusu</NetworkName>
          <FastDormancyEnableStatus>off</FastDormancyEnableStatus>
          <LCDStatus>off</LCDStatus>
        </FastDormancy>
        <FastDormancy>
          <NetworkName>spusu</NetworkName>
          <FastDormancyEnableStatus>off</FastDormancyEnableStatus>
          <LCDStatus>on</LCDStatus>
        </FastDormancy>
        <FastDormancy>
          <NetworkName>spusu</NetworkName>
          <FastDormancyEnableStatus>on</FastDormancyEnableStatus>
          <LCDStatus>off</LCDStatus>
          <Version>rel8</Version>
        </FastDormancy>
        <FastDormancy>
          <NetworkName>spusu</NetworkName>
          <FastDormancyEnableStatus>on</FastDormancyEnableStatus>
          <LCDStatus>on</LCDStatus>
          <Version>rel8</Version>
        </FastDormancy>
        <NbWbAmr>14</NbWbAmr>
        <WbAmr>
          <NetworkName>A1</NetworkName>
          <WbAmrCodec>on</WbAmrCodec>
        </WbAmr>
        <WbAmr>
          <NetworkName>Red Bull MOBILE</NetworkName>
          <WbAmrCodec>on</WbAmrCodec>
        </WbAmr>
        <WbAmr>
          <NetworkName>bob</NetworkName>
          <WbAmrCodec>on</WbAmrCodec>
        </WbAmr>
        <WbAmr>
          <NetworkName>yesss!</NetworkName>
          <WbAmrCodec>on</WbAmrCodec>
        </WbAmr>
        <WbAmr>
          <NetworkName>Ge org!</NetworkName>
          <WbAmrCodec>on</WbAmrCodec>
        </WbAmr>
        <WbAmr>
          <NetworkName>3 AT</NetworkName>
          <WbAmrCodec>on</WbAmrCodec>
        </WbAmr>
        <WbAmr>
          <NetworkName>T-Mobile A</NetworkName>
          <WbAmrCodec>on</WbAmrCodec>
        </WbAmr>
        <WbAmr>
          <NetworkName>tele.ring</NetworkName>
          <WbAmrCodec>on</WbAmrCodec>
        </WbAmr>
        <WbAmr>
          <NetworkName>HoT_718</NetworkName>
          <WbAmrCodec>on</WbAmrCodec>
        </WbAmr>
        <WbAmr>
          <NetworkName>HoT_76</NetworkName>
          <WbAmrCodec>on</WbAmrCodec>
        </WbAmr>
        <WbAmr>
          <NetworkName>HoT_799</NetworkName>
          <WbAmrCodec>on</WbAmrCodec>
        </WbAmr>
        <WbAmr>
          <NetworkName>spusu</NetworkName>
          <WbAmrCodec>on</WbAmrCodec>
        </WbAmr>
        <WbAmr>
          <NetworkName>Magenta-T-</NetworkName>
          <WbAmrCodec>on</WbAmrCodec>
        </WbAmr>
        <WbAmr>
          <NetworkName>eety</NetworkName>
          <WbAmrCodec>on</WbAmrCodec>
        </WbAmr>
        <NbSOSNumber>2</NbSOSNumber>
        <SOSNumber>112</SOSNumber>
        <SOSNumber>911</SOSNumber>
        <NbSOSNumberNoSIM>8</NbSOSNumberNoSIM>
        <SOSNumberNoSIM>112</SOSNumberNoSIM>
        <SOSNumberNoSIM>911</SOSNumberNoSIM>
        <SOSNumberNoSIM>000</SOSNumberNoSIM>
        <SOSNumberNoSIM>08</SOSNumberNoSIM>
        <SOSNumberNoSIM>110</SOSNumberNoSIM>
        <SOSNumberNoSIM>118</SOSNumberNoSIM>
        <SOSNumberNoSIM>119</SOSNumberNoSIM>
        <SOSNumberNoSIM>999</SOSNumberNoSIM>
        <AutoProfile>on</AutoProfile>
        <AutoVoicemail>off</AutoVoicemail>
        <AutoEmailAccount>off</AutoEmailAccount>
        <AutoBookmark>off</AutoBookmark>
        <AutoLink>off</AutoLink>
        <AutoSyncML>off</AutoSyncML>
        <AutoFastDormancy>on</AutoFastDormancy>
        <AutoWbAmr>on</AutoWbAmr>
        <AutoFOTA>off</AutoFOTA>
      </Network>
      <Phone>
        <DefLanguage>de_AT</DefLanguage>
        <DefLanguageNoSIM>de_AT</DefLanguageNoSIM>
        <T9Enabling>enable</T9Enabling>
        <T9Language>german</T9Language>
        <DateTimeFormat>
          <DateFormat>ddmmyyyy</DateFormat>
          <TimeFormat>24h</TimeFormat>
        </DateTimeFormat>
      </Phone>
    </Main>
    <Contact>
      <SavePosition>ask</SavePosition>
      <ContactSort>lastname</ContactSort>
    </Contact>
    <Messages>
      <SMS>
        <DeliveryReport>off</DeliveryReport>
        <MsgTypeThreshold>
          <ThresholdValue>10</ThresholdValue>
          <ThresholdType>pagecount</ThresholdType>
        </MsgTypeThreshold>
        <CharSupport>automatic</CharSupport>
      </SMS>
      <MMS>
        <MmsSending>
          <ReqDeliveryRep>off</ReqDeliveryRep>
          <ReqReadRep>off</ReqReadRep>
          <CreationMode>free</CreationMode>
        </MmsSending>
        <MmsReceiving>
          <Home>auto</Home>
          <Roaming>manual</Roaming>
        </MmsReceiving>
      </MMS>
    </Messages>
    <NbFOTA>15</NbFOTA>
    <FOTA>
      <NetworkName>A1</NetworkName>
    </FOTA>
    <FOTA>
      <NetworkName>Red Bull MOBILE</NetworkName>
    </FOTA>
    <FOTA>
      <NetworkName>Ge org!</NetworkName>
    </FOTA>
    <FOTA>
      <NetworkName>T-Mobile A</NetworkName>
    </FOTA>
    <FOTA>
      <NetworkName>tele.ring</NetworkName>
    </FOTA>
    <FOTA>
      <NetworkName>3 AT</NetworkName>
    </FOTA>
    <FOTA>
      <NetworkName>yesss!</NetworkName>
    </FOTA>
    <FOTA>
      <NetworkName>bob</NetworkName>
    </FOTA>
    <FOTA>
      <NetworkName>HoT_718</NetworkName>
    </FOTA>
    <FOTA>
      <NetworkName>HoT_76</NetworkName>
    </FOTA>
    <FOTA>
      <NetworkName>HoT_799</NetworkName>
    </FOTA>
    <FOTA>
      <NetworkName>spusu</NetworkName>
    </FOTA>
    <FOTA>
      <NetworkName>Magenta-T-</NetworkName>
    </FOTA>
    <FOTA>
      <NetworkName>Tele2</NetworkName>
    </FOTA>
    <FOTA>
      <NetworkName>eety</NetworkName>
    </FOTA>
    <Browser>
      <NbBookmark>2</NbBookmark>
      <Bookmark>
        <NetworkName>default</NetworkName>
        <Editable>no</Editable>
        <Index>1</Index>
        <BookmarkName>Google</BookmarkName>
        <URL>http://www.google.com/m?client={CID}&amp;source=android-home</URL>
      </Bookmark>
      <Bookmark>
        <NetworkName>default</NetworkName>
        <Editable>yes</Editable>
        <Index>2</Index>
        <BookmarkName>Galaxy Shop</BookmarkName>
        <URL>https://www.samsung.com/at/mobile/?cid=at_owned_app_s-internet_none_none_bookmark_bookmark_202008_none</URL>
      </Bookmark>
      <eManual>
        <URL>http://www.samsung.com/m-manual/common</URL>
      </eManual>
    </Browser>
    <Connections>
      <NbProfileHandle>14</NbProfileHandle>
      <ProfileHandle>
        <NbNetProfile>3</NbNetProfile>
        <NetworkName>A1</NetworkName>
        <ProfBrowser>A1.net</ProfBrowser>
        <ProfMMS>A1 MMS</ProfMMS>
        <ProfIMS>IMS</ProfIMS>
      </ProfileHandle>
      <ProfileHandle>
        <NbNetProfile>2</NbNetProfile>
        <NetworkName>Red Bull MOBILE</NetworkName>
        <ProfBrowser>Internet</ProfBrowser>
        <ProfMMS>MMS</ProfMMS>
      </ProfileHandle>
      <ProfileHandle>
        <NbNetProfile>3</NbNetProfile>
        <NetworkName>T-Mobile A</NetworkName>
        <ProfBrowser>T Internet</ProfBrowser>
        <ProfMMS>HOS</ProfMMS>
        <ProfIMS>IMS</ProfIMS>
        <ProfXCAP>HOS</ProfXCAP>
      </ProfileHandle>
      <ProfileHandle>
        <NbNetProfile>2</NbNetProfile>
        <NetworkName>tele.ring</NetworkName>
        <ProfBrowser>tele.ring web</ProfBrowser>
        <ProfMMS>HOS</ProfMMS>
      </ProfileHandle>
      <ProfileHandle>
        <NbNetProfile>3</NbNetProfile>
        <NetworkName>3 AT</NetworkName>
        <ProfBrowser>Planet 3</ProfBrowser>
        <ProfMMS>3MMS</ProfMMS>
        <ProfIMS>ims</ProfIMS>
        <ProfXCAP>Planet 3</ProfXCAP>
      </ProfileHandle>
      <ProfileHandle>
        <NbNetProfile>2</NbNetProfile>
        <NetworkName>bob</NetworkName>
        <ProfBrowser>data.bob</ProfBrowser>
        <ProfMMS>MMS</ProfMMS>
      </ProfileHandle>
      <ProfileHandle>
        <NbNetProfile>1</NbNetProfile>
        <NetworkName>yesss!</NetworkName>
        <ProfBrowser>Internet</ProfBrowser>
      </ProfileHandle>
      <ProfileHandle>
        <NbNetProfile>1</NbNetProfile>
        <NetworkName>Ge org!</NetworkName>
        <ProfBrowser>Internet</ProfBrowser>
      </ProfileHandle>
      <ProfileHandle>
        <NbNetProfile>2</NbNetProfile>
        <NetworkName>HoT_718</NetworkName>
        <ProfBrowser>0677 web</ProfBrowser>
        <ProfMMS>0677 mms</ProfMMS>
      </ProfileHandle>
      <ProfileHandle>
        <NbNetProfile>2</NbNetProfile>
        <NetworkName>HoT_76</NetworkName>
        <ProfBrowser>0677 web</ProfBrowser>
        <ProfMMS>0677 mms</ProfMMS>
      </ProfileHandle>
      <ProfileHandle>
        <NbNetProfile>2</NbNetProfile>
        <NetworkName>HoT_799</NetworkName>
        <ProfBrowser>0677 web</ProfBrowser>
        <ProfMMS>0677 mms</ProfMMS>
      </ProfileHandle>
      <ProfileHandle>
        <NbNetProfile>1</NbNetProfile>
        <NetworkName>spusu</NetworkName>
        <ProfBrowser>spusu</ProfBrowser>
      </ProfileHandle>
      <ProfileHandle>
        <NbNetProfile>1</NbNetProfile>
        <NetworkName>Magenta-T-</NetworkName>
        <ProfBrowser>T Internet</ProfBrowser>
      </ProfileHandle>
      <ProfileHandle>
        <NbNetProfile>1</NbNetProfile>
        <NetworkName>eety</NetworkName>
        <ProfBrowser>eety</ProfBrowser>
      </ProfileHandle>
      <NbProfile>26</NbProfile>
      <Profile>
        <NetworkName>A1</NetworkName>
        <IpVersion>ipv4v6</IpVersion>
        <Editable>no</Editable>
        <ProfileName>A1.net</ProfileName>
        <URL>http://world.a1.net</URL>
        <Auth>normal</Auth>
        <Bearer>ps</Bearer>
        <Protocol>http</Protocol>
        <PSparam>
          <APN>A1.net</APN>
          <UserId>ppp@a1plus.at</UserId>
          <Password>ppp</Password>
        </PSparam>
      </Profile>
      <Profile>
        <NetworkName>A1</NetworkName>
        <IpVersion>ipv4v6</IpVersion>
        <Editable>no</Editable>
        <ProfileName>IMS</ProfileName>
        <Protocol>http</Protocol>
        <PSparam>
          <APN>IMS</APN>
        </PSparam>
      </Profile>
      <Profile>
        <NetworkName>Red Bull MOBILE</NetworkName>
        <Editable>yes</Editable>
        <ProfileName>Internet</ProfileName>
        <URL>http://m.redbullmobile.at</URL>
        <Auth>normal</Auth>
        <Bearer>ps</Bearer>
        <Protocol>http</Protocol>
        <Proxy>
          <EnableFlag>off</EnableFlag>
        </Proxy>
        <PSparam>
          <APN>A1.net</APN>
          <UserId>ppp@a1plus.at</UserId>
          <Password>ppp</Password>
        </PSparam>
      </Profile>
      <Profile>
        <NetworkName>A1</NetworkName>
        <Editable>no</Editable>
        <ProfileName>A1 MMS</ProfileName>
        <URL>http://mmsc.A1.net</URL>
        <Auth>normal</Auth>
        <Bearer>ps</Bearer>
        <Protocol>http</Protocol>
        <Proxy>
          <EnableFlag>on</EnableFlag>
          <ServAddr>194.48.124.71</ServAddr>
          <Port>8001</Port>
        </Proxy>
        <PSparam>
          <APN>free.A1.net</APN>
          <UserId>ppp@a1plus.at</UserId>
          <Password>ppp</Password>
        </PSparam>
      </Profile>
      <Profile>
        <NetworkName>Red Bull MOBILE</NetworkName>
        <Editable>yes</Editable>
        <ProfileName>MMS</ProfileName>
        <URL>http://mmsc.A1.net</URL>
        <Auth>normal</Auth>
        <Bearer>ps</Bearer>
        <Protocol>http</Protocol>
        <Proxy>
          <EnableFlag>on</EnableFlag>
          <ServAddr>194.48.124.71</ServAddr>
          <Port>8001</Port>
        </Proxy>
        <PSparam>
          <APN>free.A1.net</APN>
          <UserId>ppp@a1plus.at</UserId>
          <Password>ppp</Password>
        </PSparam>
      </Profile>
      <Profile>
        <NetworkName>T-Mobile A</NetworkName>
        <IpVersion>ipv4v6</IpVersion>
        <RoamingIpVersion>ipv4</RoamingIpVersion>
        <Editable>yes</Editable>
        <ProfileName>T Internet</ProfileName>
        <URL>http://www.magenta.at/favoriten</URL>
        <Auth>normal</Auth>
        <Bearer>ps</Bearer>
        <Protocol>http</Protocol>
        <MTUSize>1500</MTUSize>
        <Proxy>
          <EnableFlag>off</EnableFlag>
        </Proxy>
        <PSparam>
          <APN>internet.t-mobile.at</APN>
          <UserId>T</UserId>
          <Password>tm</Password>
        </PSparam>
      </Profile>
      <Profile>
        <NetworkName>T-Mobile A</NetworkName>
        <IpVersion>ipv4v6</IpVersion>
        <RoamingIpVersion>ipv4</RoamingIpVersion>
        <Editable>no</Editable>
        <HiddenStatus>hidden</HiddenStatus>
        <ProfileName>HOS</ProfileName>
        <URL>http://mmsc.t-mobile.at/servlets/mms</URL>
        <Auth>normal</Auth>
        <Bearer>ps</Bearer>
        <Protocol>http</Protocol>
        <MTUSize>1500</MTUSize>
        <Proxy>
          <EnableFlag>on</EnableFlag>
          <ServAddr>10.12.0.20</ServAddr>
          <Port>80</Port>
        </Proxy>
        <PSparam>
          <APN>hos</APN>
          <UserId>t-mobile</UserId>
          <Password>tm</Password>
        </PSparam>
      </Profile>
      <Profile>
        <NetworkName>T-Mobile A</NetworkName>
        <IpVersion>ipv4v6</IpVersion>
        <RoamingIpVersion>ipv4</RoamingIpVersion>
        <Editable>no</Editable>
        <HiddenStatus>hidden</HiddenStatus>
        <ProfileName>IMS</ProfileName>
        <Auth>none</Auth>
        <Protocol>http</Protocol>
        <MTUSize>1500</MTUSize>
        <PSparam>
          <APN>IMS</APN>
        </PSparam>
      </Profile>
      <Profile>
        <NetworkName>Magenta-T-</NetworkName>
        <IpVersion>ipv4v6</IpVersion>
        <RoamingIpVersion>ipv4</RoamingIpVersion>
        <Editable>yes</Editable>
        <ProfileName>T Internet</ProfileName>
        <URL>http://www.magenta.at/favoriten</URL>
        <Auth>normal</Auth>
        <Bearer>ps</Bearer>
        <Protocol>http</Protocol>
        <MTUSize>1500</MTUSize>
        <Proxy>
          <EnableFlag>off</EnableFlag>
        </Proxy>
        <PSparam>
          <APN>internet.t-mobile.at</APN>
          <UserId>T</UserId>
          <Password>tm</Password>
        </PSparam>
      </Profile>
      <Profile>
        <NetworkName>tele.ring</NetworkName>
        <IpVersion>ipv4v6</IpVersion>
        <RoamingIpVersion>ipv4</RoamingIpVersion>
        <Editable>no</Editable>
        <HiddenStatus>hidden</HiddenStatus>
        <ProfileName>HOS</ProfileName>
        <URL>http://relay.mms.telering.at</URL>
        <Auth>normal</Auth>
        <Bearer>ps</Bearer>
        <Protocol>http</Protocol>
        <MTUSize>1500</MTUSize>
        <Proxy>
          <EnableFlag>on</EnableFlag>
          <ServAddr>212.095.031.050</ServAddr>
          <Port>80</Port>
        </Proxy>
        <PSparam>
          <APN>hos</APN>
          <UserId>wap@telering.at</UserId>
          <Password>wap</Password>
        </PSparam>
      </Profile>
      <Profile>
        <NetworkName>tele.ring</NetworkName>
        <IpVersion>ipv4v6</IpVersion>
        <RoamingIpVersion>ipv4</RoamingIpVersion>
        <Editable>yes</Editable>
        <ProfileName>tele.ring web</ProfileName>
        <URL>http://fun.telering.at</URL>
        <Auth>normal</Auth>
        <Bearer>ps</Bearer>
        <Protocol>http</Protocol>
        <MTUSize>1500</MTUSize>
        <Proxy>
          <EnableFlag>off</EnableFlag>
        </Proxy>
        <PSparam>
          <APN>web</APN>
          <UserId>web@telering.at</UserId>
          <Password>web</Password>
        </PSparam>
      </Profile>
      <Profile>
        <NetworkName>3 AT</NetworkName>
        <Editable>yes</Editable>
        <ProfileName>Planet 3</ProfileName>
        <URL>https://mobile.drei.at/redirect/bm_planet3</URL>
        <Auth>none</Auth>
        <Protocol>http</Protocol>
        <MTUSize>1500</MTUSize>
        <Proxy>
          <EnableFlag>off</EnableFlag>
        </Proxy>
        <PSparam>
          <APN>drei.at</APN>
        </PSparam>
      </Profile>
      <Profile>
        <NetworkName>3 AT</NetworkName>
        <Editable>yes</Editable>
        <ProfileName>3MMS</ProfileName>
        <URL>http://mmsc</URL>
        <Auth>none</Auth>
        <Protocol>http</Protocol>
        <MTUSize>1500</MTUSize>
        <Proxy>
          <EnableFlag>on</EnableFlag>
          <ServAddr>213.94.78.133</ServAddr>
          <Port>8799</Port>
        </Proxy>
        <PSparam>
          <APN>drei.at</APN>
        </PSparam>
      </Profile>
      <Profile>
        <NetworkName>3 AT</NetworkName>
        <IpVersion>ipv6</IpVersion>
        <RoamingIpVersion>ipv4v6</RoamingIpVersion>
        <Editable>no</Editable>
        <ProfileName>ims</ProfileName>
        <Auth>none</Auth>
        <Protocol>http</Protocol>
        <MTUSize>1500</MTUSize>
        <Proxy>
          <EnableFlag>off</EnableFlag>
        </Proxy>
        <PSparam>
          <APN>ims</APN>
        </PSparam>
      </Profile>
      <Profile>
        <NetworkName>bob</NetworkName>
        <Editable>yes</Editable>
        <ProfileName>data.bob</ProfileName>
        <URL>http://www.bob.at</URL>
        <Auth>normal</Auth>
        <Bearer>ps</Bearer>
        <Protocol>http</Protocol>
        <Proxy>
          <EnableFlag>off</EnableFlag>
        </Proxy>
        <PSparam>
          <APN>bob.at</APN>
          <UserId>data@bob.at</UserId>
          <Password>ppp</Password>
        </PSparam>
      </Profile>
      <Profile>
        <NetworkName>bob</NetworkName>
        <Editable>yes</Editable>
        <ProfileName>MMS</ProfileName>
        <URL>http://mmsc.bob.at</URL>
        <Auth>normal</Auth>
        <Bearer>ps</Bearer>
        <Protocol>http</Protocol>
        <Proxy>
          <EnableFlag>on</EnableFlag>
          <ServAddr>194.048.124.007</ServAddr>
          <Port>8001</Port>
        </Proxy>
        <PSparam>
          <APN>mms.bob.at</APN>
          <UserId>data@bob.at</UserId>
          <Password>ppp</Password>
        </PSparam>
      </Profile>
      <Profile>
        <NetworkName>yesss!</NetworkName>
        <Editable>yes</Editable>
        <ProfileName>Internet</ProfileName>
        <URL>http://www.yesss.at</URL>
        <Auth>none</Auth>
        <Bearer>ps</Bearer>
        <Protocol>http</Protocol>
        <Proxy>
          <EnableFlag>off</EnableFlag>
        </Proxy>
        <PSparam>
          <APN>webapn.at</APN>
        </PSparam>
      </Profile>
      <Profile>
        <NetworkName>Ge org!</NetworkName>
        <Editable>yes</Editable>
        <ProfileName>Internet</ProfileName>
        <URL>http://www.georg.at</URL>
        <Auth>none</Auth>
        <Bearer>ps</Bearer>
        <Protocol>http</Protocol>
        <Proxy>
          <EnableFlag>off</EnableFlag>
        </Proxy>
        <PSparam>
          <APN>webapn.at</APN>
        </PSparam>
      </Profile>
      <Profile>
        <NetworkName>HoT_718</NetworkName>
        <Editable>yes</Editable>
        <ProfileName>0677 mms</ProfileName>
        <URL>http://mmsaut.at/send</URL>
        <Auth>normal</Auth>
        <Bearer>ps</Bearer>
        <Protocol>http</Protocol>
        <Proxy>
          <EnableFlag>on</EnableFlag>
          <ServAddr>212.95.31.50</ServAddr>
          <Port>80</Port>
        </Proxy>
        <PSparam>
          <APN>mmsaut</APN>
        </PSparam>
      </Profile>
      <Profile>
        <NetworkName>HoT_718</NetworkName>
        <Editable>yes</Editable>
        <ProfileName>0677 web</ProfileName>
        <URL>http://www.hot.at</URL>
        <Proxy>
          <EnableFlag>off</EnableFlag>
        </Proxy>
        <PSparam>
          <APN>webaut</APN>
        </PSparam>
      </Profile>
      <Profile>
        <NetworkName>HoT_76</NetworkName>
        <Editable>yes</Editable>
        <ProfileName>0677 mms</ProfileName>
        <URL>http://mmsaut.at/send</URL>
        <Auth>normal</Auth>
        <Bearer>ps</Bearer>
        <Protocol>http</Protocol>
        <Proxy>
          <EnableFlag>on</EnableFlag>
          <ServAddr>212.95.31.50</ServAddr>
          <Port>80</Port>
        </Proxy>
        <PSparam>
          <APN>mmsaut</APN>
        </PSparam>
      </Profile>
      <Profile>
        <NetworkName>HoT_76</NetworkName>
        <Editable>yes</Editable>
        <ProfileName>0677 web</ProfileName>
        <URL>http://www.hot.at</URL>
        <Proxy>
          <EnableFlag>off</EnableFlag>
        </Proxy>
        <PSparam>
          <APN>webaut</APN>
        </PSparam>
      </Profile>
      <Profile>
        <NetworkName>HoT_799</NetworkName>
        <Editable>yes</Editable>
        <ProfileName>0677 mms</ProfileName>
        <URL>http://mmsaut.at/send</URL>
        <Auth>normal</Auth>
        <Bearer>ps</Bearer>
        <Protocol>http</Protocol>
        <Proxy>
          <EnableFlag>on</EnableFlag>
          <ServAddr>212.95.31.50</ServAddr>
          <Port>80</Port>
        </Proxy>
        <PSparam>
          <APN>mmsaut</APN>
        </PSparam>
      </Profile>
      <Profile>
        <NetworkName>HoT_799</NetworkName>
        <Editable>yes</Editable>
        <ProfileName>0677 web</ProfileName>
        <URL>http://www.hot.at</URL>
        <Proxy>
          <EnableFlag>off</EnableFlag>
        </Proxy>
        <PSparam>
          <APN>webaut</APN>
        </PSparam>
      </Profile>
      <Profile>
        <NetworkName>spusu</NetworkName>
        <ProfileName>spusu</ProfileName>
        <URL>http://mobileinfo.samsung.at</URL>
        <Auth>none</Auth>
        <Bearer>ps</Bearer>
        <Protocol>http</Protocol>
        <Proxy>
          <EnableFlag>off</EnableFlag>
        </Proxy>
        <PSparam>
          <APN>mass.at</APN>
        </PSparam>
      </Profile>
      <Profile>
        <NetworkName>eety</NetworkName>
        <ProfileName>eety</ProfileName>
        <URL>https://www.eety.at</URL>
        <Auth>none</Auth>
        <Proxy>
          <EnableFlag>off</EnableFlag>
        </Proxy>
        <PSparam>
          <APN>eety.at</APN>
        </PSparam>
      </Profile>
    </Connections>
    <IMSSetting>
      <NbSetting>3</NbSetting>
      <Setting>
        <NetworkName>A1</NetworkName>
        <Version>3.0</Version>
        <EnableIMS>true</EnableIMS>
        <VoLTE>
          <EnableVoLTE>true</EnableVoLTE>
          <EnableVoiceoverWIFI>true</EnableVoiceoverWIFI>
          <EnableVideocall>false</EnableVideocall>
          <EnableVoLTEindicator>false</EnableVoLTEindicator>
          <Voice_Domain_Preference_EUTRAN>imspsvoicepreferred</Voice_Domain_Preference_EUTRAN>
          <Emregencycall_Domain>cs</Emregencycall_Domain>
          <SRVCCversion>10</SRVCCversion>
          <SS_Domain_Preference>cs_always</SS_Domain_Preference>
          <SS_PS_Control_Preference>xcap</SS_PS_Control_Preference>
          <SS_CSFBwithIMSerror>true</SS_CSFBwithIMSerror>
          <USSD_Domain_Preference>cs</USSD_Domain_Preference>
          <EnableSMSoverIP>true</EnableSMSoverIP>
        </VoLTE>
      </Setting>
      <Setting>
        <NetworkName>3 AT</NetworkName>
        <Version>3.0</Version>
        <EnableIMS>true</EnableIMS>
        <VoLTE>
          <EnableVoLTE>true</EnableVoLTE>
          <EnableVoiceoverWIFI>true</EnableVoiceoverWIFI>
          <EnableVideocall>true</EnableVideocall>
          <EnableVoLTEindicator>false</EnableVoLTEindicator>
          <Voice_Domain_Preference_EUTRAN>imspsvoicepreferred</Voice_Domain_Preference_EUTRAN>
          <Emregencycall_Domain>ps</Emregencycall_Domain>
          <SRVCCversion>10</SRVCCversion>
          <SS_Domain_Preference>ps_only_volteregied</SS_Domain_Preference>
          <SS_PS_Control_Preference>xcap</SS_PS_Control_Preference>
          <SS_CSFBwithIMSerror>false</SS_CSFBwithIMSerror>
          <USSD_Domain_Preference>pscs</USSD_Domain_Preference>
          <EnableSMSoverIP>true</EnableSMSoverIP>
        </VoLTE>
      </Setting>
      <Setting>
        <NetworkName>T-Mobile A</NetworkName>
        <Version>3.0</Version>
        <EnableIMS>true</EnableIMS>
        <VoLTE>
          <EnableVoLTE>true</EnableVoLTE>
          <EnableVoiceoverWIFI>true</EnableVoiceoverWIFI>
          <EnableVideocall>false</EnableVideocall>
          <EnableVoLTEindicator>false</EnableVoLTEindicator>
          <Voice_Domain_Preference_EUTRAN>imspsvoicepreferred</Voice_Domain_Preference_EUTRAN>
          <Emregencycall_Domain>ps</Emregencycall_Domain>
          <SRVCCversion>10</SRVCCversion>
          <SS_Domain_Preference>ps_only_psregied</SS_Domain_Preference>
          <SS_PS_Control_Preference>xcap</SS_PS_Control_Preference>
          <SS_CSFBwithIMSerror>false</SS_CSFBwithIMSerror>
          <USSD_Domain_Preference>cs</USSD_Domain_Preference>
          <EnableSMSoverIP>true</EnableSMSoverIP>
        </VoLTE>
      </Setting>
    </IMSSetting>
  </Settings>
</CustomerData>